queue_ahead,daily_caller,hour,minute,day_of_week,wait_length
0,1,8,0,4,0
0,2,8,2,4,0
0,3,8,8,4,0
0,4,8,9,4,0
0,5,8,11,4,0
0,6,8,22,4,0
0,7,8,23,4,0
0,8,8,23,4,0
0,9,8,25,4,0
0,10,8,27,4,0
0,11,8,28,4,0
0,12,8,28,4,72
0,13,8,36,4,0
0,14,8,36,4,0
0,15,8,43,4,0
0,16,8,43,4,0
0,17,8,46,4,0
0,18,8,47,4,0
0,19,8,53,4,0
0,20,8,54,4,0
0,21,9,0,4,0
0,22,9,9,4,0
0,23,9,12,4,0
0,24,9,14,4,0
0,25,9,23,4,0
0,26,9,36,4,0
0,27,9,48,4,0
0,28,9,52,4,0
0,29,9,56,4,0
0,30,9,58,4,0
0,31,10,1,4,0
0,32,10,1,4,0
0,33,10,3,4,0
0,34,10,4,4,0
0,35,10,12,4,0
0,36,10,12,4,0
0,37,10,27,4,0
0,38,10,43,4,0
0,39,10,50,4,0
0,40,10,58,4,0
0,41,11,4,4,0
0,42,11,8,4,0
0,43,11,10,4,0
0,44,11,16,4,0
0,45,11,18,4,0
0,46,11,22,4,0
0,47,11,24,4,0
0,48,11,28,4,0
0,49,11,28,4,0
0,50,11,31,4,0
0,51,11,36,4,0
0,52,11,36,4,0
0,53,11,37,4,0
0,54,11,42,4,0
0,55,11,45,4,0
0,56,11,45,4,0
0,57,11,49,4,0
0,58,11,55,4,0
0,59,11,56,4,0
0,60,11,59,4,0
0,61,12,3,4,0
0,62,12,8,4,0
0,63,12,14,4,0
0,64,12,14,4,0
0,65,12,16,4,0
0,66,12,26,4,0
0,67,12,28,4,0
0,68,12,32,4,0
0,69,12,42,4,0
0,70,12,42,4,0
0,71,12,44,4,0
0,72,12,47,4,0
0,73,12,48,4,0
0,74,12,52,4,0
0,75,12,55,4,0
0,76,12,56,4,0
0,77,13,3,4,0
0,78,13,7,4,0
0,79,13,10,4,0
0,80,13,15,4,0
0,81,13,26,4,0
0,82,13,32,4,0
0,83,13,38,4,0
0,84,13,43,4,0
0,85,13,48,4,0
0,86,13,52,4,0
0,87,13,55,4,0
0,88,14,1,4,0
0,89,14,9,4,0
0,90,14,10,4,0
0,91,14,11,4,0
0,92,14,11,4,0
0,93,14,13,4,0
0,94,14,15,4,0
0,95,14,15,4,0
0,96,14,23,4,0
0,97,14,25,4,0
0,98,14,27,4,0
0,99,14,29,4,0
0,100,14,37,4,0
0,101,14,40,4,0
0,102,14,44,4,0
0,103,14,45,4,0
0,104,14,46,4,0
0,105,14,48,4,0
0,106,14,50,4,0
0,107,14,52,4,0
0,108,14,57,4,0
0,109,15,1,4,0
0,110,15,12,4,0
0,111,15,14,4,0
0,112,15,20,4,0
0,113,15,24,4,0
0,114,15,28,4,0
0,115,15,31,4,0
0,116,15,36,4,0
0,117,15,40,4,0
0,118,15,45,4,0
0,119,15,48,4,0
0,120,15,57,4,0
0,121,16,1,4,0
0,122,16,2,4,0
0,123,16,4,4,0
0,124,16,4,4,0
0,125,16,5,4,0
0,126,16,19,4,0
0,127,16,21,4,0
0,128,16,22,4,0
0,129,16,32,4,0
0,130,16,37,4,0
0,131,16,45,4,0
0,132,16,51,4,0
0,133,16,53,4,0
0,134,16,54,4,0
0,135,17,0,4,0
0,136,17,3,4,0
0,137,17,5,4,0
0,138,17,11,4,0
0,139,17,28,4,0
0,140,17,30,4,0
0,141,17,31,4,0
0,142,17,32,4,0
0,143,17,33,4,0
0,144,17,38,4,0
0,145,17,49,4,0
0,146,17,54,4,0
0,1,8,0,0,0
0,2,8,0,0,0
0,3,8,0,0,0
0,4,8,2,0,0
0,5,8,3,0,0
0,6,8,7,0,0
0,7,8,25,0,0
0,8,8,31,0,0
0,9,8,33,0,0
0,10,8,36,0,0
0,11,8,45,0,0
0,12,8,45,0,0
0,13,8,51,0,0
0,14,9,8,0,0
0,15,9,13,0,0
0,16,9,21,0,0
0,17,9,24,0,0
0,18,9,25,0,0
0,19,9,27,0,0
0,20,9,45,0,0
0,21,10,1,0,0
0,22,10,2,0,0
0,23,10,3,0,0
0,24,10,8,0,0
0,25,10,13,0,0
0,26,10,14,0,0
0,27,10,17,0,0
0,28,10,34,0,0
0,29,10,35,0,0
0,30,10,41,0,0
0,31,10,49,0,0
0,32,10,50,0,0
0,33,10,57,0,0
0,34,11,2,0,0
0,35,11,8,0,0
0,36,11,15,0,0
0,37,11,17,0,0
0,38,11,20,0,0
0,39,11,29,0,0
0,40,11,34,0,0
0,41,11,41,0,0
0,42,11,41,0,0
0,43,11,43,0,0
0,44,11,52,0,0
0,45,11,53,0,0
0,46,11,56,0,0
0,47,12,11,0,0
0,48,12,18,0,0
0,49,12,29,0,0
0,50,12,31,0,0
0,51,12,35,0,0
0,52,12,41,0,0
0,53,12,51,0,0
0,54,12,53,0,0
0,55,12,55,0,0
0,56,13,0,0,0
0,57,13,3,0,0
0,58,13,5,0,0
0,59,13,6,0,0
0,60,13,7,0,0
0,61,13,9,0,0
0,62,13,10,0,67
0,63,13,11,0,34
0,64,13,13,0,149
0,65,13,20,0,0
0,66,13,21,0,0
0,67,13,23,0,0
0,68,13,26,0,0
0,69,13,27,0,0
0,70,13,37,0,0
0,71,13,40,0,0
0,72,13,41,0,0
0,73,13,41,0,0
0,74,13,55,0,0
0,75,13,58,0,0
0,76,14,6,0,0
0,77,14,6,0,0
0,78,14,15,0,0
0,79,14,20,0,0
0,80,14,23,0,0
0,81,14,30,0,0
0,82,14,32,0,0
0,83,14,41,0,0
0,84,14,41,0,0
0,85,14,42,0,0
0,86,14,46,0,0
0,87,14,54,0,0
0,88,14,54,0,0
0,89,15,2,0,0
0,90,15,8,0,0
0,91,15,9,0,0
0,92,15,20,0,0
0,93,15,22,0,0
0,94,15,23,0,0
0,95,15,24,0,68
1,96,15,25,0,148
0,97,15,32,0,0
0,98,15,32,0,0
0,99,15,36,0,0
0,100,15,37,0,0
0,101,15,42,0,0
0,102,15,44,0,0
0,103,15,44,0,0
0,104,15,51,0,0
0,105,15,56,0,0
0,106,15,56,0,0
0,107,15,58,0,0
0,108,16,0,0,0
0,109,16,16,0,0
0,110,16,16,0,0
0,111,16,25,0,0
0,112,16,28,0,0
0,113,16,33,0,0
0,114,16,38,0,0
0,115,16,39,0,0
0,117,16,51,0,0
0,116,16,51,0,0
0,118,16,51,0,0
0,119,16,51,0,0
0,120,16,52,0,35
1,121,16,52,0,166
1,122,16,53,0,146
0,123,17,2,0,0
0,124,17,15,0,0
0,125,17,18,0,0
0,126,17,19,0,0
0,127,17,23,0,0
0,128,17,23,0,0
0,129,17,37,0,0
0,130,17,45,0,0
0,131,17,48,0,0
0,132,17,51,0,0
0,133,17,53,0,0
0,134,17,54,0,0
0,135,17,55,0,0
0,1,8,0,1,0
0,2,8,2,1,0
0,3,8,6,1,0
0,4,8,9,1,0
0,5,8,10,1,0
0,6,8,12,1,0
0,7,8,14,1,0
0,8,8,17,1,0
0,9,8,21,1,0
0,10,8,25,1,0
0,11,8,34,1,0
0,12,8,45,1,0
0,13,8,48,1,0
0,14,8,54,1,0
0,15,9,3,1,0
0,16,9,4,1,0
0,17,9,7,1,0
0,18,9,10,1,0
0,19,9,17,1,0
0,20,9,19,1,0
0,21,9,23,1,0
0,22,9,24,1,0
0,23,9,39,1,0
0,24,9,39,1,0
0,25,9,40,1,0
0,26,9,53,1,0
0,27,10,0,1,0
0,28,10,0,1,0
0,29,10,2,1,0
0,30,10,8,1,0
0,31,10,12,1,0
0,32,10,16,1,0
0,33,10,17,1,0
0,34,10,22,1,0
0,35,10,26,1,0
0,36,10,39,1,0
0,37,10,41,1,0
0,38,10,47,1,0
0,39,10,50,1,0
0,40,10,53,1,0
0,41,10,55,1,0
0,42,10,56,1,0
0,43,11,3,1,0
0,44,11,7,1,0
0,45,11,13,1,0
0,46,11,14,1,0
0,47,11,26,1,0
0,48,11,27,1,0
0,49,11,28,1,0
0,50,11,31,1,0
0,51,11,33,1,0
0,52,11,37,1,0
0,53,11,38,1,0
0,54,11,45,1,0
0,55,11,49,1,0
0,56,11,51,1,0
0,57,12,0,1,0
0,58,12,2,1,0
0,59,12,5,1,0
0,60,12,17,1,0
0,61,12,20,1,0
0,62,12,24,1,0
0,63,12,30,1,0
0,64,12,33,1,0
0,65,12,34,1,0
0,66,12,45,1,0
0,67,12,45,1,0
0,68,12,46,1,0
0,69,12,47,1,0
0,70,12,51,1,0
0,71,12,55,1,0
0,72,12,58,1,0
0,73,13,4,1,0
0,74,13,7,1,0
0,75,13,9,1,0
0,76,13,14,1,0
0,77,13,15,1,0
0,78,13,16,1,0
0,79,13,17,1,0
0,80,13,20,1,0
0,81,13,21,1,0
0,82,13,21,1,0
0,83,13,23,1,0
0,84,13,37,1,0
0,85,13,37,1,0
0,86,13,39,1,0
0,87,13,46,1,0
0,88,14,9,1,0
0,89,14,16,1,0
0,90,14,18,1,0
0,91,14,23,1,0
0,92,14,25,1,0
0,93,14,28,1,0
0,94,14,31,1,0
0,95,14,36,1,0
0,96,14,39,1,0
0,97,14,45,1,0
0,98,14,45,1,0
0,99,14,49,1,0
0,100,14,51,1,0
0,101,14,52,1,0
0,102,14,57,1,0
0,103,14,59,1,0
0,104,15,1,1,0
0,105,15,1,1,56
0,106,15,7,1,0
0,107,15,10,1,0
0,108,15,18,1,0
0,109,15,19,1,0
0,110,15,30,1,0
0,111,15,33,1,0
0,112,15,42,1,0
0,113,15,58,1,0
0,114,16,6,1,0
0,115,16,8,1,0
0,116,16,18,1,0
0,117,16,18,1,0
0,118,16,20,1,0
0,119,16,25,1,0
0,120,16,27,1,0
0,121,16,27,1,0
0,122,16,33,1,0
0,123,16,34,1,0
0,124,16,36,1,0
0,125,16,39,1,0
0,126,16,40,1,0
0,127,16,43,1,0
0,128,16,43,1,0
0,129,16,45,1,0
0,130,16,48,1,0
0,131,17,1,1,0
0,132,17,8,1,0
0,133,17,8,1,0
0,134,17,12,1,0
0,135,17,26,1,0
0,136,17,28,1,0
0,137,17,32,1,0
0,138,17,36,1,0
0,139,17,37,1,0
0,140,17,44,1,0
0,141,17,47,1,0
0,143,17,54,1,0
0,1,8,0,2,0
0,2,8,5,2,0
0,3,8,5,2,0
0,4,8,18,2,0
0,5,8,23,2,0
0,6,8,34,2,0
0,7,8,37,2,0
0,8,8,37,2,0
0,9,8,38,2,0
0,10,8,38,2,0
0,11,8,40,2,0
0,12,8,42,2,0
0,13,8,43,2,0
0,14,8,49,2,0
0,15,8,56,2,0
0,16,8,59,2,0
0,17,9,5,2,0
0,18,9,5,2,0
0,19,9,18,2,0
0,20,9,23,2,0
0,21,9,25,2,0
0,22,9,28,2,0
0,23,9,30,2,0
0,24,9,31,2,0
0,25,9,40,2,0
0,26,9,43,2,0
0,27,9,55,2,0
0,28,9,57,2,0
0,29,9,59,2,0
0,30,10,7,2,0
0,31,10,13,2,0
0,32,10,15,2,0
0,33,10,16,2,0
0,34,10,17,2,0
0,35,10,18,2,0
0,36,10,25,2,0
0,37,10,25,2,0
0,38,10,29,2,0
0,39,10,30,2,0
0,40,10,43,2,0
0,41,10,47,2,0
0,42,10,49,2,0
0,43,10,54,2,0
0,44,11,11,2,0
0,45,11,12,2,0
0,46,11,12,2,0
0,47,11,18,2,0
0,48,11,19,2,0
0,49,11,23,2,0
0,50,11,25,2,0
0,51,11,35,2,0
0,52,11,38,2,0
0,53,11,47,2,0
0,54,11,49,2,0
0,55,11,53,2,0
0,56,11,55,2,0
0,57,11,55,2,0
0,58,11,58,2,0
0,59,11,59,2,0
0,60,12,2,2,0
0,61,12,7,2,0
0,62,12,7,2,0
0,63,12,8,2,0
0,64,12,8,2,0
0,65,12,11,2,0
0,66,12,12,2,0
0,67,12,14,2,0
0,68,12,22,2,0
0,69,12,35,2,0
0,70,12,36,2,0
0,71,12,36,2,0
0,72,12,42,2,0
0,73,12,42,2,0
0,74,12,44,2,0
0,75,12,45,2,0
0,76,12,53,2,0
0,77,12,54,2,0
0,78,12,56,2,0
0,79,12,59,2,0
0,80,13,2,2,0
0,81,13,6,2,0
0,82,13,8,2,0
0,83,13,12,2,0
0,84,13,13,2,0
0,85,13,16,2,0
0,86,13,18,2,92
1,87,13,19,2,59
0,88,13,21,2,0
0,89,13,23,2,0
0,90,13,28,2,0
0,91,13,28,2,0
0,92,13,42,2,0
0,93,13,45,2,0
0,94,13,45,2,0
0,95,13,47,2,0
0,96,13,59,2,0
0,97,14,9,2,0
0,98,14,20,2,0
0,99,14,22,2,0
0,100,14,27,2,0
0,101,14,45,2,0
0,102,14,47,2,0
0,103,14,48,2,0
0,104,14,53,2,0
0,105,14,53,2,0
0,106,14,53,2,0
0,107,14,59,2,0
0,108,15,2,2,0
0,109,15,8,2,0
0,110,15,8,2,0
0,111,15,11,2,0
0,112,15,13,2,0
0,113,15,16,2,0
0,114,15,17,2,0
0,115,15,19,2,0
0,116,15,26,2,0
0,117,15,27,2,0
0,118,15,35,2,0
0,119,15,40,2,0
0,120,15,43,2,0
0,121,15,44,2,0
0,122,15,50,2,0
0,123,15,59,2,0
0,124,16,1,2,0
0,125,16,1,2,0
0,126,16,6,2,0
0,127,16,7,2,0
0,128,16,7,2,0
0,129,16,10,2,0
0,130,16,21,2,0
0,131,16,21,2,0
0,132,16,25,2,0
0,133,16,26,2,0
0,134,16,34,2,0
0,135,16,34,2,0
0,136,16,47,2,0
0,137,16,52,2,0
0,138,16,54,2,0
0,139,17,9,2,0
0,140,17,13,2,0
0,141,17,16,2,0
0,142,17,17,2,0
0,143,17,30,2,0
0,144,17,34,2,0
0,145,17,40,2,0
0,146,17,46,2,0
0,147,17,51,2,0
0,148,17,52,2,0
0,149,17,54,2,0
0,150,17,55,2,0
0,1,8,0,3,0
0,2,8,1,3,0
0,3,8,5,3,0
0,4,8,7,3,0
0,5,8,9,3,0
0,6,8,11,3,0
0,7,8,17,3,0
0,8,8,19,3,0
0,9,8,24,3,0
0,10,8,33,3,0
0,11,8,34,3,0
0,12,8,51,3,0
0,13,8,53,3,0
0,14,8,58,3,0
0,15,8,58,3,0
0,16,9,1,3,0
0,17,9,4,3,0
0,18,9,14,3,0
0,19,9,17,3,0
0,20,9,23,3,0
0,21,9,25,3,0
0,22,9,26,3,0
0,23,9,41,3,0
0,24,9,47,3,0
0,25,9,49,3,0
0,26,9,50,3,0
0,27,9,52,3,0
0,28,9,55,3,0
0,29,9,56,3,0
0,30,10,1,3,0
0,31,10,13,3,0
0,32,10,14,3,0
0,33,10,16,3,0
0,34,10,16,3,0
0,35,10,17,3,509
1,36,10,17,3,576
0,37,10,44,3,0
0,38,10,50,3,0
0,39,10,52,3,0
0,40,10,54,3,0
0,41,11,2,3,0
0,42,11,11,3,0
0,43,11,21,3,0
0,44,11,23,3,0
0,45,11,23,3,0
0,46,11,32,3,0
0,47,11,33,3,0
0,48,11,33,3,0
0,49,11,37,3,0
0,50,11,38,3,66
0,51,11,42,3,167
0,52,11,49,3,0
0,53,11,54,3,0
0,54,11,59,3,0
0,55,12,2,3,0
0,56,12,4,3,0
0,57,12,8,3,0
0,58,12,21,3,0
0,59,12,25,3,0
0,60,12,25,3,0
0,61,12,31,3,0
0,62,12,33,3,0
0,63,12,47,3,0
0,64,12,49,3,0
0,65,12,55,3,0
0,66,13,10,3,0
0,67,13,11,3,0
0,68,13,11,3,0
0,69,13,12,3,0
0,70,13,17,3,0
0,71,13,22,3,0
0,72,13,25,3,0
0,73,13,30,3,0
0,74,13,31,3,0
0,75,13,33,3,358
1,76,13,35,3,416
2,77,13,36,3,397
3,78,13,37,3,344
3,79,13,39,3,228
4,80,13,40,3,236
0,81,13,49,3,0
0,82,13,49,3,0
0,83,13,49,3,0
0,84,13,51,3,51
1,85,13,51,3,59
0,86,13,56,3,0
0,87,14,14,3,0
0,88,14,24,3,0
0,89,14,25,3,0
0,90,14,29,3,0
0,91,14,53,3,0
0,92,14,56,3,0
0,93,14,57,3,0
0,94,15,7,3,0
0,95,15,12,3,0
0,96,15,18,3,0
0,97,15,19,3,0
0,98,15,23,3,0
0,99,15,25,3,0
0,100,15,27,3,0
0,101,15,27,3,0
0,102,15,29,3,0
0,103,15,29,3,0
0,104,15,38,3,0
0,105,15,41,3,0
0,106,15,56,3,0
0,107,16,1,3,0
0,108,16,10,3,0
0,109,16,16,3,0
0,110,16,16,3,0
0,111,16,17,3,0
0,112,16,22,3,0
0,113,16,28,3,0
0,114,16,29,3,0
0,115,16,41,3,0
0,116,16,42,3,0
0,117,16,50,3,0
0,118,16,52,3,0
0,119,17,2,3,0
0,120,17,12,3,0
0,121,17,16,3,0
0,122,17,19,3,0
0,123,17,20,3,0
0,124,17,22,3,0
0,125,17,26,3,0
0,126,17,28,3,0
0,127,17,28,3,0
0,128,17,30,3,0
0,129,17,31,3,0
0,130,17,31,3,92
0,131,17,35,3,0
0,132,17,41,3,0
0,133,17,43,3,0
0,1,8,0,4,0
0,2,8,2,4,0
0,3,8,5,4,0
0,4,8,9,4,0
0,5,8,27,4,0
0,6,8,32,4,0
0,7,8,33,4,0
0,8,8,36,4,0
0,9,8,44,4,0
0,10,8,50,4,0
0,11,8,55,4,0
0,12,9,0,4,0
0,13,9,6,4,0
0,14,9,8,4,0
0,15,9,9,4,0
0,16,9,12,4,0
0,17,9,13,4,0
0,18,9,17,4,0
0,19,9,20,4,0
0,20,9,26,4,0
0,21,9,26,4,0
0,22,9,28,4,0
0,23,9,30,4,0
0,24,9,35,4,0
0,25,9,43,4,0
0,26,9,44,4,0
0,27,9,44,4,0
0,28,9,49,4,0
0,29,9,53,4,0
0,30,9,54,4,0
0,31,9,56,4,0
0,32,10,7,4,0
0,33,10,26,4,0
0,34,10,36,4,0
0,35,10,37,4,0
0,36,10,43,4,0
0,37,10,46,4,0
0,38,10,56,4,0
0,39,11,2,4,0
0,40,11,7,4,0
0,41,11,7,4,0
0,42,11,9,4,0
0,43,11,17,4,0
0,44,11,22,4,0
0,45,11,25,4,0
0,46,11,31,4,0
0,47,11,34,4,0
0,48,11,37,4,0
0,49,11,43,4,0
0,50,11,48,4,0
0,51,11,48,4,0
0,52,11,52,4,0
0,53,11,56,4,0
0,54,11,58,4,0
0,55,12,6,4,0
0,56,12,6,4,0
0,57,12,7,4,0
0,58,12,9,4,0
0,59,12,17,4,0
0,60,12,18,4,0
0,61,12,23,4,0
0,62,12,23,4,0
0,63,12,24,4,0
0,64,12,26,4,0
0,65,12,30,4,0
0,66,12,31,4,0
0,67,12,36,4,0
0,68,12,38,4,0
0,69,12,40,4,0
0,70,12,45,4,0
0,71,12,47,4,0
0,72,12,47,4,0
0,73,12,48,4,0
0,74,12,50,4,0
0,75,12,52,4,0
0,76,12,52,4,0
0,77,12,57,4,0
0,78,13,1,4,0
0,79,13,5,4,0
0,80,13,9,4,0
0,81,13,10,4,0
0,82,13,12,4,0
0,83,13,22,4,0
0,84,13,28,4,0
0,85,13,29,4,0
0,86,13,30,4,0
0,87,13,43,4,0
0,88,13,43,4,0
0,89,13,45,4,0
0,90,13,46,4,0
0,91,13,47,4,0
0,92,13,51,4,0
0,93,13,56,4,0
0,94,13,57,4,0
0,95,14,3,4,0
0,96,14,4,4,0
0,97,14,8,4,0
0,98,14,10,4,0
0,99,14,11,4,0
0,100,14,12,4,0
0,101,14,20,4,0
0,102,14,24,4,0
0,103,14,25,4,0
0,104,14,28,4,0
0,105,14,28,4,0
0,106,14,30,4,0
0,107,14,37,4,0
0,108,14,40,4,0
0,109,14,41,4,0
0,110,14,44,4,0
0,111,14,46,4,0
0,112,14,48,4,0
0,113,14,49,4,0
0,114,14,58,4,0
0,115,15,1,4,0
0,116,15,6,4,0
0,117,15,17,4,0
0,118,15,21,4,0
0,119,15,28,4,0
0,120,15,32,4,0
0,121,15,33,4,0
0,122,15,39,4,0
0,123,15,40,4,0
0,124,15,43,4,0
0,125,15,46,4,0
0,126,15,51,4,0
0,127,16,2,4,0
0,128,16,9,4,0
0,129,16,9,4,0
0,130,16,19,4,0
0,131,16,24,4,0
0,132,16,25,4,0
0,133,16,28,4,0
0,134,16,36,4,0
0,135,16,38,4,0
0,136,16,47,4,0
0,137,16,47,4,0
0,138,17,16,4,0
0,139,17,18,4,0
0,140,17,19,4,0
0,141,17,20,4,0
0,142,17,26,4,0
0,143,17,29,4,0
0,144,17,31,4,0
0,145,17,31,4,0
0,146,17,31,4,0
0,147,17,34,4,0
0,148,17,37,4,0
0,149,17,38,4,0
0,150,17,44,4,0
0,151,17,48,4,0
0,152,17,49,4,0
0,153,17,51,4,0
0,154,17,55,4,0
0,1,8,0,0,0
0,2,8,17,0,0
0,3,8,17,0,0
0,4,8,17,0,0
0,5,8,22,0,0
0,6,8,25,0,0
0,7,8,27,0,0
0,8,8,29,0,0
0,9,8,30,0,0
0,10,8,36,0,0
0,11,8,37,0,0
0,12,8,53,0,0
0,13,8,56,0,0
0,14,8,59,0,0
0,15,9,5,0,0
0,16,9,7,0,0
0,17,9,8,0,0
0,18,9,11,0,0
0,19,9,22,0,0
0,20,9,36,0,0
0,21,9,37,0,0
0,22,9,40,0,0
0,23,9,57,0,0
0,24,10,4,0,0
0,25,10,5,0,0
0,26,10,15,0,0
0,27,10,17,0,0
0,28,10,21,0,0
0,29,10,24,0,0
0,30,10,25,0,0
0,31,10,34,0,0
0,32,10,35,0,0
0,33,10,38,0,0
0,34,10,48,0,0
0,35,10,48,0,0
0,36,10,53,0,0
0,37,10,53,0,0
0,38,10,54,0,0
0,39,10,58,0,0
0,40,11,2,0,0
0,41,11,11,0,0
0,42,11,11,0,0
0,43,11,15,0,0
0,44,11,19,0,0
0,45,11,21,0,0
0,46,11,32,0,0
0,47,11,33,0,0
0,48,11,33,0,0
0,49,11,46,0,0
0,50,11,49,0,0
0,51,11,53,0,0
0,52,11,55,0,0
0,53,11,57,0,0
0,54,12,0,0,0
0,55,12,3,0,0
0,56,12,5,0,0
0,57,12,22,0,0
0,58,12,23,0,0
0,59,12,23,0,0
0,60,12,23,0,0
0,61,12,26,0,0
0,62,12,28,0,0
0,63,12,28,0,0
0,64,12,30,0,0
0,65,12,43,0,0
0,66,12,49,0,0
0,67,12,52,0,0
0,68,12,54,0,0
0,69,12,59,0,0
0,70,13,0,0,0
0,71,13,6,0,0
0,72,13,7,0,53
0,73,13,10,0,0
0,74,13,14,0,0
0,75,13,14,0,0
0,76,13,19,0,0
0,77,13,27,0,0
0,78,13,32,0,0
0,79,13,33,0,0
0,80,13,38,0,0
0,81,13,42,0,0
0,82,13,43,0,0
0,83,13,44,0,0
0,84,13,44,0,0
0,85,13,47,0,0
0,86,13,52,0,0
0,87,13,53,0,0
0,88,13,59,0,0
0,89,14,5,0,0
0,90,14,17,0,0
0,91,14,29,0,0
0,92,14,30,0,0
0,93,14,33,0,0
0,94,14,40,0,0
0,95,14,41,0,0
0,96,14,53,0,0
0,97,14,53,0,0
0,98,14,58,0,0
0,99,14,59,0,0
0,100,14,59,0,0
0,101,15,1,0,0
0,102,15,4,0,0
0,103,15,8,0,0
0,104,15,8,0,0
0,105,15,8,0,0
0,106,15,12,0,0
0,107,15,19,0,0
0,108,15,20,0,0
0,109,15,22,0,0
0,110,15,28,0,0
0,111,15,29,0,0
0,112,15,35,0,0
0,113,15,41,0,0
0,114,15,48,0,0
0,115,15,52,0,0
0,116,15,53,0,0
0,117,16,2,0,0
0,118,16,10,0,0
0,119,16,13,0,0
0,120,16,17,0,0
0,121,16,23,0,0
0,122,16,28,0,0
0,123,16,30,0,0
0,124,16,30,0,0
0,125,16,43,0,0
0,126,16,45,0,0
0,127,16,47,0,0
0,128,16,49,0,0
0,129,16,50,0,0
0,130,16,55,0,0
0,131,16,55,0,0
0,132,17,2,0,0
0,133,17,4,0,0
0,134,17,7,0,0
0,135,17,11,0,0
0,136,17,17,0,0
0,137,17,18,0,0
0,138,17,22,0,0
0,139,17,27,0,0
0,140,17,31,0,0
0,141,17,33,0,0
0,142,17,35,0,0
0,143,17,39,0,41
0,144,17,46,0,0
0,145,17,48,0,0
0,146,17,56,0,0
0,1,8,0,1,0
0,2,8,10,1,0
0,3,8,12,1,0
0,4,8,23,1,0
0,5,8,38,1,0
0,6,8,40,1,0
0,7,8,45,1,0
0,8,8,48,1,0
0,9,8,54,1,0
0,10,9,0,1,0
0,11,9,11,1,0
0,12,9,15,1,0
0,13,9,37,1,0
0,14,9,41,1,0
0,15,9,43,1,0
0,16,9,44,1,0
0,17,9,44,1,0
0,18,9,46,1,0
0,19,9,58,1,0
0,20,9,58,1,0
0,21,10,2,1,0
0,22,10,2,1,0
0,23,10,9,1,0
0,24,10,18,1,0
0,25,10,28,1,0
0,26,10,30,1,0
0,27,10,30,1,0
0,28,10,33,1,0
0,29,10,33,1,88
0,30,10,37,1,0
0,31,10,41,1,0
0,32,10,42,1,0
0,33,10,47,1,0
0,34,10,56,1,0
0,35,10,59,1,0
0,36,11,1,1,0
0,37,11,2,1,0
0,38,11,4,1,0
0,39,11,6,1,0
0,40,11,12,1,0
0,41,11,24,1,0
0,42,11,32,1,0
0,43,11,33,1,0
0,44,11,36,1,0
0,45,11,36,1,0
0,46,11,44,1,0
0,47,11,50,1,0
0,48,11,52,1,0
0,49,11,57,1,0
0,50,11,58,1,0
0,51,11,59,1,0
0,52,12,11,1,0
0,53,12,18,1,0
0,54,12,36,1,0
0,55,12,43,1,0
0,56,12,54,1,0
0,57,13,4,1,0
0,58,13,5,1,0
0,59,13,6,1,0
0,60,13,10,1,0
0,61,13,22,1,0
0,62,13,23,1,0
0,63,13,29,1,0
0,64,13,39,1,0
0,65,13,46,1,0
0,66,13,51,1,0
0,67,13,58,1,0
0,68,14,0,1,0
0,69,14,5,1,0
0,70,14,5,1,0
0,71,14,7,1,0
0,72,14,10,1,0
0,73,14,12,1,0
0,74,14,26,1,0
0,75,14,27,1,0
0,76,14,27,1,0
0,77,14,35,1,0
0,78,14,39,1,0
0,79,14,47,1,0
0,80,14,58,1,0
0,81,15,5,1,0
0,82,15,5,1,0
0,83,15,7,1,0
0,84,15,10,1,0
0,85,15,12,1,0
0,86,15,14,1,0
0,87,15,22,1,0
0,88,15,23,1,0
0,89,15,25,1,0
0,90,15,29,1,0
0,91,15,29,1,0
0,92,15,33,1,0
0,93,15,34,1,0
0,94,15,37,1,0
0,95,15,37,1,0
0,96,15,40,1,0
0,97,15,40,1,0
0,98,15,42,1,0
0,99,15,49,1,0
0,100,15,56,1,0
0,101,15,59,1,0
0,102,16,6,1,0
0,103,16,7,1,0
0,104,16,9,1,0
0,105,16,12,1,0
0,106,16,18,1,0
0,107,16,19,1,0
0,108,16,19,1,0
0,109,16,30,1,0
0,110,16,32,1,0
0,111,16,34,1,0
0,112,16,39,1,0
0,113,16,40,1,0
0,114,16,46,1,0
0,115,16,50,1,0
0,116,16,55,1,0
0,117,16,55,1,0
0,118,16,56,1,0
0,119,17,2,1,0
0,120,17,3,1,0
0,121,17,4,1,0
0,122,17,7,1,0
0,123,17,8,1,0
0,124,17,36,1,0
0,125,17,37,1,0
0,126,17,37,1,0
0,127,17,47,1,0
0,128,17,54,1,0
0,129,17,56,1,0
0,1,8,0,2,0
0,2,8,1,2,0
0,3,8,5,2,0
0,4,8,7,2,0
0,5,8,8,2,0
0,6,8,15,2,0
0,7,8,16,2,0
0,8,8,18,2,0
0,9,8,21,2,0
0,10,8,24,2,0
0,11,8,31,2,0
0,12,8,32,2,0
0,13,8,32,2,0
0,14,8,34,2,0
0,15,8,35,2,0
0,16,8,36,2,0
0,17,8,38,2,0
0,18,8,42,2,0
0,19,8,49,2,0
0,20,8,54,2,0
0,21,8,55,2,0
0,22,8,56,2,0
0,23,8,59,2,0
0,24,9,3,2,0
0,25,9,5,2,0
0,26,9,21,2,0
0,27,9,22,2,0
0,28,9,22,2,0
0,29,9,30,2,0
0,30,9,37,2,0
0,31,9,37,2,0
0,32,9,40,2,0
0,33,9,42,2,0
0,34,9,43,2,0
0,35,9,44,2,120
0,36,9,47,2,0
0,37,9,48,2,207
1,38,9,49,2,511
2,39,9,51,2,447
2,40,9,53,2,281
3,41,9,55,2,224
0,42,10,14,2,0
0,43,10,19,2,0
0,44,10,20,2,0
0,45,10,28,2,0
0,46,10,30,2,0
0,47,10,33,2,0
0,48,10,36,2,0
0,49,10,40,2,0
0,50,10,42,2,0
0,51,10,43,2,37
0,52,10,45,2,0
0,53,10,54,2,0
0,54,10,57,2,0
0,55,11,5,2,0
0,56,11,12,2,0
0,57,11,27,2,0
0,58,11,27,2,0
0,59,11,31,2,0
0,60,11,37,2,0
0,61,11,37,2,0
0,62,11,44,2,0
0,63,11,47,2,0
0,64,11,48,2,0
0,65,11,51,2,0
0,66,11,51,2,0
0,67,11,53,2,0
0,68,11,56,2,0
0,69,12,5,2,0
0,70,12,15,2,0
0,71,12,26,2,0
0,72,12,27,2,0
0,73,12,28,2,0
0,74,12,31,2,0
0,75,12,34,2,0
0,76,12,36,2,0
0,77,12,39,2,0
0,78,12,40,2,0
0,79,12,51,2,0
0,80,13,5,2,0
0,81,13,10,2,0
0,82,13,13,2,0
0,83,13,14,2,0
0,84,13,39,2,0
0,85,13,39,2,0
0,86,13,40,2,0
0,87,13,44,2,0
0,88,13,46,2,0
0,89,13,47,2,0
0,90,13,48,2,0
0,91,13,49,2,0
0,92,14,3,2,0
0,93,14,5,2,0
0,94,14,10,2,0
0,95,14,11,2,0
0,96,14,20,2,0
0,97,14,26,2,0
0,98,14,32,2,0
0,99,14,37,2,0
0,100,14,39,2,0
0,101,14,48,2,0
0,102,14,52,2,0
0,103,14,58,2,0
0,104,15,1,2,0
0,105,15,3,2,0
0,106,15,4,2,0
0,107,15,7,2,0
0,108,15,8,2,0
0,109,15,13,2,0
0,110,15,20,2,0
0,111,15,24,2,0
0,112,15,28,2,0
0,113,15,34,2,0
0,114,15,34,2,0
0,115,15,39,2,0
0,116,15,47,2,0
0,117,15,50,2,0
0,118,15,53,2,0
0,119,15,53,2,0
0,120,15,54,2,0
0,121,15,57,2,0
0,122,15,58,2,0
0,123,15,59,2,0
0,124,16,3,2,0
0,125,16,4,2,581
1,126,16,8,2,624
1,127,16,14,2,262
2,128,16,14,2,261
0,129,16,22,2,0
0,130,16,25,2,0
0,131,16,31,2,0
0,132,16,38,2,0
0,133,16,50,2,0
0,134,16,54,2,0
0,135,16,59,2,0
0,136,17,0,2,0
0,137,17,2,2,0
0,138,17,4,2,0
0,139,17,16,2,0
0,140,17,20,2,0
0,141,17,29,2,0
0,142,17,30,2,0
0,143,17,36,2,0
0,144,17,36,2,0
0,145,17,44,2,0
0,146,17,45,2,0
0,147,17,51,2,0
0,1,8,0,3,0
0,2,8,2,3,0
0,3,8,3,3,0
0,4,8,5,3,0
0,5,8,5,3,0
0,6,8,7,3,0
0,7,8,13,3,0
0,8,8,14,3,0
0,9,8,15,3,0
0,10,8,16,3,0
0,11,8,17,3,0
0,12,8,20,3,0
0,13,8,21,3,0
0,14,8,21,3,11
0,15,8,26,3,0
0,16,8,28,3,0
0,17,8,33,3,0
0,18,8,34,3,0
0,19,8,36,3,0
0,20,8,39,3,0
0,21,8,43,3,0
0,22,8,46,3,0
0,23,8,47,3,0
0,24,8,48,3,0
0,25,8,50,3,0
0,26,8,50,3,0
0,27,8,53,3,0
0,28,8,54,3,0
0,29,8,58,3,0
0,30,9,1,3,0
0,31,9,6,3,0
0,32,9,9,3,0
0,33,9,10,3,0
0,34,9,17,3,0
0,35,9,26,3,0
0,36,9,26,3,0
0,37,9,28,3,0
0,38,9,28,3,0
0,39,9,33,3,0
0,40,9,34,3,0
0,41,9,34,3,0
0,42,9,38,3,0
0,43,9,48,3,0
0,44,9,53,3,0
0,45,9,55,3,0
0,46,10,0,3,0
0,47,10,2,3,0
0,48,10,3,3,129
1,49,10,4,3,178
1,50,10,7,3,65
2,51,10,7,3,147
1,52,10,8,3,282
2,53,10,9,3,252
1,54,10,13,3,118
0,55,10,16,3,0
0,56,10,26,3,0
0,57,10,32,3,0
0,58,10,39,3,0
0,59,10,40,3,0
0,60,10,51,3,0
0,61,10,52,3,0
0,62,10,53,3,0
0,63,11,11,3,0
0,64,11,13,3,0
0,65,11,21,3,0
0,66,11,23,3,0
0,67,11,28,3,0
0,68,11,31,3,0
0,69,11,35,3,0
0,70,11,36,3,0
0,71,11,37,3,0
0,72,11,47,3,0
0,73,11,48,3,0
0,74,11,49,3,0
0,75,11,51,3,0
0,76,11,55,3,0
0,77,11,57,3,0
0,78,12,4,3,0
0,79,12,9,3,0
0,80,12,10,3,0
0,81,12,11,3,0
0,82,12,16,3,0
0,83,12,20,3,0
0,84,12,22,3,0
0,85,12,26,3,0
0,86,12,27,3,0
0,87,12,37,3,0
0,88,12,38,3,0
0,89,12,38,3,0
0,90,12,40,3,0
0,91,12,57,3,0
0,92,13,9,3,0
0,93,13,9,3,0
0,94,13,11,3,0
0,95,13,20,3,0
0,96,13,31,3,0
0,97,13,35,3,0
0,98,13,38,3,0
0,99,13,40,3,0
0,100,13,44,3,0
0,101,13,44,3,0
0,102,13,48,3,0
0,103,13,49,3,0
0,104,13,49,3,8
0,105,13,53,3,0
0,106,14,4,3,0
0,107,14,7,3,0
0,108,14,10,3,0
0,109,14,12,3,0
0,110,14,13,3,0
0,111,14,16,3,0
0,112,14,18,3,0
0,113,14,27,3,0
0,114,14,34,3,0
0,115,14,36,3,0
0,116,14,50,3,0
0,117,14,56,3,0
0,118,14,58,3,0
0,119,15,4,3,0
0,120,15,5,3,0
0,121,15,9,3,0
0,122,15,13,3,0
0,123,15,15,3,0
0,124,15,15,3,0
0,125,15,17,3,0
0,126,15,23,3,0
0,127,15,32,3,0
0,128,15,32,3,0
0,129,15,34,3,0
0,130,15,39,3,0
0,131,15,44,3,0
0,132,15,55,3,0
0,133,15,56,3,0
0,134,15,56,3,0
0,135,15,58,3,0
0,136,16,15,3,0
0,137,16,18,3,0
0,138,16,24,3,0
0,139,16,30,3,0
0,140,16,30,3,0
0,141,16,32,3,0
0,142,16,33,3,0
0,143,16,38,3,0
0,144,16,41,3,0
0,145,16,47,3,0
0,146,16,53,3,0
0,147,16,59,3,0
0,148,17,8,3,0
0,149,17,11,3,0
0,150,17,16,3,0
0,151,17,18,3,0
0,152,17,22,3,0
0,153,17,38,3,0
0,154,17,42,3,0
0,1,8,0,4,0
0,2,8,6,4,0
0,3,8,8,4,0
0,4,8,11,4,0
0,5,8,16,4,0
0,6,8,21,4,0
0,7,8,22,4,0
0,8,8,22,4,0
0,9,8,26,4,0
0,10,8,35,4,0
0,11,8,35,4,0
0,12,8,41,4,0
0,13,8,42,4,0
0,14,8,56,4,0
0,15,9,3,4,0
0,16,9,3,4,0
0,17,9,4,4,0
0,18,9,6,4,0
0,19,9,7,4,0
0,20,9,16,4,0
0,21,9,17,4,0
0,22,9,19,4,0
0,23,9,22,4,0
0,24,9,27,4,0
0,25,9,28,4,0
0,26,9,33,4,0
0,27,9,41,4,0
0,28,9,46,4,0
0,29,9,59,4,0
0,30,10,5,4,0
0,31,10,11,4,0
0,32,10,15,4,0
0,33,10,24,4,0
0,34,10,40,4,0
0,35,10,44,4,0
0,36,10,50,4,0
0,37,10,56,4,0
0,38,10,56,4,0
0,39,11,4,4,0
0,40,11,9,4,0
0,41,11,24,4,0
0,42,11,36,4,0
0,43,11,42,4,0
0,44,11,48,4,0
0,45,11,49,4,0
0,46,11,54,4,0
0,47,11,55,4,0
0,48,11,58,4,0
0,49,12,0,4,0
0,50,12,2,4,0
0,51,12,4,4,0
0,52,12,6,4,0
0,53,12,8,4,0
0,54,12,8,4,0
0,55,12,12,4,0
0,56,12,16,4,0
0,57,12,16,4,0
0,58,12,22,4,0
0,59,12,24,4,0
0,60,12,28,4,0
0,61,12,45,4,0
0,62,12,54,4,0
0,63,13,2,4,0
0,64,13,2,4,0
0,65,13,2,4,0
0,66,13,8,4,0
0,67,13,9,4,0
0,68,13,11,4,10
0,69,13,12,4,0
0,70,13,31,4,0
0,71,13,40,4,0
0,72,13,42,4,0
0,73,13,45,4,0
0,74,13,46,4,0
0,75,13,51,4,0
0,76,14,1,4,0
0,77,14,1,4,0
0,78,14,5,4,0
0,79,14,6,4,0
0,80,14,11,4,0
0,81,14,11,4,0
0,82,14,17,4,0
0,83,14,17,4,0
0,84,14,28,4,0
0,85,14,28,4,0
0,86,14,28,4,0
0,87,14,28,4,0
0,88,14,35,4,0
0,89,14,36,4,0
0,90,14,36,4,0
0,91,14,37,4,78
0,92,14,42,4,0
0,93,14,51,4,0
0,94,14,52,4,0
0,95,14,53,4,0
0,96,14,59,4,0
0,97,15,0,4,0
0,98,15,8,4,0
0,99,15,9,4,0
0,100,15,9,4,39
0,101,15,11,4,0
0,102,15,18,4,0
0,103,15,20,4,0
0,104,15,27,4,0
0,105,15,27,4,0
0,106,15,27,4,31
0,107,15,37,4,0
0,108,15,37,4,0
0,109,15,40,4,0
0,110,15,41,4,0
0,111,15,46,4,0
0,112,15,47,4,175
1,113,15,47,4,197
0,114,15,52,4,0
0,115,15,53,4,9
0,116,15,54,4,308
1,117,15,55,4,244
2,118,15,56,4,247
3,119,15,58,4,209
0,120,16,14,4,0
0,121,16,16,4,0
0,122,16,19,4,0
0,123,16,34,4,0
0,124,16,40,4,0
0,125,16,52,4,0
0,126,16,53,4,0
0,127,16,54,4,0
0,128,17,1,4,0
0,129,17,3,4,0
0,130,17,3,4,0
0,131,17,6,4,0
0,132,17,6,4,0
0,133,17,8,4,0
0,134,17,8,4,84
0,135,17,11,4,0
0,136,17,11,4,0
0,137,17,16,4,0
0,138,17,17,4,0
0,139,17,35,4,0
0,140,17,43,4,0
0,142,17,45,4,0
0,143,17,48,4,0
0,144,17,49,4,0
0,145,17,53,4,0
0,146,17,54,4,0
0,147,17,56,4,0
0,1,8,0,0,0
0,2,8,3,0,0
0,3,8,11,0,0
0,4,8,18,0,0
0,5,8,23,0,0
0,6,8,24,0,0
0,7,8,25,0,0
0,8,8,26,0,0
0,9,8,29,0,0
0,10,8,34,0,0
0,11,8,36,0,0
0,12,8,37,0,0
0,13,8,45,0,0
0,14,8,48,0,0
0,15,8,50,0,0
0,16,8,54,0,0
0,17,8,58,0,0
0,18,9,4,0,0
0,19,9,5,0,0
0,20,9,7,0,0
0,21,9,9,0,0
0,22,9,12,0,0
0,23,9,15,0,0
0,24,9,17,0,0
0,25,9,17,0,0
0,26,9,17,0,0
0,27,9,18,0,67
0,28,9,21,0,0
0,29,9,39,0,0
0,30,9,48,0,0
0,31,9,49,0,0
0,32,9,50,0,0
0,33,9,55,0,0
0,34,9,58,0,0
0,35,9,58,0,0
0,36,10,0,0,0
0,37,10,8,0,0
0,38,10,10,0,0
0,39,10,11,0,0
0,40,10,12,0,0
0,41,10,13,0,0
0,42,10,15,0,0
0,43,10,17,0,0
0,44,10,35,0,0
0,45,10,37,0,0
0,46,10,41,0,0
0,47,10,42,0,0
0,48,10,47,0,0
0,49,10,48,0,0
0,50,10,51,0,0
0,51,10,55,0,0
0,52,10,56,0,0
0,53,10,56,0,0
0,54,10,56,0,156
0,55,11,1,0,0
0,56,11,2,0,0
0,57,11,3,0,291
1,58,11,7,0,56
0,59,11,9,0,105
0,60,11,19,0,0
0,61,11,20,0,0
0,62,11,20,0,0
0,63,11,21,0,0
0,64,11,22,0,0
0,65,11,22,0,0
0,66,11,27,0,0
0,67,11,37,0,0
0,68,11,38,0,0
0,69,11,38,0,0
0,70,11,42,0,0
0,71,11,45,0,0
0,72,11,46,0,0
0,73,11,56,0,0
0,74,11,58,0,0
0,75,12,5,0,0
0,76,12,12,0,0
0,77,12,14,0,0
0,78,12,19,0,0
0,79,12,22,0,0
0,80,12,28,0,0
0,81,12,29,0,0
0,82,12,32,0,0
0,83,12,36,0,0
0,84,12,37,0,0
0,85,12,42,0,0
0,86,12,43,0,0
0,87,12,44,0,0
0,88,13,2,0,0
0,89,13,9,0,0
0,90,13,18,0,0
0,91,13,21,0,0
0,92,13,25,0,0
0,93,13,31,0,0
0,94,13,34,0,0
0,95,13,35,0,0
0,96,13,42,0,0
0,97,13,43,0,0
0,98,13,48,0,0
0,99,13,49,0,0
0,100,13,53,0,0
0,101,13,56,0,0
0,102,13,59,0,0
0,103,14,0,0,0
0,104,14,1,0,0
0,105,14,1,0,0
0,106,14,8,0,0
0,107,14,14,0,0
0,108,14,14,0,0
0,109,14,15,0,0
0,110,14,16,0,0
0,111,14,21,0,0
0,112,14,23,0,0
0,113,14,26,0,0
0,114,14,27,0,0
0,115,14,28,0,0
0,116,14,29,0,0
0,117,14,33,0,0
0,118,14,35,0,0
0,119,14,43,0,0
0,120,14,44,0,0
0,121,14,44,0,0
0,122,14,47,0,0
0,123,14,54,0,0
0,124,14,57,0,0
0,125,14,57,0,0
0,126,14,59,0,3
0,127,15,8,0,0
0,128,15,8,0,0
0,129,15,9,0,0
0,130,15,11,0,0
0,131,15,11,0,0
0,132,15,12,0,0
0,133,15,16,0,0
0,134,15,16,0,0
0,135,15,19,0,15
0,136,15,25,0,0
0,137,15,32,0,0
0,138,15,48,0,0
0,139,15,49,0,0
0,140,15,51,0,0
0,141,15,53,0,0
0,142,15,55,0,0
0,143,16,1,0,0
0,144,16,3,0,0
0,145,16,9,0,0
0,146,16,19,0,0
0,147,16,25,0,0
0,148,16,26,0,0
0,149,16,26,0,0
0,150,16,31,0,0
0,151,16,33,0,0
0,152,16,33,0,0
0,153,16,33,0,0
0,154,16,34,0,25
0,155,16,38,0,0
0,156,16,43,0,0
0,157,16,45,0,0
0,158,16,53,0,0
0,159,16,59,0,0
0,160,17,1,0,0
0,161,17,1,0,0
0,162,17,2,0,0
0,163,17,14,0,0
0,164,17,21,0,0
0,165,17,26,0,0
0,166,17,30,0,0
0,167,17,40,0,0
0,169,17,58,0,0
0,1,8,0,1,0
0,2,8,8,1,0
0,3,8,18,1,0
0,4,8,19,1,0
0,5,8,19,1,0
0,6,8,29,1,0
0,7,8,32,1,0
0,8,8,36,1,0
0,9,8,52,1,0
0,10,8,53,1,0
0,11,8,56,1,0
0,12,9,1,1,0
0,13,9,6,1,0
0,14,9,13,1,0
0,15,9,14,1,0
0,16,9,15,1,0
0,17,9,16,1,0
0,18,9,18,1,0
0,19,9,20,1,0
0,20,9,21,1,0
0,21,9,22,1,0
0,22,9,28,1,0
0,23,9,28,1,148
0,24,9,34,1,0
0,25,9,44,1,0
0,26,9,46,1,0
0,27,9,59,1,0
0,28,10,1,1,0
0,29,10,3,1,0
0,30,10,4,1,0
0,31,10,4,1,0
0,32,10,6,1,0
0,33,10,7,1,0
0,34,10,19,1,0
0,35,10,20,1,0
0,36,10,21,1,0
0,37,10,22,1,0
0,38,10,22,1,0
0,39,10,40,1,0
0,40,10,49,1,0
0,41,10,53,1,0
0,42,11,7,1,0
0,43,11,8,1,0
0,44,11,10,1,0
0,45,11,12,1,0
0,46,11,16,1,0
0,47,11,20,1,0
0,48,11,21,1,0
0,49,11,36,1,0
0,50,11,38,1,0
0,51,11,39,1,0
0,52,11,40,1,0
0,53,11,44,1,0
0,54,11,45,1,0
0,55,11,47,1,0
0,56,11,47,1,0
0,57,11,50,1,31
0,58,11,51,1,0
0,59,11,59,1,0
0,60,11,59,1,0
0,61,12,0,1,0
0,62,12,5,1,0
0,63,12,6,1,0
0,64,12,8,1,0
0,65,12,9,1,0
0,66,12,14,1,0
0,67,12,22,1,0
0,68,12,25,1,0
0,69,12,26,1,0
0,70,12,29,1,0
0,71,12,30,1,0
0,72,12,31,1,0
0,73,12,47,1,0
0,74,12,51,1,0
0,75,12,53,1,0
0,76,12,57,1,0
0,77,12,58,1,0
0,78,13,5,1,0
0,79,13,5,1,0
0,80,13,6,1,0
0,81,13,6,1,0
0,82,13,9,1,0
0,83,13,19,1,0
0,84,13,21,1,0
0,85,13,25,1,0
0,86,13,28,1,0
0,87,13,34,1,0
0,88,13,38,1,0
0,89,13,49,1,0
0,90,13,49,1,0
0,91,13,50,1,0
0,92,13,50,1,0
0,93,14,1,1,0
0,94,14,3,1,0
0,95,14,10,1,0
0,96,14,14,1,0
0,97,14,15,1,0
0,98,14,21,1,0
0,99,14,24,1,0
0,100,14,26,1,0
0,101,14,31,1,0
0,102,14,32,1,0
0,103,14,35,1,0
0,104,14,39,1,0
0,105,14,44,1,0
0,106,14,47,1,0
0,107,14,55,1,0
0,108,14,57,1,0
0,109,14,58,1,0
0,110,15,2,1,0
0,111,15,3,1,0
0,112,15,5,1,0
0,113,15,5,1,0
0,114,15,10,1,0
0,115,15,11,1,0
0,116,15,15,1,0
0,117,15,16,1,0
0,118,15,21,1,0
0,119,15,30,1,0
0,120,15,39,1,0
0,121,15,42,1,0
0,122,15,47,1,0
0,123,15,47,1,0
0,124,15,58,1,0
0,125,16,1,1,0
0,126,16,46,1,0
0,127,16,51,1,0
0,128,16,53,1,0
0,129,16,53,1,0
0,130,17,4,1,0
0,131,17,9,1,0
0,132,17,10,1,0
0,133,17,12,1,0
0,134,17,17,1,0
0,135,17,23,1,0
0,136,17,28,1,0
0,137,17,30,1,0
0,138,17,31,1,0
0,139,17,33,1,0
0,140,17,36,1,0
0,141,17,40,1,0
0,142,17,40,1,0
0,143,17,42,1,0
0,144,17,44,1,0
0,145,17,45,1,0
0,1,8,0,2,0
0,2,8,0,2,0
0,3,8,0,2,0
0,4,8,12,2,0
0,5,8,16,2,0
0,6,8,17,2,0
0,7,8,30,2,0
0,8,8,30,2,0
0,9,8,31,2,0
0,10,8,36,2,0
0,11,8,43,2,0
0,12,8,52,2,0
0,13,8,55,2,0
0,14,8,57,2,0
0,15,8,57,2,0
0,16,8,59,2,0
0,17,9,2,2,9
0,18,9,5,2,0
0,19,9,9,2,0
0,20,9,9,2,16
0,21,9,19,2,0
0,22,9,24,2,0
0,23,9,31,2,0
0,24,9,39,2,0
0,25,9,42,2,0
0,26,9,51,2,0
0,27,9,51,2,0
0,28,10,3,2,0
0,29,10,5,2,0
0,30,10,10,2,0
0,31,10,11,2,0
0,32,10,14,2,0
0,33,10,16,2,0
0,34,10,18,2,0
0,35,10,21,2,0
0,36,10,22,2,0
0,37,10,22,2,70
0,38,10,26,2,0
0,39,10,29,2,0
0,40,10,34,2,0
0,41,10,40,2,0
0,42,10,48,2,0
0,43,10,50,2,0
0,44,10,52,2,0
0,45,11,4,2,0
0,46,11,9,2,0
0,47,11,10,2,0
0,48,11,13,2,0
0,49,11,15,2,0
0,50,11,17,2,0
0,51,11,17,2,0
0,52,11,24,2,0
0,53,11,24,2,0
0,54,11,32,2,0
0,55,11,41,2,0
0,56,11,47,2,0
0,57,11,52,2,0
0,58,12,3,2,0
0,59,12,7,2,0
0,60,12,9,2,0
0,61,12,9,2,0
0,62,12,12,2,0
0,63,12,17,2,0
0,64,12,21,2,0
0,65,12,29,2,0
0,66,12,33,2,0
0,67,12,37,2,0
0,68,12,43,2,0
0,69,12,47,2,0
0,70,12,48,2,0
0,71,12,50,2,0
0,72,12,57,2,0
0,73,12,58,2,0
0,74,12,59,2,0
0,75,13,4,2,0
0,76,13,7,2,0
0,77,13,8,2,0
0,78,13,12,2,0
0,79,13,19,2,0
0,80,13,22,2,0
0,81,13,26,2,0
0,82,13,29,2,0
0,83,13,35,2,0
0,84,13,42,2,0
0,85,13,43,2,0
0,86,13,46,2,0
0,87,13,46,2,0
0,88,13,47,2,201
1,89,13,47,2,385
1,90,13,52,2,143
0,91,13,54,2,130
0,92,14,5,2,0
0,93,14,10,2,0
0,94,14,13,2,0
0,95,14,15,2,0
0,96,14,15,2,0
0,97,14,15,2,77
1,98,14,16,2,74
0,99,14,23,2,0
0,100,14,24,2,0
0,101,14,28,2,0
0,102,14,30,2,0
0,103,14,41,2,0
0,104,14,47,2,0
0,105,14,55,2,0
0,106,14,55,2,0
0,107,14,56,2,0
0,108,14,56,2,0
0,109,15,0,2,0
0,110,15,7,2,0
0,111,15,11,2,0
0,112,15,20,2,0
0,113,15,24,2,0
0,114,15,32,2,0
0,115,15,38,2,0
0,116,15,43,2,0
0,117,15,50,2,0
0,118,15,57,2,0
0,119,15,59,2,0
0,120,16,8,2,0
0,121,16,12,2,0
0,122,16,30,2,0
0,123,16,38,2,0
0,124,16,43,2,0
0,125,16,55,2,0
0,126,16,56,2,0
0,127,16,59,2,0
0,128,17,10,2,0
0,129,17,11,2,0
0,130,17,12,2,0
0,131,17,22,2,0
0,132,17,40,2,0
0,133,17,42,2,0
0,134,17,46,2,0
0,135,17,52,2,0
0,136,17,55,2,0
0,137,17,55,2,0
0,138,17,55,2,0
0,1,8,0,3,0
0,2,8,2,3,0
0,3,8,6,3,0
0,4,8,7,3,0
0,5,8,9,3,0
0,6,8,18,3,0
0,7,8,23,3,0
0,8,8,29,3,0
0,9,8,31,3,0
0,10,8,35,3,0
0,11,8,38,3,0
0,12,8,44,3,0
0,13,8,52,3,0
0,14,8,57,3,0
0,15,9,1,3,0
0,16,9,4,3,0
0,17,9,6,3,0
0,18,9,6,3,0
0,19,9,17,3,0
0,20,9,26,3,0
0,21,9,33,3,0
0,22,9,35,3,0
0,23,9,36,3,0
0,24,9,40,3,0
0,25,9,41,3,0
0,26,9,41,3,0
0,27,9,48,3,0
0,28,9,48,3,0
0,29,9,51,3,0
0,30,9,55,3,0
0,31,9,57,3,0
0,32,9,58,3,0
0,33,9,58,3,0
0,34,9,59,3,16
0,35,10,18,3,0
0,36,10,22,3,0
0,37,10,28,3,0
0,38,10,33,3,0
0,39,10,35,3,0
0,40,10,44,3,0
0,41,10,50,3,0
0,42,10,51,3,0
0,43,10,59,3,0
0,44,11,0,3,0
0,45,11,3,3,0
0,46,11,4,3,0
0,47,11,7,3,0
0,48,11,8,3,0
0,49,11,16,3,0
0,50,11,17,3,0
0,51,11,19,3,0
0,52,11,20,3,0
0,53,11,25,3,0
0,54,11,27,3,0
0,55,11,42,3,0
0,56,11,47,3,0
0,57,11,48,3,0
0,58,11,49,3,0
0,59,12,1,3,0
0,60,12,2,3,0
0,61,12,2,3,0
0,62,12,14,3,0
0,63,12,15,3,0
0,64,12,29,3,0
0,65,12,37,3,0
0,66,12,45,3,0
0,67,12,48,3,0
0,68,12,50,3,0
0,69,12,52,3,0
0,70,12,54,3,0
0,71,13,0,3,0
0,72,13,1,3,0
0,73,13,13,3,0
0,74,13,14,3,0
0,75,13,15,3,0
0,76,13,15,3,0
0,77,13,18,3,0
0,78,13,24,3,0
0,79,13,30,3,0
0,80,13,39,3,0
0,81,13,52,3,0
0,82,13,58,3,0
0,83,13,58,3,0
0,84,14,0,3,0
0,85,14,4,3,0
0,86,14,6,3,0
0,87,14,7,3,0
0,88,14,10,3,0
0,89,14,21,3,0
0,90,14,28,3,0
0,91,14,30,3,0
0,92,14,35,3,0
0,93,14,38,3,0
0,94,14,39,3,0
0,95,14,39,3,25
0,96,14,49,3,0
0,97,14,53,3,0
0,98,14,54,3,0
0,99,15,2,3,0
0,100,15,7,3,0
0,101,15,17,3,0
0,102,15,21,3,0
0,103,15,28,3,0
0,104,15,29,3,0
0,105,15,38,3,0
0,106,15,39,3,0
0,107,15,39,3,0
0,108,15,40,3,0
0,109,15,44,3,0
0,110,16,1,3,0
0,111,16,7,3,0
0,112,16,21,3,0
0,113,16,23,3,0
0,114,16,24,3,0
0,115,16,28,3,0
0,116,16,29,3,0
0,117,16,32,3,0
0,118,16,33,3,0
0,119,16,38,3,0
0,120,16,38,3,0
0,121,16,39,3,0
0,122,16,40,3,0
0,123,16,40,3,0
0,124,16,42,3,0
0,125,16,47,3,0
0,126,16,50,3,0
0,127,16,50,3,0
0,128,16,55,3,0
0,129,16,55,3,0
0,130,16,55,3,0
0,131,16,58,3,0
0,132,17,0,3,0
0,133,17,0,3,9
0,134,17,1,3,6
0,135,17,8,3,0
0,136,17,31,3,0
0,137,17,31,3,0
0,138,17,31,3,0
0,139,17,38,3,0
0,140,17,52,3,0
0,1,8,0,4,0
0,2,8,0,4,0
0,3,8,2,4,0
0,4,8,4,4,0
0,5,8,4,4,0
0,6,8,7,4,174
1,7,8,9,4,105
0,8,8,27,4,0
0,9,8,27,4,0
0,10,8,29,4,0
0,11,8,30,4,0
0,12,8,34,4,0
0,13,8,37,4,0
0,14,8,39,4,0
0,15,8,45,4,0
0,16,8,45,4,0
0,17,8,55,4,0
0,18,9,4,4,0
0,19,9,22,4,0
0,20,9,46,4,0
0,21,9,48,4,0
0,22,9,48,4,0
0,23,9,50,4,0
0,24,9,51,4,0
0,25,9,59,4,0
0,26,10,8,4,0
0,27,10,9,4,0
0,28,10,12,4,0
0,29,10,14,4,0
0,30,10,22,4,0
0,31,10,31,4,0
0,32,10,32,4,0
0,33,10,32,4,0
0,34,10,33,4,0
0,35,10,40,4,0
0,36,10,40,4,0
0,37,10,48,4,0
0,38,10,50,4,0
0,39,10,50,4,0
0,40,10,59,4,0
0,41,11,7,4,0
0,42,11,9,4,0
0,43,11,14,4,0
0,44,11,15,4,0
0,45,11,22,4,0
0,46,11,30,4,0
0,47,11,31,4,0
0,48,11,33,4,0
0,49,11,39,4,0
0,50,11,43,4,0
0,51,11,44,4,0
0,52,11,52,4,0
0,53,11,54,4,0
0,54,11,55,4,0
0,55,11,57,4,0
0,56,12,0,4,0
0,57,12,1,4,0
0,58,12,6,4,0
0,59,12,8,4,0
0,60,12,18,4,0
0,61,12,18,4,0
0,62,12,21,4,0
0,63,12,23,4,0
0,64,12,23,4,0
0,65,12,46,4,0
0,66,12,56,4,0
0,67,12,56,4,0
0,68,13,0,4,0
0,69,13,1,4,0
0,70,13,2,4,0
0,71,13,7,4,0
0,72,13,14,4,0
0,73,13,15,4,0
0,74,13,16,4,0
0,75,13,24,4,0
0,76,13,25,4,0
0,77,13,25,4,0
0,78,13,25,4,0
0,79,13,28,4,123
0,80,13,33,4,0
0,81,13,35,4,0
0,82,13,38,4,0
0,83,13,40,4,0
0,84,13,41,4,0
0,85,13,43,4,0
0,86,14,6,4,0
0,87,14,8,4,0
0,88,14,10,4,0
0,89,14,13,4,0
0,90,14,18,4,0
0,91,14,19,4,0
0,92,14,23,4,0
0,93,14,27,4,0
0,94,14,31,4,0
0,95,14,31,4,0
0,96,14,32,4,0
0,97,14,32,4,0
0,98,14,38,4,0
0,99,14,48,4,0
0,100,14,49,4,0
0,101,14,57,4,0
0,102,15,0,4,0
0,103,15,3,4,0
0,104,15,6,4,0
0,105,15,18,4,0
0,106,15,19,4,0
0,107,15,23,4,0
0,108,15,24,4,0
0,109,15,24,4,0
0,110,15,30,4,0
0,111,15,35,4,0
0,112,15,36,4,0
0,113,15,41,4,0
0,114,15,41,4,0
0,115,15,44,4,0
0,116,15,48,4,0
0,117,15,50,4,0
0,118,15,50,4,0
0,119,15,54,4,0
0,120,15,56,4,0
0,121,16,0,4,0
0,122,16,3,4,0
0,123,16,4,4,0
0,124,16,5,4,0
0,125,16,6,4,0
0,126,16,8,4,0
0,127,16,14,4,0
0,128,16,33,4,0
0,129,16,34,4,0
0,130,16,39,4,0
0,131,16,41,4,0
0,132,16,46,4,0
0,133,16,51,4,0
0,134,16,53,4,0
0,135,16,59,4,0
0,136,17,1,4,0
0,137,17,11,4,0
0,138,17,21,4,0
0,139,17,21,4,0
0,140,17,24,4,0
0,141,17,30,4,0
0,142,17,30,4,95
0,143,17,35,4,0
0,144,17,49,4,0
0,145,17,51,4,0
0,146,17,57,4,0
0,1,8,0,0,0
0,3,8,0,0,0
0,2,8,0,0,0
0,4,8,6,0,0
0,5,8,10,0,0
0,6,8,11,0,0
0,7,8,14,0,0
0,8,8,16,0,0
0,9,8,17,0,0
0,10,8,18,0,59
1,11,8,18,0,63
0,12,8,22,0,0
0,13,8,40,0,0
0,14,8,48,0,0
0,15,8,52,0,0
0,16,8,54,0,0
0,17,9,10,0,0
0,18,9,17,0,0
0,19,9,21,0,0
0,20,9,21,0,0
0,21,9,25,0,0
0,22,9,30,0,0
0,23,9,44,0,0
0,24,9,52,0,0
0,25,9,53,0,0
0,26,10,5,0,0
0,27,10,9,0,0
0,28,10,10,0,0
0,29,10,17,0,0
0,30,10,19,0,0
0,31,10,20,0,0
0,32,10,22,0,0
0,33,10,25,0,0
0,34,10,27,0,0
0,35,10,35,0,0
0,36,10,40,0,0
0,37,10,46,0,0
0,38,10,46,0,0
0,39,10,49,0,0
0,40,10,49,0,0
0,41,11,0,0,0
0,42,11,1,0,0
0,43,11,3,0,0
0,44,11,4,0,0
0,45,11,7,0,0
0,46,11,15,0,0
0,47,11,24,0,0
0,48,11,25,0,0
0,49,11,29,0,0
0,50,11,32,0,0
0,51,11,37,0,0
0,52,11,38,0,0
0,53,11,39,0,0
0,54,11,42,0,0
0,55,11,45,0,0
0,56,11,55,0,0
0,57,11,57,0,0
0,58,12,0,0,0
0,59,12,0,0,0
0,60,12,8,0,0
0,61,12,13,0,0
0,62,12,20,0,0
0,63,12,44,0,0
0,64,12,57,0,0
0,65,13,4,0,0
0,66,13,13,0,0
0,67,13,21,0,0
0,68,13,21,0,0
0,69,13,25,0,0
0,70,13,26,0,0
0,71,13,29,0,0
0,72,13,34,0,0
0,73,13,42,0,0
0,74,13,43,0,0
0,75,13,46,0,0
0,76,13,50,0,0
0,77,13,52,0,0
0,78,13,54,0,0
0,79,13,54,0,0
0,80,13,55,0,5
0,81,14,8,0,0
0,82,14,12,0,0
0,83,14,14,0,0
0,84,14,18,0,0
0,85,14,19,0,0
0,86,14,21,0,0
0,87,14,25,0,0
0,88,14,28,0,0
0,89,14,28,0,0
0,90,14,29,0,0
0,91,14,29,0,68
1,92,14,30,0,120
1,93,14,30,0,83
0,94,14,36,0,0
0,95,14,38,0,0
0,96,14,45,0,0
0,97,14,50,0,0
0,98,14,55,0,0
0,99,15,1,0,0
0,100,15,3,0,0
0,101,15,14,0,0
0,102,15,31,0,0
0,103,15,39,0,0
0,104,15,44,0,0
0,105,15,47,0,0
0,106,15,52,0,0
0,107,15,54,0,0
0,108,16,1,0,0
0,109,16,7,0,0
0,110,16,8,0,0
0,111,16,8,0,0
0,112,16,11,0,0
0,113,16,13,0,0
0,114,16,16,0,0
0,115,16,17,0,0
0,116,16,18,0,0
0,117,16,30,0,0
0,118,16,35,0,0
0,119,16,41,0,0
0,120,16,43,0,0
0,121,16,50,0,0
0,122,16,50,0,0
0,123,16,55,0,0
0,124,16,56,0,0
0,125,16,56,0,0
0,126,16,59,0,0
0,127,17,2,0,0
0,128,17,10,0,0
0,129,17,15,0,0
0,130,17,15,0,0
0,131,17,16,0,0
0,132,17,21,0,0
0,133,17,30,0,0
0,134,17,31,0,0
0,135,17,38,0,0
0,1,8,0,1,0
0,2,8,6,1,0
0,3,8,13,1,0
0,4,8,24,1,0
0,5,8,32,1,0
0,6,8,36,1,0
0,7,8,38,1,0
0,8,8,39,1,0
0,9,8,52,1,0
0,10,9,4,1,0
0,11,9,4,1,0
0,12,9,6,1,0
0,13,9,6,1,0
0,14,9,8,1,0
0,15,9,9,1,0
0,16,9,10,1,0
0,17,9,14,1,0
0,18,9,20,1,0
0,19,9,30,1,0
0,20,9,31,1,0
0,21,9,37,1,0
0,22,9,41,1,0
0,23,9,51,1,0
0,24,9,54,1,0
0,25,9,55,1,0
0,26,9,55,1,0
0,27,9,59,1,0
0,28,10,0,1,0
0,29,10,4,1,0
0,30,10,6,1,0
0,31,10,6,1,0
0,32,10,15,1,0
0,33,10,27,1,0
0,34,10,32,1,0
0,35,10,32,1,0
0,36,10,46,1,0
0,37,10,48,1,0
0,38,10,59,1,0
0,39,11,10,1,0
0,40,11,14,1,0
0,41,11,17,1,0
0,42,11,17,1,0
0,43,11,25,1,0
0,44,11,36,1,0
0,45,11,45,1,0
0,46,11,58,1,0
0,47,12,6,1,0
0,48,12,11,1,0
0,49,12,11,1,0
0,50,12,14,1,0
0,51,12,22,1,0
0,52,12,25,1,0
0,53,12,27,1,0
0,54,12,29,1,0
0,55,12,53,1,0
0,56,13,5,1,0
0,57,13,11,1,0
0,58,13,12,1,0
0,59,13,20,1,0
0,60,13,27,1,0
0,61,13,28,1,0
0,62,13,29,1,0
0,63,13,37,1,0
0,64,13,37,1,0
0,65,13,39,1,0
0,66,13,56,1,0
0,67,13,56,1,0
0,68,13,57,1,0
0,69,14,30,1,0
0,70,14,42,1,0
0,71,14,44,1,0
0,72,14,46,1,0
0,73,14,48,1,0
0,74,15,0,1,0
0,75,15,16,1,0
0,76,15,18,1,0
0,77,15,23,1,0
0,78,15,23,1,0
0,79,15,30,1,0
0,80,15,35,1,0
0,81,15,37,1,0
0,82,15,38,1,0
0,83,15,41,1,0
0,84,15,47,1,0
0,85,15,47,1,0
0,86,15,56,1,0
0,87,15,58,1,0
0,88,16,9,1,0
0,89,16,9,1,0
0,90,16,12,1,0
0,91,16,12,1,0
0,92,16,16,1,0
0,93,16,17,1,0
0,94,16,18,1,0
0,95,16,19,1,0
0,96,16,21,1,0
0,97,16,25,1,0
0,98,16,32,1,0
0,99,16,36,1,0
0,100,16,40,1,0
0,101,16,49,1,0
0,102,16,52,1,0
0,103,16,59,1,0
0,104,17,2,1,0
0,105,17,3,1,0
0,106,17,4,1,0
0,107,17,7,1,0
0,108,17,12,1,0
0,109,17,13,1,0
0,110,17,13,1,0
0,111,17,14,1,0
0,112,17,17,1,0
0,113,17,29,1,0
0,114,17,45,1,0
0,115,17,46,1,0
0,1,8,0,2,0
0,2,8,2,2,0
0,3,8,3,2,0
0,4,8,12,2,0
0,5,8,13,2,0
0,6,8,24,2,0
0,7,8,27,2,0
0,8,8,35,2,0
0,9,8,40,2,0
0,10,8,45,2,0
0,11,8,47,2,0
0,12,8,50,2,0
0,13,8,50,2,0
0,14,9,1,2,0
0,15,9,6,2,0
0,16,9,14,2,0
0,17,9,21,2,0
0,18,9,22,2,0
0,19,9,24,2,0
0,20,9,32,2,0
0,21,9,33,2,0
0,22,9,34,2,0
0,23,9,34,2,0
0,24,9,36,2,0
0,25,9,38,2,192
0,26,9,46,2,0
0,27,9,51,2,0
0,28,10,0,2,0
0,29,10,7,2,0
0,30,10,9,2,0
0,31,10,14,2,0
0,32,10,17,2,0
0,33,10,31,2,0
0,34,10,36,2,0
0,35,10,37,2,0
0,36,10,37,2,0
0,37,10,37,2,0
0,38,10,50,2,0
0,39,10,53,2,0
0,40,10,55,2,0
0,41,11,2,2,0
0,42,11,7,2,0
0,43,11,9,2,0
0,44,11,16,2,0
0,45,11,20,2,0
0,46,11,50,2,0
0,47,11,51,2,0
0,48,11,52,2,0
0,49,11,55,2,0
0,50,11,56,2,0
0,51,11,58,2,0
0,52,12,4,2,0
0,53,12,9,2,0
0,54,12,16,2,0
0,55,12,35,2,0
0,56,12,37,2,0
0,57,12,42,2,0
0,58,12,48,2,0
0,59,12,49,2,0
0,60,12,50,2,0
0,61,12,51,2,0
0,62,13,6,2,0
0,63,13,16,2,0
0,64,13,29,2,0
0,65,13,36,2,0
0,66,13,41,2,0
0,67,13,43,2,0
0,68,13,50,2,0
0,69,13,53,2,0
0,70,13,56,2,0
0,71,13,58,2,0
0,72,14,3,2,0
0,73,14,3,2,0
0,74,14,9,2,0
0,75,14,10,2,0
0,76,14,11,2,0
0,77,14,13,2,0
0,78,14,21,2,0
0,79,14,22,2,0
0,80,14,22,2,0
0,81,14,24,2,0
0,82,14,26,2,0
0,83,14,29,2,0
0,84,14,32,2,0
0,85,14,34,2,0
0,86,14,44,2,0
0,87,14,47,2,0
0,88,14,51,2,0
0,89,14,53,2,0
0,90,14,58,2,0
0,91,15,0,2,0
0,92,15,1,2,0
0,93,15,3,2,0
0,94,15,3,2,0
0,95,15,6,2,0
0,96,15,9,2,0
0,97,15,13,2,0
0,98,15,18,2,0
0,99,15,21,2,0
0,100,15,23,2,0
0,101,15,28,2,0
0,102,15,43,2,0
0,103,15,47,2,0
0,104,15,53,2,0
0,105,15,56,2,0
0,106,15,58,2,0
0,107,16,10,2,0
0,108,16,10,2,0
0,109,16,12,2,0
0,110,16,21,2,0
0,111,16,23,2,0
0,112,16,29,2,0
0,113,16,30,2,0
0,114,16,35,2,0
0,115,16,37,2,0
0,116,16,39,2,0
0,117,16,40,2,0
0,118,16,43,2,0
0,119,16,45,2,0
0,120,16,53,2,0
0,121,16,59,2,0
0,122,17,17,2,0
0,123,17,27,2,0
0,124,17,36,2,0
0,125,17,37,2,0
0,126,17,37,2,0
0,127,17,37,2,139
1,128,17,39,2,68
0,129,17,40,2,33
0,130,17,49,2,0
0,131,17,50,2,0
0,132,17,51,2,0
0,1,8,0,3,0
0,2,8,4,3,0
0,3,8,10,3,0
0,4,8,10,3,0
0,5,8,12,3,0
0,6,8,12,3,0
0,7,8,12,3,23
0,8,8,17,3,0
0,9,8,18,3,0
0,10,8,19,3,0
0,11,8,21,3,0
0,12,8,22,3,112
1,13,8,23,3,50
0,14,8,30,3,0
0,15,8,31,3,0
0,16,8,32,3,0
0,17,8,37,3,0
0,18,8,48,3,0
0,19,8,48,3,0
0,20,8,49,3,0
0,21,8,50,3,0
0,22,8,51,3,17
0,23,8,51,3,113
1,24,8,52,3,123
0,25,9,1,3,0
0,26,9,6,3,0
0,27,9,18,3,0
0,28,9,21,3,0
0,29,9,29,3,0
0,30,9,32,3,0
0,31,9,33,3,0
0,32,9,42,3,0
0,33,9,46,3,0
0,34,9,51,3,0
0,35,9,52,3,0
0,36,9,54,3,0
0,37,9,56,3,0
0,38,9,57,3,0
0,39,9,58,3,0
0,40,10,8,3,0
0,41,10,11,3,0
0,42,10,18,3,0
0,43,10,20,3,0
0,44,10,23,3,0
0,45,10,26,3,0
0,46,10,28,3,0
0,47,10,34,3,0
0,48,10,39,3,0
0,49,10,39,3,0
0,50,10,41,3,0
0,51,10,42,3,0
0,52,10,48,3,0
0,53,10,49,3,0
0,54,10,53,3,0
0,55,10,54,3,0
0,56,11,5,3,0
0,57,11,5,3,0
0,58,11,7,3,0
0,59,11,8,3,0
0,60,11,26,3,0
0,61,11,30,3,0
0,62,11,35,3,0
0,63,11,36,3,0
0,64,11,38,3,0
0,65,11,47,3,0
0,66,11,50,3,0
0,67,11,54,3,0
0,68,11,57,3,0
0,69,11,57,3,0
0,70,12,4,3,0
0,71,12,7,3,0
0,72,12,9,3,0
0,73,12,14,3,0
0,74,12,15,3,0
0,75,12,19,3,0
0,76,12,20,3,0
0,77,12,24,3,0
0,78,12,46,3,0
0,79,12,48,3,0
0,80,12,49,3,0
0,81,12,49,3,0
0,82,13,1,3,0
0,83,13,4,3,0
0,84,13,5,3,0
0,85,13,6,3,0
0,86,13,20,3,0
0,87,13,20,3,0
0,88,13,23,3,0
0,89,13,24,3,0
0,90,13,30,3,0
0,91,13,32,3,0
0,92,13,39,3,0
0,93,13,43,3,0
0,94,13,44,3,0
0,95,13,47,3,0
0,96,13,49,3,0
0,97,13,55,3,0
0,98,14,2,3,0
0,99,14,5,3,0
0,100,14,6,3,0
0,101,14,7,3,0
0,102,14,7,3,0
0,103,14,10,3,0
0,104,14,15,3,0
0,105,14,19,3,0
0,106,14,22,3,0
0,107,14,26,3,0
0,108,14,26,3,0
0,109,14,33,3,0
0,110,14,34,3,0
0,111,14,34,3,0
0,112,14,36,3,0
0,113,14,37,3,0
0,114,14,44,3,0
0,115,14,49,3,0
0,116,15,2,3,0
0,117,15,4,3,0
0,118,15,21,3,0
0,119,15,23,3,0
0,120,15,36,3,0
0,121,15,48,3,0
0,122,15,50,3,0
0,123,15,51,3,0
0,124,15,54,3,0
0,125,15,55,3,0
0,126,16,9,3,0
0,127,16,14,3,0
0,128,16,16,3,0
0,129,16,18,3,0
0,130,16,24,3,0
0,131,16,27,3,0
0,132,16,34,3,0
0,133,16,49,3,0
0,134,16,52,3,0
0,135,16,56,3,0
0,136,17,1,3,0
0,137,17,4,3,0
0,138,17,7,3,0
0,139,17,12,3,0
0,140,17,12,3,0
0,141,17,21,3,0
0,142,17,22,3,0
0,143,17,28,3,0
0,144,17,32,3,0
0,145,17,54,3,0
0,1,8,0,4,0
0,2,8,0,4,0
0,3,8,5,4,0
0,4,8,6,4,0
0,5,8,6,4,0
0,6,8,9,4,0
0,7,8,18,4,0
0,8,8,24,4,0
0,9,8,30,4,0
0,10,8,34,4,0
0,11,8,40,4,0
0,12,8,45,4,0
0,13,9,1,4,0
0,14,9,6,4,0
0,15,9,9,4,0
0,16,9,12,4,0
0,17,9,12,4,0
0,18,9,12,4,0
0,19,9,14,4,0
0,20,9,19,4,0
0,21,9,26,4,0
0,22,9,32,4,0
0,23,9,37,4,0
0,24,9,41,4,0
0,25,9,42,4,0
0,26,9,42,4,0
0,27,9,43,4,0
0,28,9,48,4,0
0,29,9,49,4,0
0,30,9,52,4,0
0,31,9,56,4,0
0,32,9,56,4,0
0,33,9,57,4,0
0,34,9,57,4,34
0,35,10,1,4,323
1,36,10,2,4,393
0,37,10,12,4,0
0,38,10,14,4,0
0,39,10,20,4,0
0,40,10,21,4,0
0,41,10,23,4,0
0,42,10,25,4,0
0,43,10,26,4,0
0,44,10,30,4,0
0,45,10,35,4,0
0,46,10,38,4,0
0,47,10,40,4,0
0,48,10,47,4,0
0,49,10,49,4,0
0,50,10,50,4,0
0,51,10,55,4,0
0,52,10,58,4,0
0,53,10,59,4,0
0,54,11,0,4,0
0,55,11,1,4,107
0,56,11,3,4,0
0,57,11,6,4,0
0,58,11,9,4,0
0,59,11,15,4,0
0,60,11,28,4,0
0,61,11,33,4,0
0,62,11,57,4,0
0,63,11,59,4,0
0,64,12,2,4,0
0,65,12,6,4,0
0,66,12,8,4,0
0,67,12,10,4,0
0,68,12,10,4,0
0,69,12,14,4,0
0,70,12,14,4,0
0,71,12,21,4,0
0,72,12,28,4,0
0,73,12,31,4,0
0,74,12,33,4,0
0,75,12,35,4,0
0,76,12,35,4,0
0,77,12,42,4,0
0,78,12,43,4,0
0,79,12,45,4,0
0,80,12,47,4,0
0,81,12,52,4,0
0,82,12,52,4,0
0,83,12,56,4,0
0,84,12,59,4,0
0,85,13,4,4,0
0,86,13,5,4,0
0,87,13,7,4,0
0,88,13,9,4,0
0,89,13,12,4,0
0,90,13,13,4,0
0,91,13,14,4,0
0,92,13,15,4,0
0,93,13,18,4,0
0,94,13,22,4,0
0,95,13,40,4,0
0,96,13,41,4,0
0,97,13,47,4,0
0,98,14,6,4,0
0,99,14,8,4,0
0,100,14,11,4,0
0,101,14,13,4,0
0,102,14,25,4,0
0,103,14,31,4,0
0,104,14,39,4,0
0,105,14,44,4,0
0,106,14,44,4,0
0,107,14,49,4,0
0,108,14,50,4,0
0,109,14,53,4,0
0,110,14,54,4,0
0,111,14,54,4,0
0,112,14,54,4,0
0,113,14,55,4,0
0,114,14,59,4,0
0,115,15,8,4,0
0,116,15,22,4,0
0,117,15,30,4,0
0,118,15,36,4,0
0,119,15,46,4,0
0,120,15,50,4,0
0,121,15,51,4,0
0,122,15,51,4,0
0,123,15,53,4,0
0,124,15,59,4,0
0,125,16,2,4,0
0,126,16,5,4,0
0,127,16,5,4,0
0,128,16,5,4,0
0,129,16,7,4,0
0,130,16,7,4,88
1,131,16,7,4,208
0,132,16,12,4,0
0,133,16,19,4,0
0,134,16,23,4,0
0,135,16,24,4,0
0,136,16,26,4,0
0,137,16,30,4,0
0,138,16,35,4,0
0,139,16,39,4,0
0,140,16,41,4,0
0,141,16,44,4,0
0,142,16,46,4,0
0,143,17,0,4,0
0,144,17,6,4,0
0,145,17,7,4,0
0,146,17,15,4,0
0,147,17,21,4,0
0,148,17,26,4,0
0,149,17,32,4,0
0,150,17,35,4,0
0,151,17,35,4,0
0,152,17,38,4,0
0,153,17,47,4,0
0,155,17,50,4,0
0,1,8,0,0,0
0,2,8,2,0,0
0,3,8,4,0,0
0,4,8,6,0,0
0,5,8,10,0,0
0,6,8,11,0,0
0,7,8,19,0,0
0,8,8,20,0,0
0,9,8,43,0,0
0,10,8,49,0,0
0,11,8,52,0,0
0,12,8,52,0,0
0,13,8,59,0,0
0,14,9,4,0,0
0,15,9,5,0,0
0,16,9,6,0,0
0,17,9,9,0,0
0,18,9,10,0,0
0,19,9,23,0,0
0,20,9,27,0,0
0,21,9,29,0,0
0,22,9,35,0,0
0,23,9,40,0,0
0,24,9,43,0,0
0,25,9,46,0,0
0,26,9,47,0,0
0,27,9,52,0,0
0,28,9,59,0,0
0,29,10,1,0,0
0,30,10,2,0,0
0,31,10,7,0,0
0,32,10,10,0,0
0,33,10,11,0,0
0,34,10,12,0,0
0,35,10,16,0,0
0,36,10,24,0,0
0,37,10,25,0,0
0,38,10,38,0,0
0,39,10,46,0,0
0,40,10,57,0,0
0,41,11,0,0,0
0,42,11,3,0,0
0,43,11,9,0,0
0,44,11,11,0,0
0,45,11,11,0,0
0,46,11,13,0,0
0,47,11,24,0,0
0,48,11,28,0,0
0,49,11,30,0,0
0,50,11,33,0,0
0,51,11,34,0,0
0,52,11,38,0,0
0,53,11,41,0,0
0,54,11,41,0,0
0,55,11,41,0,0
0,56,11,50,0,0
0,57,11,54,0,0
0,58,11,56,0,0
0,59,11,58,0,0
0,60,11,59,0,0
0,61,12,2,0,0
0,62,12,4,0,0
0,63,12,4,0,0
0,64,12,5,0,0
0,65,12,6,0,0
0,66,12,18,0,0
0,67,12,21,0,0
0,68,12,29,0,0
0,69,12,32,0,0
0,70,12,39,0,0
0,71,12,41,0,0
0,72,12,49,0,0
0,73,12,50,0,0
0,74,12,51,0,0
0,75,13,10,0,0
0,76,13,14,0,0
0,77,13,21,0,0
0,78,13,23,0,0
0,79,13,31,0,0
0,80,13,33,0,0
0,81,13,37,0,0
0,82,13,38,0,0
0,83,13,38,0,0
0,84,13,42,0,0
0,85,13,46,0,0
0,86,13,46,0,0
0,87,13,49,0,67
0,88,13,52,0,0
0,89,13,59,0,0
0,90,14,5,0,0
0,91,14,6,0,0
0,92,14,7,0,0
0,93,14,12,0,0
0,94,14,14,0,0
0,95,14,16,0,0
0,96,14,23,0,0
0,97,14,30,0,0
0,98,14,30,0,0
0,99,14,33,0,0
0,100,14,42,0,0
0,101,14,53,0,0
0,102,14,54,0,0
0,103,14,58,0,0
0,104,15,0,0,0
0,105,15,8,0,0
0,106,15,9,0,0
0,107,15,10,0,0
0,108,15,11,0,371
1,109,15,14,0,377
2,110,15,17,0,226
3,111,15,17,0,205
0,112,15,25,0,0
0,113,15,27,0,0
0,114,15,31,0,0
0,115,15,34,0,0
0,116,15,37,0,0
0,117,15,50,0,0
0,118,15,54,0,0
0,119,15,58,0,0
0,120,16,2,0,0
0,121,16,3,0,0
0,122,16,5,0,0
0,123,16,8,0,0
0,124,16,9,0,0
0,125,16,11,0,0
0,126,16,18,0,0
0,127,16,21,0,0
0,128,16,21,0,0
0,129,16,22,0,0
0,130,16,26,0,0
0,131,16,40,0,0
0,132,16,46,0,0
0,133,16,49,0,0
0,134,16,52,0,0
0,135,17,0,0,0
0,136,17,0,0,0
0,137,17,0,0,0
0,138,17,2,0,0
0,139,17,3,0,0
0,140,17,4,0,0
0,141,17,4,0,102
0,142,17,15,0,0
0,143,17,22,0,0
0,144,17,29,0,0
0,145,17,29,0,0
0,146,17,35,0,0
0,147,17,41,0,0
0,148,17,48,0,0
0,149,17,50,0,0
0,150,17,53,0,0
0,151,17,53,0,0
0,1,8,0,1,0
0,2,8,3,1,0
0,3,8,3,1,0
0,4,8,10,1,0
0,5,8,10,1,0
0,6,8,20,1,0
0,7,8,21,1,0
0,8,8,22,1,0
0,9,8,22,1,0
0,10,8,23,1,0
0,11,8,28,1,0
0,12,8,29,1,0
0,13,8,31,1,0
0,14,8,40,1,0
0,15,8,44,1,0
0,16,8,45,1,0
0,17,8,50,1,0
0,18,8,53,1,0
0,19,8,57,1,0
0,20,8,59,1,0
0,21,9,2,1,0
0,22,9,14,1,0
0,23,9,14,1,0
0,24,9,26,1,0
0,25,9,37,1,0
0,26,9,39,1,0
0,27,9,40,1,0
0,28,9,40,1,0
0,29,9,55,1,0
0,30,9,56,1,0
0,31,9,59,1,0
0,32,10,1,1,0
0,33,10,4,1,0
0,34,10,6,1,0
0,35,10,18,1,0
0,36,10,20,1,0
0,37,10,33,1,0
0,38,10,38,1,0
0,39,10,45,1,0
0,40,10,52,1,0
0,41,11,1,1,0
0,42,11,3,1,0
0,43,11,4,1,0
0,44,11,6,1,0
0,45,11,12,1,0
0,46,11,16,1,0
0,47,11,17,1,0
0,48,11,24,1,0
0,49,11,25,1,0
0,50,11,31,1,0
0,51,11,47,1,0
0,52,11,52,1,0
0,53,11,53,1,0
0,54,11,55,1,0
0,55,11,57,1,0
0,56,12,1,1,0
0,57,12,1,1,0
0,58,12,9,1,0
0,59,12,11,1,0
0,60,12,15,1,0
0,61,12,22,1,0
0,62,12,27,1,0
0,63,12,33,1,0
0,64,12,34,1,0
0,65,12,36,1,0
0,66,12,42,1,0
0,67,12,46,1,0
0,68,12,47,1,0
0,69,12,50,1,0
0,70,13,1,1,0
0,71,13,2,1,0
0,72,13,5,1,0
0,73,13,12,1,0
0,74,13,14,1,0
0,75,13,16,1,0
0,76,13,19,1,0
0,77,13,21,1,0
0,78,13,30,1,0
0,79,13,30,1,0
0,80,13,31,1,0
0,81,13,32,1,0
0,82,13,43,1,0
0,83,13,48,1,0
0,84,13,56,1,0
0,85,13,57,1,0
0,86,14,5,1,0
0,87,14,6,1,0
0,88,14,8,1,0
0,89,14,8,1,0
0,90,14,12,1,0
0,91,14,13,1,0
0,92,14,15,1,47
0,93,14,24,1,0
0,94,14,29,1,0
0,95,14,32,1,0
0,96,14,33,1,0
0,97,14,38,1,0
0,98,14,38,1,0
0,99,14,42,1,38
0,100,14,43,1,0
0,101,14,44,1,24
0,102,14,48,1,0
0,103,14,51,1,0
0,104,14,52,1,0
0,105,14,53,1,11
0,106,15,4,1,0
0,107,15,10,1,0
0,108,15,10,1,0
0,109,15,11,1,0
0,110,15,12,1,0
0,111,15,15,1,0
0,112,15,20,1,0
0,113,15,21,1,0
0,114,15,29,1,0
0,115,15,31,1,0
0,116,15,33,1,0
0,117,15,34,1,0
0,118,15,39,1,0
0,119,15,44,1,0
0,120,15,50,1,0
0,121,15,51,1,0
0,122,15,53,1,0
0,123,15,58,1,0
0,124,15,58,1,0
0,125,15,59,1,0
0,126,16,3,1,0
0,127,16,5,1,0
0,128,16,11,1,0
0,129,16,11,1,0
0,130,16,15,1,0
0,131,16,15,1,0
0,132,16,16,1,0
0,133,16,18,1,0
0,134,16,24,1,0
0,135,16,27,1,0
0,136,16,27,1,0
0,137,16,34,1,0
0,138,16,36,1,0
0,139,16,39,1,0
0,140,16,45,1,0
0,141,16,53,1,0
0,142,16,56,1,0
0,143,17,12,1,0
0,144,17,13,1,0
0,145,17,18,1,0
0,146,17,19,1,0
0,147,17,20,1,0
0,148,17,22,1,0
0,149,17,25,1,0
0,150,17,28,1,0
0,151,17,28,1,0
0,152,17,33,1,0
0,153,17,36,1,0
0,154,17,39,1,0
0,155,17,43,1,0
0,156,17,44,1,0
0,157,17,47,1,0
0,1,8,0,2,0
0,2,8,2,2,0
0,3,8,10,2,0
0,4,8,15,2,0
0,5,8,17,2,0
0,6,8,17,2,0
0,7,8,18,2,0
0,8,8,19,2,0
0,9,8,20,2,0
0,10,8,20,2,40
0,11,8,30,2,0
0,12,8,33,2,0
0,13,8,36,2,0
0,14,8,39,2,0
0,15,8,39,2,0
0,16,8,43,2,0
0,17,9,0,2,0
0,18,9,7,2,0
0,19,9,24,2,0
0,20,9,37,2,0
0,21,9,45,2,0
0,22,9,52,2,0
0,23,9,54,2,0
0,24,10,2,2,0
0,25,10,3,2,0
0,26,10,3,2,0
0,27,10,7,2,0
0,28,10,12,2,0
0,29,10,17,2,0
0,30,10,20,2,0
0,31,10,21,2,0
0,32,10,25,2,0
0,33,10,38,2,0
0,34,10,38,2,0
0,35,10,38,2,0
0,36,10,39,2,0
0,37,10,40,2,0
0,38,10,44,2,0
0,39,10,47,2,0
0,40,10,49,2,0
0,41,10,50,2,0
0,42,10,52,2,0
0,43,10,53,2,0
0,44,10,53,2,0
0,45,10,57,2,0
0,46,11,0,2,0
0,47,11,7,2,0
0,48,11,13,2,0
0,49,11,13,2,0
0,50,11,15,2,0
0,51,11,19,2,0
0,52,11,27,2,0
0,53,11,31,2,0
0,54,11,39,2,0
0,55,11,47,2,0
0,56,11,48,2,0
0,57,11,54,2,0
0,58,11,58,2,0
0,59,12,2,2,0
0,60,12,4,2,0
0,61,12,6,2,0
0,62,12,11,2,0
0,63,12,16,2,0
0,64,12,19,2,0
0,65,12,22,2,0
0,66,12,31,2,0
0,67,12,32,2,0
0,68,12,34,2,0
0,69,12,36,2,0
0,70,12,36,2,0
0,71,12,42,2,0
0,72,12,44,2,0
0,73,12,47,2,0
0,74,12,54,2,0
0,75,12,56,2,0
0,76,13,2,2,0
0,77,13,3,2,0
0,78,13,3,2,0
0,79,13,7,2,0
0,80,13,8,2,0
0,81,13,18,2,0
0,82,13,20,2,0
0,83,13,26,2,0
0,84,13,35,2,0
0,85,13,38,2,0
0,86,13,38,2,0
0,87,13,42,2,0
0,88,13,44,2,0
0,89,13,46,2,0
0,90,13,46,2,0
0,91,13,49,2,0
0,92,13,49,2,0
0,93,14,4,2,0
0,94,14,10,2,0
0,95,14,19,2,0
0,96,14,24,2,0
0,97,14,25,2,0
0,98,14,28,2,0
0,99,14,30,2,0
0,100,14,35,2,0
0,101,14,36,2,0
0,102,14,37,2,0
0,103,14,40,2,0
0,104,14,43,2,0
0,105,14,49,2,0
0,106,14,59,2,0
0,107,15,2,2,0
0,108,15,6,2,0
0,109,15,15,2,0
0,110,15,18,2,0
0,111,15,23,2,0
0,112,15,25,2,0
0,113,15,33,2,0
0,114,15,39,2,0
0,115,15,43,2,0
0,116,15,53,2,0
0,117,15,56,2,0
0,118,15,56,2,0
0,119,16,3,2,0
0,120,16,4,2,0
0,121,16,7,2,0
0,122,16,11,2,0
0,123,16,18,2,0
0,124,16,19,2,0
0,125,16,20,2,0
0,126,16,23,2,0
0,127,16,25,2,0
0,128,16,28,2,0
0,129,16,31,2,0
0,130,16,32,2,0
0,131,16,35,2,0
0,132,16,38,2,0
0,133,16,39,2,0
0,134,16,44,2,0
0,135,16,44,2,0
0,136,16,47,2,0
0,137,16,49,2,0
0,138,16,56,2,0
0,139,17,1,2,0
0,140,17,3,2,0
0,141,17,6,2,0
0,142,17,9,2,0
0,143,17,14,2,0
0,144,17,18,2,0
0,145,17,19,2,0
0,146,17,19,2,0
0,147,17,22,2,0
0,148,17,24,2,0
0,149,17,24,2,3
0,150,17,25,2,114
0,151,17,28,2,0
0,152,17,37,2,0
0,153,17,37,2,0
0,154,17,41,2,0
0,155,17,45,2,0
0,1,8,0,3,0
0,2,8,2,3,0
0,3,8,14,3,0
0,4,8,14,3,0
0,5,8,16,3,0
0,6,8,18,3,0
0,7,8,22,3,0
0,8,8,23,3,0
0,9,8,25,3,0
0,10,8,28,3,0
0,11,8,29,3,0
0,12,8,30,3,0
0,13,8,32,3,0
0,14,8,33,3,0
0,15,8,35,3,0
0,16,8,37,3,0
0,17,8,38,3,0
0,18,8,38,3,26
0,19,8,44,3,0
0,20,8,54,3,0
0,21,9,6,3,0
0,22,9,11,3,0
0,23,9,15,3,0
0,24,9,15,3,0
0,25,9,16,3,0
0,26,9,19,3,0
0,27,9,22,3,0
0,28,9,29,3,0
0,29,9,30,3,0
0,30,9,32,3,0
0,31,9,33,3,0
0,32,9,33,3,0
0,33,9,36,3,0
0,34,9,36,3,0
0,35,9,43,3,0
0,36,9,47,3,0
0,37,9,50,3,0
0,38,9,53,3,0
0,39,9,54,3,0
0,40,9,54,3,0
0,41,9,56,3,0
0,42,10,1,3,0
0,43,10,2,3,0
0,44,10,11,3,0
0,45,10,12,3,0
0,46,10,12,3,0
0,47,10,18,3,0
0,48,10,23,3,0
0,49,10,24,3,0
0,50,10,25,3,0
0,51,10,51,3,0
0,52,10,54,3,0
0,53,10,55,3,0
0,54,10,56,3,0
0,55,11,16,3,0
0,56,11,32,3,0
0,57,11,34,3,0
0,58,11,40,3,0
0,59,11,40,3,0
0,60,11,48,3,0
0,61,11,48,3,0
0,62,11,49,3,0
0,63,11,58,3,0
0,64,12,4,3,0
0,65,12,8,3,0
0,66,12,12,3,0
0,67,12,12,3,0
0,68,12,12,3,0
0,69,12,18,3,0
0,70,12,23,3,0
0,71,12,27,3,0
0,72,12,28,3,0
0,73,12,28,3,0
0,74,12,32,3,0
0,75,12,32,3,0
0,76,12,34,3,37
0,77,12,36,3,0
0,78,12,51,3,0
0,79,12,52,3,0
0,80,12,52,3,0
0,81,12,53,3,0
0,82,12,55,3,0
0,83,12,55,3,0
0,84,12,58,3,0
0,85,12,59,3,0
0,86,13,3,3,0
0,87,13,9,3,0
0,88,13,21,3,0
0,89,13,24,3,0
0,90,13,30,3,0
0,91,13,35,3,0
0,92,13,37,3,0
0,93,13,41,3,0
0,94,13,44,3,0
0,95,13,45,3,0
0,96,13,49,3,0
0,97,13,54,3,0
0,98,14,0,3,0
0,99,14,3,3,0
0,100,14,9,3,0
0,101,14,11,3,0
0,102,14,19,3,0
0,103,14,26,3,0
0,104,14,28,3,0
0,105,14,30,3,0
0,106,14,31,3,0
0,107,14,38,3,0
0,108,14,41,3,0
0,109,14,46,3,0
0,110,14,50,3,0
0,111,14,55,3,0
0,112,14,56,3,0
0,113,15,15,3,0
0,114,15,19,3,0
0,115,15,20,3,0
0,116,15,22,3,0
0,117,15,25,3,0
0,118,15,26,3,0
0,119,15,31,3,0
0,120,15,34,3,0
0,121,15,38,3,0
0,122,15,58,3,0
0,123,16,5,3,0
0,124,16,5,3,0
0,125,16,9,3,0
0,126,16,12,3,0
0,127,16,15,3,0
0,128,16,17,3,0
0,129,16,20,3,0
0,130,16,21,3,0
0,131,16,28,3,0
0,132,16,31,3,0
0,133,16,31,3,0
0,134,16,32,3,0
0,135,16,33,3,0
0,136,16,35,3,0
0,137,16,41,3,0
0,138,16,44,3,0
0,139,16,46,3,0
0,140,16,49,3,0
0,141,16,53,3,0
0,142,16,59,3,0
0,143,17,3,3,0
0,144,17,9,3,0
0,145,17,10,3,0
0,146,17,14,3,0
0,147,17,20,3,0
0,148,17,26,3,0
0,149,17,31,3,0
0,150,17,45,3,0
0,151,17,53,3,0
0,152,17,54,3,0
0,1,8,0,4,0
0,2,8,0,4,0
0,3,8,2,4,0
0,4,8,7,4,0
0,5,8,8,4,0
0,6,8,11,4,0
0,7,8,14,4,0
0,8,8,19,4,0
0,9,8,21,4,0
0,10,8,23,4,0
0,11,8,26,4,0
0,12,8,29,4,0
0,13,8,43,4,0
0,14,8,44,4,0
0,15,8,46,4,0
0,16,8,49,4,0
0,17,8,52,4,0
0,18,8,55,4,0
0,19,9,3,4,0
0,20,9,4,4,0
0,21,9,11,4,0
0,22,9,16,4,0
0,23,9,19,4,0
0,24,9,21,4,0
0,25,9,40,4,0
0,26,9,45,4,0
0,27,9,51,4,0
0,28,9,52,4,0
0,29,9,53,4,0
0,30,9,54,4,0
0,31,9,54,4,0
0,32,9,55,4,0
0,33,9,55,4,0
0,34,10,2,4,0
0,35,10,9,4,0
0,36,10,18,4,0
0,37,10,20,4,0
0,38,10,21,4,0
0,39,10,30,4,0
0,40,10,31,4,0
0,41,10,32,4,0
0,42,10,34,4,0
0,43,10,34,4,0
0,44,10,42,4,0
0,45,10,42,4,0
0,46,10,45,4,0
0,47,11,0,4,0
0,48,11,0,4,0
0,49,11,1,4,0
0,50,11,18,4,0
0,51,11,22,4,0
0,52,11,26,4,0
0,53,11,37,4,0
0,54,11,39,4,0
0,55,11,44,4,0
0,56,11,45,4,0
0,57,11,52,4,0
0,58,11,53,4,0
0,59,11,57,4,0
0,60,12,0,4,0
0,61,12,3,4,0
0,62,12,5,4,0
0,63,12,5,4,0
0,64,12,8,4,0
0,65,12,12,4,0
0,66,12,12,4,0
0,67,12,13,4,0
0,68,12,15,4,0
0,69,12,22,4,0
0,70,12,23,4,0
0,71,12,23,4,0
0,72,12,25,4,0
0,73,12,35,4,0
0,74,12,36,4,0
0,75,12,47,4,0
0,76,12,49,4,0
0,77,12,57,4,0
0,78,12,57,4,0
0,79,13,2,4,0
0,80,13,3,4,0
0,81,13,5,4,0
0,82,13,8,4,0
0,83,13,9,4,0
0,84,13,11,4,0
0,85,13,12,4,0
0,86,13,14,4,0
0,87,13,21,4,0
0,88,13,21,4,0
0,89,13,24,4,0
0,90,13,27,4,0
0,91,13,29,4,0
0,92,13,38,4,0
0,93,13,39,4,0
0,94,13,39,4,21
1,95,13,39,4,25
0,96,13,50,4,0
0,97,13,55,4,0
0,98,14,5,4,0
0,99,14,11,4,0
0,100,14,30,4,0
0,101,14,36,4,0
0,102,14,37,4,0
0,103,14,49,4,0
0,104,15,1,4,0
0,105,15,8,4,0
0,106,15,8,4,0
0,107,15,11,4,0
0,108,15,11,4,0
0,109,15,17,4,0
0,110,15,27,4,0
0,111,15,29,4,0
0,112,15,34,4,0
0,113,15,35,4,0
0,114,15,35,4,0
0,115,15,36,4,0
0,116,15,39,4,0
0,117,15,41,4,0
0,118,15,42,4,0
0,119,15,42,4,20
0,120,15,48,4,0
0,121,15,50,4,0
0,122,15,50,4,0
0,123,15,58,4,0
0,124,16,9,4,0
0,125,16,10,4,0
0,126,16,13,4,0
0,127,16,17,4,0
0,128,16,17,4,0
0,129,16,18,4,0
0,130,16,21,4,0
0,131,16,29,4,0
0,132,16,30,4,0
0,133,16,31,4,0
0,134,16,33,4,0
0,135,16,34,4,0
0,136,16,35,4,0
0,137,16,38,4,0
0,138,16,39,4,0
0,139,16,40,4,0
0,140,16,45,4,0
0,141,16,46,4,0
0,142,16,47,4,0
0,143,17,2,4,0
0,144,17,15,4,0
0,145,17,26,4,0
0,146,17,26,4,0
0,147,17,46,4,0
0,148,17,49,4,0
0,150,17,55,4,0
0,151,17,55,4,0
0,1,8,0,0,0
0,2,8,8,0,0
0,3,8,13,0,0
0,4,8,20,0,0
0,5,8,22,0,0
0,6,8,28,0,0
0,7,8,31,0,0
0,8,8,34,0,0
0,9,8,35,0,0
0,10,8,35,0,0
0,11,8,45,0,0
0,12,8,49,0,0
0,13,8,59,0,0
0,14,9,1,0,0
0,15,9,4,0,0
0,16,9,6,0,0
0,17,9,10,0,0
0,18,9,18,0,0
0,19,9,18,0,0
0,20,9,36,0,0
0,21,9,36,0,0
0,22,9,43,0,0
0,23,9,48,0,0
0,24,9,49,0,0
0,25,10,3,0,0
0,26,10,6,0,0
0,27,10,13,0,0
0,28,10,17,0,0
0,29,10,18,0,0
0,30,10,21,0,0
0,31,10,22,0,0
0,32,10,24,0,0
0,33,10,24,0,0
0,34,10,24,0,0
0,35,10,25,0,165
0,36,10,49,0,0
0,37,10,52,0,0
0,38,11,0,0,0
0,39,11,2,0,0
0,40,11,3,0,0
0,41,11,7,0,0
0,42,11,7,0,0
0,43,11,7,0,0
0,44,11,9,0,0
0,45,11,10,0,0
0,46,11,14,0,0
0,47,11,20,0,0
0,48,11,22,0,0
0,49,11,28,0,0
0,50,11,30,0,0
0,51,11,31,0,0
0,52,11,32,0,0
0,53,11,33,0,92
0,54,11,37,0,0
0,55,12,6,0,0
0,56,12,11,0,0
0,57,12,17,0,0
0,58,12,19,0,0
0,59,12,23,0,0
0,60,12,23,0,0
0,61,12,26,0,0
0,62,12,38,0,0
0,63,12,40,0,0
0,64,12,40,0,0
0,65,12,41,0,0
0,66,12,43,0,0
0,67,12,47,0,0
0,68,12,49,0,0
0,69,12,51,0,0
0,70,12,51,0,0
0,71,12,54,0,0
0,72,12,58,0,0
0,73,13,4,0,0
0,74,13,8,0,0
0,75,13,9,0,0
0,76,13,15,0,0
0,77,13,19,0,0
0,78,13,21,0,0
0,79,13,35,0,0
0,80,13,43,0,0
0,81,13,46,0,0
0,82,13,51,0,0
0,83,13,54,0,0
0,84,13,55,0,0
0,85,13,58,0,0
0,86,14,19,0,0
0,87,14,21,0,0
0,88,14,23,0,0
0,89,14,24,0,0
0,90,14,25,0,0
0,91,14,33,0,0
0,92,14,39,0,0
0,93,14,41,0,0
0,94,14,43,0,0
0,95,14,47,0,0
0,96,14,48,0,0
0,97,14,53,0,0
0,98,14,58,0,0
0,99,15,3,0,0
0,100,15,3,0,0
0,101,15,13,0,0
0,102,15,13,0,0
0,103,15,17,0,0
0,104,15,17,0,0
0,105,15,22,0,0
0,106,15,37,0,0
0,107,15,41,0,0
0,108,15,42,0,0
0,109,15,44,0,0
0,110,15,49,0,0
0,111,15,54,0,0
0,112,15,54,0,0
0,113,16,1,0,0
0,114,16,2,0,0
0,115,16,3,0,0
0,116,16,4,0,0
0,117,16,4,0,41
0,118,16,11,0,0
0,119,16,12,0,0
0,120,16,17,0,0
0,121,16,28,0,0
0,122,16,32,0,0
0,123,16,47,0,0
0,124,16,50,0,0
0,125,17,2,0,0
0,126,17,10,0,0
0,127,17,13,0,0
0,128,17,15,0,0
0,129,17,21,0,0
0,130,17,24,0,0
0,131,17,34,0,0
0,132,17,37,0,0
0,133,17,42,0,0
0,134,17,48,0,0
0,1,8,0,1,0
0,2,8,6,1,0
0,3,8,7,1,0
0,4,8,17,1,0
0,5,8,22,1,0
0,6,8,23,1,0
0,7,8,23,1,0
0,8,8,37,1,0
0,9,8,41,1,0
0,10,8,43,1,0
0,11,8,51,1,0
0,12,8,52,1,0
0,13,8,54,1,0
0,14,8,57,1,0
0,15,8,59,1,0
0,16,9,3,1,0
0,17,9,10,1,0
0,18,9,16,1,0
0,19,9,22,1,0
0,20,9,31,1,0
0,21,9,37,1,0
0,22,9,38,1,0
0,23,9,39,1,0
0,24,9,40,1,0
0,25,9,42,1,0
0,26,9,43,1,8
0,27,9,45,1,0
0,28,9,45,1,0
0,29,9,48,1,0
0,30,10,0,1,0
0,31,10,2,1,0
0,32,10,3,1,0
0,33,10,6,1,0
0,34,10,6,1,0
0,35,10,23,1,0
0,36,10,27,1,0
0,37,10,32,1,0
0,38,10,38,1,0
0,39,10,39,1,0
0,40,10,43,1,0
0,41,10,44,1,0
0,42,10,45,1,162
1,43,10,45,1,170
0,44,10,52,1,0
0,45,10,53,1,0
0,46,10,55,1,13
0,47,10,56,1,9
0,48,11,5,1,0
0,49,11,6,1,0
0,50,11,14,1,0
0,51,11,19,1,0
0,52,11,24,1,0
0,53,11,30,1,0
0,54,11,34,1,0
0,55,11,36,1,0
0,56,11,40,1,0
0,57,11,40,1,0
0,58,11,42,1,0
0,59,11,43,1,0
0,60,11,50,1,0
0,61,11,50,1,0
0,62,11,51,1,0
0,63,11,55,1,0
0,64,12,2,1,0
0,65,12,4,1,0
0,66,12,8,1,0
0,67,12,18,1,0
0,68,12,18,1,0
0,69,12,20,1,0
0,70,12,22,1,0
0,71,12,23,1,75
1,72,12,23,1,62
2,73,12,23,1,67
0,74,12,26,1,0
0,75,12,29,1,0
0,76,12,33,1,0
0,77,12,42,1,0
0,78,12,43,1,0
0,79,12,43,1,0
0,80,12,47,1,0
0,81,12,54,1,0
0,82,12,56,1,0
0,83,12,58,1,0
0,84,13,3,1,0
0,85,13,14,1,0
0,86,13,15,1,0
0,87,13,16,1,0
0,88,13,16,1,0
0,89,13,23,1,0
0,90,13,27,1,0
0,91,13,29,1,0
0,92,13,35,1,0
0,93,13,35,1,0
0,94,13,48,1,0
0,95,13,54,1,0
0,96,13,57,1,0
0,97,14,0,1,0
0,98,14,1,1,0
0,99,14,2,1,9
0,100,14,6,1,0
0,101,14,7,1,0
0,102,14,13,1,0
0,103,14,14,1,0
0,104,14,15,1,0
0,105,14,25,1,0
0,106,14,26,1,0
0,107,14,35,1,0
0,108,14,48,1,0
0,109,14,52,1,0
0,110,15,1,1,0
0,111,15,3,1,0
0,112,15,10,1,0
0,113,15,10,1,0
0,114,15,11,1,0
0,115,15,15,1,0
0,116,15,18,1,0
0,117,15,19,1,0
0,118,15,34,1,0
0,119,15,35,1,0
0,120,15,43,1,0
0,121,15,53,1,0
0,122,15,59,1,0
0,123,16,4,1,0
0,124,16,8,1,0
0,125,16,12,1,0
0,126,16,14,1,0
0,127,16,15,1,0
0,128,16,23,1,0
0,129,16,24,1,0
0,130,16,30,1,0
0,131,16,34,1,0
0,132,16,36,1,0
0,133,16,38,1,0
0,134,16,46,1,0
0,135,16,48,1,0
0,136,16,53,1,0
0,137,16,58,1,0
0,138,16,58,1,0
0,139,17,4,1,0
0,140,17,9,1,0
0,141,17,9,1,0
0,142,17,11,1,0
0,143,17,14,1,0
0,144,17,17,1,0
0,145,17,19,1,0
0,146,17,19,1,0
0,147,17,23,1,0
0,148,17,25,1,0
0,149,17,27,1,0
0,150,17,39,1,0
0,151,17,39,1,0
0,152,17,41,1,0
0,153,17,43,1,0
0,154,17,47,1,0
0,1,8,0,2,0
0,2,8,13,2,0
0,3,8,15,2,0
0,4,8,19,2,0
0,5,8,37,2,0
0,6,8,41,2,0
0,7,8,42,2,0
0,8,8,52,2,0
0,9,8,55,2,0
0,10,9,4,2,0
0,11,9,5,2,0
0,12,9,5,2,0
0,13,9,6,2,0
0,14,9,11,2,0
0,15,9,11,2,0
0,16,9,12,2,0
0,17,9,15,2,0
0,18,9,20,2,0
0,19,9,22,2,0
0,20,9,23,2,0
0,21,9,25,2,0
0,22,9,27,2,74
1,23,9,28,2,52
0,24,9,31,2,56
0,25,9,37,2,0
0,26,9,39,2,0
0,27,9,47,2,0
0,28,9,47,2,0
0,29,9,51,2,0
0,30,9,53,2,0
0,31,9,53,2,0
0,32,9,55,2,0
0,33,9,56,2,16
0,34,9,58,2,0
0,35,10,2,2,0
0,36,10,3,2,0
0,37,10,4,2,22
0,38,10,11,2,0
0,39,10,12,2,0
0,40,10,12,2,93
0,41,10,16,2,0
0,42,10,22,2,0
0,43,10,22,2,0
0,44,10,26,2,0
0,45,10,28,2,0
0,46,10,37,2,0
0,47,10,42,2,0
0,48,10,44,2,0
0,49,10,46,2,0
0,50,10,59,2,0
0,51,11,6,2,0
0,52,11,12,2,0
0,53,11,18,2,0
0,54,11,23,2,0
0,55,11,27,2,0
0,56,11,29,2,0
0,57,11,35,2,0
0,58,11,42,2,0
0,59,11,44,2,0
0,60,11,45,2,0
0,61,11,46,2,0
0,62,11,46,2,0
0,63,11,53,2,0
0,64,11,55,2,0
0,65,12,2,2,0
0,66,12,5,2,0
0,67,12,7,2,0
0,68,12,11,2,0
0,69,12,15,2,0
0,70,12,16,2,0
0,71,12,19,2,0
0,72,12,20,2,0
0,73,12,21,2,0
0,74,12,23,2,0
0,75,12,24,2,0
0,76,12,33,2,0
0,77,12,36,2,0
0,78,12,37,2,0
0,79,12,38,2,0
0,80,12,48,2,0
0,81,12,54,2,0
0,82,12,55,2,0
0,83,13,1,2,0
0,84,13,2,2,0
0,85,13,5,2,0
0,86,13,12,2,0
0,87,13,21,2,0
0,88,13,26,2,0
0,89,13,28,2,0
0,90,13,30,2,0
0,91,13,40,2,0
0,92,13,42,2,0
0,93,13,43,2,0
0,94,13,56,2,0
0,95,13,58,2,0
0,96,13,58,2,0
0,97,13,59,2,0
0,98,14,0,2,194
0,99,14,30,2,0
0,100,14,42,2,0
0,101,14,43,2,0
0,102,14,44,2,0
0,103,14,44,2,14
0,104,14,49,2,0
0,105,14,49,2,0
0,106,14,50,2,0
0,107,14,51,2,0
0,108,14,53,2,0
0,109,15,6,2,0
0,110,15,17,2,0
0,111,15,18,2,0
0,112,15,26,2,0
0,113,15,31,2,0
0,114,15,31,2,0
0,115,15,35,2,0
0,116,15,35,2,0
0,117,15,46,2,0
0,118,15,47,2,0
0,119,15,53,2,0
0,120,15,55,2,0
0,121,16,7,2,0
0,122,16,11,2,0
0,123,16,12,2,0
0,124,16,20,2,0
0,125,16,21,2,0
0,126,16,24,2,0
0,127,16,27,2,0
0,128,16,34,2,0
0,129,16,38,2,0
0,130,16,42,2,0
0,131,16,43,2,0
0,132,16,51,2,0
0,133,16,52,2,0
0,134,16,54,2,0
0,135,16,58,2,0
0,136,16,58,2,0
0,137,17,2,2,0
0,138,17,3,2,0
0,139,17,6,2,0
0,140,17,12,2,0
0,141,17,15,2,0
0,142,17,30,2,0
0,143,17,35,2,0
0,144,17,44,2,0
0,146,17,50,2,0
0,147,17,50,2,0
0,148,17,55,2,0
0,1,8,0,3,0
0,2,8,4,3,0
0,3,8,9,3,0
0,4,8,15,3,0
0,5,8,18,3,0
0,6,8,28,3,0
0,7,8,41,3,0
0,8,8,42,3,0
0,9,8,49,3,0
0,10,8,58,3,0
0,11,8,58,3,0
0,12,9,2,3,0
0,13,9,5,3,0
0,14,9,8,3,0
0,15,9,10,3,0
0,16,9,12,3,0
0,17,9,17,3,0
0,18,9,19,3,0
0,19,9,24,3,0
0,20,9,26,3,0
0,21,9,29,3,0
0,22,9,30,3,0
0,23,9,40,3,0
0,24,9,50,3,0
0,25,9,53,3,0
0,26,10,1,3,0
0,27,10,4,3,0
0,28,10,4,3,0
0,29,10,9,3,0
0,30,10,13,3,0
0,31,10,16,3,0
0,32,10,32,3,0
0,33,10,35,3,0
0,34,10,37,3,0
0,35,10,38,3,0
0,36,10,42,3,0
0,37,10,42,3,0
0,38,10,43,3,0
0,39,10,46,3,0
0,40,10,54,3,0
0,41,10,55,3,0
0,42,11,1,3,0
0,43,11,4,3,0
0,44,11,13,3,0
0,45,11,14,3,0
0,46,11,17,3,0
0,47,11,18,3,145
1,48,11,19,3,291
0,49,11,25,3,0
0,50,11,30,3,0
0,51,11,33,3,0
0,52,11,40,3,0
0,53,11,41,3,0
0,54,11,50,3,0
0,55,11,51,3,0
0,56,11,54,3,0
0,57,12,0,3,0
0,58,12,2,3,0
0,59,12,4,3,0
0,60,12,7,3,0
0,61,12,7,3,147
0,62,12,13,3,0
0,63,12,16,3,0
0,64,12,19,3,0
0,65,12,31,3,0
0,66,12,35,3,0
0,67,12,37,3,0
0,68,12,37,3,0
0,69,12,46,3,0
0,70,12,51,3,0
0,71,12,55,3,0
0,72,12,56,3,0
0,73,12,58,3,0
0,74,13,0,3,0
0,75,13,4,3,0
0,76,13,7,3,0
0,77,13,8,3,0
0,78,13,8,3,0
0,79,13,22,3,0
0,80,13,36,3,0
0,81,13,43,3,0
0,82,13,52,3,0
0,83,13,52,3,0
0,84,13,53,3,0
0,85,13,54,3,0
0,86,13,55,3,0
0,87,13,57,3,0
0,88,14,8,3,0
0,89,14,12,3,0
0,90,14,13,3,0
0,91,14,13,3,0
0,92,14,16,3,0
0,93,14,28,3,0
0,94,14,31,3,0
0,95,14,41,3,0
0,96,14,42,3,0
0,97,14,45,3,0
0,98,14,55,3,0
0,99,15,0,3,0
0,100,15,9,3,0
0,101,15,13,3,0
0,102,15,14,3,0
0,103,15,18,3,0
0,104,15,18,3,0
0,105,15,24,3,0
0,106,15,25,3,0
0,107,15,29,3,0
0,108,15,43,3,0
0,109,15,44,3,0
0,110,15,49,3,0
0,111,15,52,3,0
0,112,15,58,3,0
0,113,15,59,3,0
0,114,16,7,3,0
0,115,16,14,3,0
0,116,16,18,3,0
0,117,16,23,3,0
0,118,16,28,3,0
0,119,16,28,3,0
0,120,16,31,3,0
0,121,16,35,3,0
0,122,16,37,3,0
0,123,16,46,3,0
0,124,16,49,3,0
0,125,16,59,3,0
0,126,16,59,3,0
0,127,17,1,3,0
0,128,17,3,3,0
0,129,17,8,3,0
0,130,17,11,3,0
0,131,17,13,3,0
0,132,17,13,3,0
0,133,17,20,3,0
0,134,17,25,3,0
0,135,17,26,3,0
0,136,17,26,3,0
0,137,17,30,3,0
0,138,17,38,3,0
0,139,17,42,3,0
0,140,17,42,3,0
0,141,17,47,3,0
0,142,17,47,3,0
0,143,17,49,3,0
0,145,17,57,3,0
0,1,8,0,4,0
0,2,8,3,4,0
0,3,8,12,4,0
0,4,8,15,4,0
0,5,8,17,4,0
0,6,8,19,4,0
0,7,8,20,4,0
0,8,8,20,4,0
0,9,8,21,4,0
0,10,8,33,4,0
0,11,8,33,4,0
0,12,8,49,4,0
0,13,8,51,4,0
0,14,8,51,4,0
0,15,8,54,4,0
0,16,9,1,4,0
0,17,9,1,4,0
0,18,9,2,4,0
0,19,9,22,4,0
0,20,9,23,4,0
0,21,9,25,4,0
0,22,9,38,4,0
0,23,9,38,4,0
0,24,9,42,4,0
0,25,9,51,4,0
0,26,9,53,4,0
0,27,10,3,4,0
0,28,10,8,4,0
0,29,10,9,4,0
0,30,10,9,4,0
0,31,10,10,4,0
0,32,10,14,4,0
0,33,10,23,4,0
0,34,10,31,4,0
0,35,10,36,4,0
0,36,10,51,4,0
0,37,10,53,4,0
0,38,10,54,4,0
0,39,10,56,4,0
0,40,10,59,4,0
0,41,11,8,4,0
0,42,11,9,4,0
0,43,11,17,4,0
0,44,11,32,4,0
0,45,11,37,4,0
0,46,11,37,4,0
0,47,11,44,4,0
0,48,11,44,4,0
0,49,11,46,4,0
0,50,11,47,4,0
0,51,11,47,4,40
1,52,11,48,4,96
0,53,11,53,4,0
0,54,11,53,4,0
0,55,12,0,4,0
0,56,12,13,4,0
0,57,12,14,4,0
0,58,12,15,4,0
0,59,12,18,4,0
0,60,12,22,4,0
0,61,12,26,4,0
0,62,12,28,4,0
0,63,12,29,4,0
0,64,12,29,4,0
0,65,12,33,4,0
0,66,12,34,4,163
1,67,12,34,4,179
0,68,12,41,4,1
0,69,12,43,4,0
0,70,12,44,4,0
0,71,12,45,4,0
0,72,12,56,4,0
0,73,13,9,4,0
0,74,13,10,4,0
0,75,13,12,4,0
0,76,13,25,4,0
0,77,13,27,4,0
0,78,13,29,4,0
0,79,13,30,4,0
0,80,13,34,4,0
0,81,13,45,4,0
0,82,13,45,4,0
0,83,13,57,4,0
0,84,14,14,4,0
0,85,14,27,4,0
0,86,14,30,4,0
0,87,14,30,4,0
0,88,14,37,4,0
0,89,14,39,4,0
0,90,14,44,4,0
0,91,14,47,4,0
0,92,14,52,4,0
0,93,14,53,4,0
0,94,14,58,4,0
0,95,15,3,4,0
0,96,15,6,4,0
0,97,15,6,4,0
0,98,15,13,4,0
0,99,15,21,4,0
0,100,15,31,4,0
0,101,15,59,4,0
0,102,16,1,4,0
0,103,16,2,4,0
0,104,16,3,4,0
0,105,16,8,4,0
0,106,16,12,4,0
0,107,16,13,4,0
0,108,16,23,4,0
0,109,16,28,4,0
0,110,16,31,4,0
0,111,16,37,4,0
0,112,16,37,4,0
0,113,16,41,4,0
0,114,16,43,4,0
0,115,16,44,4,102
1,116,16,45,4,183
1,117,16,46,4,342
1,118,16,49,4,231
1,119,16,52,4,158
0,120,16,58,4,0
0,121,17,4,4,0
0,122,17,11,4,0
0,123,17,12,4,0
0,124,17,13,4,0
0,125,17,22,4,0
0,126,17,24,4,0
0,127,17,25,4,0
0,128,17,25,4,0
0,129,17,28,4,0
0,130,17,28,4,0
0,131,17,35,4,0
0,132,17,37,4,0
0,133,17,39,4,0
0,134,17,44,4,0
0,135,17,44,4,0
0,136,17,44,4,0
0,137,17,46,4,0
0,139,17,46,4,168
0,140,17,52,4,0
0,141,17,53,4,0
0,142,17,56,4,0
0,1,8,0,0,0
0,2,8,10,0,0
0,3,8,10,0,0
0,4,8,12,0,0
0,5,8,13,0,0
0,6,8,22,0,0
0,7,8,27,0,0
0,8,8,27,0,0
0,9,8,27,0,0
0,10,8,31,0,0
0,11,8,34,0,0
0,12,8,38,0,0
0,13,8,41,0,0
0,14,8,43,0,0
0,15,8,46,0,0
0,16,8,49,0,0
0,17,8,53,0,0
0,18,8,56,0,0
0,19,9,8,0,0
0,20,9,11,0,0
0,21,9,15,0,0
0,22,9,18,0,0
0,23,9,31,0,0
0,24,9,32,0,0
0,25,9,38,0,0
0,26,9,39,0,0
0,27,9,40,0,0
0,28,9,42,0,11
0,29,9,42,0,71
1,30,9,43,0,28
2,31,9,43,0,90
0,32,9,49,0,0
0,33,9,52,0,0
0,34,9,54,0,0
0,35,9,55,0,0
0,36,9,56,0,0
0,37,9,59,0,100
0,38,10,3,0,0
0,39,10,6,0,0
0,40,10,7,0,0
0,41,10,10,0,0
0,42,10,13,0,0
0,43,10,13,0,27
0,44,10,22,0,0
0,45,10,24,0,0
0,46,10,24,0,0
0,47,10,25,0,0
0,48,10,29,0,0
0,49,10,30,0,0
0,50,10,34,0,0
0,51,10,35,0,0
0,52,10,41,0,0
0,53,10,41,0,0
0,54,10,44,0,0
0,55,10,51,0,0
0,56,10,54,0,0
0,57,10,55,0,0
0,58,11,4,0,0
0,59,11,5,0,0
0,60,11,13,0,0
0,61,11,27,0,0
0,62,11,30,0,0
0,63,11,35,0,0
0,64,11,37,0,0
0,65,11,39,0,0
0,66,11,41,0,0
0,67,11,43,0,0
0,68,11,46,0,0
0,69,11,50,0,0
0,70,11,55,0,0
0,71,11,56,0,0
0,72,12,2,0,0
0,73,12,5,0,0
0,74,12,5,0,0
0,75,12,6,0,0
0,76,12,16,0,0
0,77,12,22,0,0
0,78,12,23,0,0
0,79,12,23,0,0
0,80,12,35,0,0
0,81,12,39,0,0
0,82,12,41,0,0
0,83,12,46,0,0
0,84,12,55,0,0
0,85,12,56,0,0
0,86,12,56,0,0
0,87,13,0,0,0
0,88,13,5,0,0
0,89,13,8,0,0
0,90,13,8,0,0
0,91,13,13,0,0
0,92,13,18,0,0
0,93,13,19,0,0
0,94,13,23,0,0
0,95,13,32,0,0
0,96,13,35,0,0
0,97,13,40,0,0
0,98,13,49,0,0
0,99,13,59,0,0
0,100,14,3,0,0
0,101,14,21,0,0
0,102,14,21,0,0
0,103,14,27,0,0
0,104,14,28,0,0
0,105,14,31,0,0
0,106,14,31,0,0
0,107,14,36,0,0
0,108,14,38,0,0
0,109,14,43,0,0
0,110,14,43,0,0
0,111,14,46,0,0
0,112,14,46,0,0
0,113,14,49,0,0
0,114,14,52,0,0
0,115,14,58,0,0
0,116,15,2,0,0
0,117,15,5,0,0
0,118,15,9,0,0
0,119,15,17,0,0
0,120,15,21,0,0
0,121,15,25,0,0
0,122,15,27,0,0
0,123,15,36,0,0
0,124,15,39,0,0
0,125,15,41,0,0
0,126,15,43,0,0
0,127,15,46,0,0
0,128,15,49,0,0
0,129,15,49,0,163
1,130,15,50,0,124
1,131,15,52,0,48
0,132,15,53,0,33
0,133,15,55,0,145
0,134,16,2,0,0
0,135,16,4,0,0
0,136,16,12,0,0
0,137,16,15,0,0
0,138,16,18,0,0
0,139,16,18,0,0
0,140,16,24,0,0
0,141,16,24,0,0
0,142,16,26,0,0
0,143,16,30,0,0
0,144,16,32,0,0
0,145,16,41,0,0
0,146,16,53,0,0
0,147,17,9,0,0
0,148,17,12,0,0
0,149,17,13,0,0
0,150,17,18,0,0
0,151,17,22,0,0
0,152,17,25,0,0
0,153,17,33,0,0
0,154,17,34,0,0
0,155,17,37,0,0
0,156,17,40,0,0
0,157,17,41,0,0
0,158,17,42,0,0
0,159,17,46,0,0
0,160,17,48,0,0
0,161,17,48,0,0
0,162,17,54,0,0
0,1,8,0,1,0
0,2,8,1,1,0
0,3,8,5,1,0
0,4,8,14,1,0
0,5,8,15,1,0
0,6,8,16,1,0
0,7,8,24,1,0
0,8,8,25,1,0
0,9,8,30,1,0
0,10,8,34,1,0
0,11,8,35,1,0
0,12,8,36,1,0
0,13,8,39,1,0
0,14,8,40,1,16
0,15,8,41,1,38
0,16,8,45,1,0
0,17,8,54,1,0
0,18,8,55,1,0
0,19,8,57,1,0
0,20,9,0,1,0
0,21,9,2,1,0
0,22,9,4,1,0
0,23,9,12,1,0
0,24,9,15,1,0
0,25,9,21,1,0
0,26,9,32,1,0
0,27,9,36,1,0
0,28,9,37,1,0
0,29,9,37,1,0
0,30,9,39,1,0
0,31,9,43,1,0
0,32,9,51,1,0
0,33,9,53,1,0
0,34,9,54,1,0
0,35,9,55,1,24
0,36,10,0,1,0
0,37,10,1,1,0
0,38,10,5,1,0
0,39,10,17,1,0
0,40,10,22,1,0
0,41,10,22,1,0
0,42,10,23,1,0
0,43,10,25,1,0
0,44,10,31,1,0
0,45,10,31,1,0
0,46,10,31,1,0
0,47,10,38,1,0
0,48,10,44,1,0
0,49,10,45,1,0
0,50,10,58,1,0
0,51,10,58,1,0
0,52,11,3,1,0
0,53,11,20,1,0
0,54,11,22,1,0
0,55,11,33,1,0
0,56,11,37,1,0
0,57,11,41,1,0
0,58,11,49,1,0
0,59,11,50,1,0
0,60,11,53,1,0
0,61,12,7,1,0
0,62,12,16,1,0
0,63,12,20,1,0
0,64,12,21,1,0
0,65,12,42,1,0
0,66,12,42,1,0
0,67,12,43,1,0
0,68,12,48,1,0
0,69,12,51,1,0
0,70,12,59,1,0
0,71,13,0,1,0
0,72,13,2,1,0
0,73,13,4,1,0
0,74,13,5,1,0
0,75,13,5,1,0
0,76,13,8,1,0
0,77,13,10,1,0
0,78,13,15,1,0
0,79,13,15,1,0
0,80,13,17,1,0
0,81,13,17,1,0
0,82,13,17,1,10
0,83,13,19,1,0
0,84,13,26,1,0
0,85,13,31,1,0
0,86,13,34,1,0
0,87,13,40,1,0
0,88,13,42,1,0
0,89,13,45,1,0
0,90,13,53,1,0
0,91,13,54,1,0
0,92,13,55,1,0
0,93,13,57,1,0
0,94,14,5,1,0
0,95,14,8,1,0
0,96,14,10,1,0
0,97,14,10,1,0
0,98,14,10,1,0
0,99,14,10,1,0
0,100,14,15,1,0
0,101,14,20,1,0
0,102,14,21,1,0
0,103,14,24,1,0
0,104,14,31,1,0
0,105,14,41,1,0
0,106,14,44,1,0
0,107,14,47,1,0
0,108,14,49,1,0
0,109,14,51,1,0
0,110,14,51,1,0
0,111,14,53,1,0
0,112,15,2,1,0
0,113,15,4,1,0
0,114,15,5,1,0
0,115,15,9,1,0
0,116,15,9,1,0
0,117,15,13,1,0
0,118,15,17,1,0
0,119,15,27,1,0
0,120,15,29,1,0
0,121,15,39,1,0
0,122,15,42,1,0
0,123,15,46,1,0
0,124,15,52,1,0
0,125,16,7,1,0
0,126,16,8,1,0
0,127,16,16,1,0
0,128,16,19,1,0
0,129,16,23,1,0
0,130,16,25,1,0
0,131,16,27,1,0
0,132,16,40,1,0
0,133,16,42,1,0
0,134,16,46,1,0
0,135,16,49,1,0
0,136,16,54,1,0
0,137,17,1,1,0
0,138,17,3,1,0
0,139,17,5,1,0
0,140,17,5,1,0
0,141,17,9,1,0
0,142,17,11,1,0
0,143,17,13,1,0
0,144,17,22,1,0
0,145,17,23,1,0
0,146,17,34,1,0
0,147,17,42,1,0
0,148,17,45,1,0
0,149,17,45,1,0
0,1,8,0,2,0
0,2,8,4,2,0
0,3,8,15,2,0
0,4,8,16,2,0
0,5,8,20,2,0
0,6,8,20,2,0
0,7,8,27,2,0
0,8,8,32,2,0
0,9,8,55,2,0
0,10,8,55,2,0
0,11,8,56,2,0
0,12,8,57,2,0
0,13,9,1,2,0
0,14,9,14,2,0
0,15,9,15,2,0
0,16,9,27,2,0
0,17,9,28,2,0
0,18,9,29,2,0
0,19,9,33,2,0
0,20,9,33,2,0
0,21,9,46,2,0
0,22,9,46,2,0
0,23,9,47,2,0
0,24,9,50,2,0
0,25,9,55,2,0
0,26,9,57,2,0
0,27,10,8,2,0
0,28,10,15,2,0
0,29,10,17,2,0
0,30,10,20,2,0
0,31,10,23,2,0
0,32,10,23,2,0
0,33,10,27,2,0
0,34,10,32,2,0
0,35,10,36,2,0
0,36,10,37,2,0
0,37,10,38,2,12
0,38,10,41,2,163
0,39,10,45,2,0
0,40,11,3,2,0
0,41,11,4,2,0
0,42,11,8,2,0
0,43,11,12,2,0
0,44,11,13,2,0
0,45,11,14,2,19
0,46,11,14,2,12
0,47,11,20,2,0
0,48,11,24,2,0
0,49,11,25,2,0
0,50,11,34,2,0
0,51,11,36,2,0
0,52,11,37,2,0
0,53,11,42,2,0
0,54,11,42,2,0
0,55,11,47,2,0
0,56,11,48,2,0
0,57,11,51,2,0
0,58,11,52,2,184
1,59,11,53,2,145
2,60,11,55,2,102
0,61,12,0,2,0
0,62,12,10,2,0
0,63,12,10,2,0
0,64,12,11,2,0
0,65,12,15,2,0
0,66,12,17,2,0
0,67,12,18,2,0
0,68,12,20,2,0
0,69,12,25,2,0
0,70,12,29,2,0
0,71,12,35,2,0
0,72,12,36,2,0
0,73,12,41,2,0
0,74,12,46,2,0
0,75,13,2,2,0
0,76,13,8,2,0
0,77,13,11,2,0
0,78,13,16,2,0
0,79,13,16,2,0
0,80,13,19,2,0
0,81,13,20,2,0
0,82,13,22,2,0
0,83,13,22,2,0
0,84,13,22,2,0
0,85,13,25,2,0
0,86,13,25,2,0
0,87,13,26,2,0
0,88,13,29,2,0
0,89,13,32,2,0
0,90,13,35,2,0
0,91,13,36,2,0
0,92,13,36,2,0
0,93,13,39,2,0
0,94,13,41,2,0
0,95,13,43,2,0
0,96,13,47,2,0
0,97,13,50,2,0
0,98,13,56,2,0
0,99,14,2,2,0
0,100,14,6,2,0
0,101,14,6,2,0
0,102,14,10,2,0
0,103,14,19,2,0
0,104,14,26,2,0
0,105,14,38,2,0
0,106,14,43,2,0
0,107,14,47,2,0
0,108,14,49,2,0
0,109,14,54,2,0
0,110,15,7,2,0
0,111,15,7,2,0
0,112,15,14,2,0
0,113,15,17,2,0
0,114,15,18,2,0
0,115,15,23,2,0
0,116,15,26,2,0
0,117,15,28,2,0
0,118,15,45,2,0
0,119,15,48,2,0
0,120,15,57,2,0
0,121,15,57,2,0
0,122,16,0,2,0
0,123,16,3,2,0
0,124,16,11,2,0
0,125,16,14,2,0
0,126,16,20,2,0
0,127,16,20,2,0
0,128,16,43,2,0
0,129,16,47,2,0
0,130,16,50,2,0
0,131,16,53,2,0
0,132,16,58,2,0
0,133,16,58,2,0
0,134,16,59,2,0
0,135,17,1,2,0
0,136,17,2,2,0
0,137,17,7,2,0
0,138,17,14,2,0
0,139,17,14,2,0
0,140,17,16,2,18
0,141,17,19,2,0
0,142,17,26,2,0
0,143,17,29,2,0
0,144,17,34,2,0
0,145,17,36,2,0
0,146,17,40,2,0
0,147,17,46,2,0
0,148,17,49,2,0
0,1,8,0,3,0
0,2,8,6,3,0
0,3,8,6,3,0
0,4,8,8,3,0
0,5,8,16,3,0
0,6,8,23,3,0
0,7,8,42,3,0
0,8,8,43,3,0
0,9,8,46,3,0
0,10,8,47,3,0
0,11,8,50,3,0
0,12,9,5,3,0
0,13,9,13,3,0
0,14,9,24,3,0
0,15,9,28,3,0
0,16,9,34,3,0
0,17,9,36,3,0
0,18,9,45,3,0
0,19,9,52,3,0
0,20,9,53,3,0
0,21,10,0,3,0
0,22,10,6,3,0
0,23,10,10,3,0
0,24,10,16,3,0
0,25,10,22,3,0
0,26,10,29,3,0
0,27,10,29,3,0
0,28,10,37,3,0
0,29,10,45,3,0
0,30,10,46,3,0
0,31,10,59,3,0
0,32,11,0,3,0
0,33,11,1,3,0
0,34,11,3,3,0
0,35,11,6,3,0
0,36,11,10,3,0
0,37,11,16,3,0
0,38,11,21,3,0
0,39,11,22,3,0
0,40,11,32,3,0
0,41,11,34,3,0
0,42,11,35,3,0
0,43,11,38,3,0
0,44,11,38,3,0
0,45,11,41,3,0
0,46,11,41,3,84
1,47,11,42,3,39
0,48,11,46,3,0
0,49,11,47,3,0
0,50,11,49,3,0
0,51,11,53,3,0
0,52,11,55,3,0
0,53,12,6,3,0
0,54,12,10,3,0
0,55,12,13,3,0
0,56,12,14,3,0
0,57,12,15,3,0
0,58,12,24,3,0
0,59,12,36,3,0
0,60,12,39,3,0
0,61,12,50,3,0
0,62,12,50,3,0
0,63,12,52,3,0
0,64,12,53,3,0
0,65,12,57,3,0
0,66,12,58,3,0
0,67,13,0,3,0
0,68,13,9,3,0
0,69,13,9,3,0
0,70,13,15,3,0
0,71,13,16,3,0
0,72,13,16,3,0
0,73,13,17,3,0
0,74,13,17,3,0
0,75,13,18,3,61
1,76,13,18,3,84
0,77,13,23,3,0
0,78,13,27,3,0
0,79,13,28,3,0
0,80,13,28,3,57
1,81,13,28,3,60
0,82,13,35,3,0
0,83,13,41,3,0
0,84,13,42,3,0
0,85,13,42,3,0
0,86,13,45,3,0
0,87,13,48,3,0
0,88,13,49,3,0
0,89,14,1,3,0
0,90,14,1,3,0
0,91,14,12,3,0
0,92,14,17,3,0
0,93,14,18,3,0
0,94,14,22,3,0
0,95,14,25,3,0
0,96,14,27,3,0
0,97,14,27,3,0
0,98,14,46,3,0
0,99,14,49,3,0
0,100,14,52,3,0
0,101,14,54,3,0
0,102,14,58,3,0
0,103,14,59,3,0
0,104,15,2,3,0
0,105,15,4,3,0
0,106,15,19,3,0
0,107,15,23,3,0
0,108,15,25,3,0
0,109,15,25,3,0
0,110,15,26,3,0
0,111,15,28,3,0
0,112,15,30,3,0
0,113,15,35,3,0
0,114,15,36,3,0
0,115,15,46,3,0
0,116,15,52,3,0
0,117,15,53,3,0
0,118,15,57,3,0
0,119,16,2,3,0
0,120,16,7,3,0
0,121,16,13,3,0
0,122,16,15,3,0
0,123,16,25,3,0
0,124,16,30,3,0
0,125,16,36,3,0
0,126,16,37,3,0
0,127,16,45,3,0
0,128,16,53,3,0
0,129,16,53,3,0
0,130,16,56,3,0
0,131,16,57,3,0
0,132,16,58,3,0
0,133,16,58,3,42
0,134,17,1,3,0
0,135,17,3,3,0
0,136,17,4,3,0
0,137,17,8,3,0
0,138,17,17,3,0
0,139,17,17,3,0
0,140,17,17,3,0
0,141,17,22,3,0
0,142,17,28,3,0
0,143,17,33,3,0
0,144,17,38,3,0
0,145,17,42,3,0
0,146,17,42,3,0
0,147,17,42,3,0
0,148,17,43,3,0
0,150,17,49,3,0
0,151,17,50,3,0
0,152,17,52,3,0
0,1,8,0,4,0
0,2,8,0,4,0
0,3,8,3,4,0
0,4,8,9,4,0
0,5,8,17,4,0
0,6,8,23,4,0
0,7,8,29,4,0
0,8,8,34,4,0
0,9,8,36,4,0
0,10,8,42,4,0
0,11,8,43,4,0
0,12,8,52,4,0
0,13,8,53,4,0
0,14,8,54,4,0
0,15,8,55,4,0
0,16,8,57,4,0
0,17,8,58,4,0
0,18,9,2,4,0
0,19,9,6,4,0
0,20,9,7,4,0
0,21,9,10,4,0
0,22,9,15,4,0
0,23,9,19,4,0
0,24,9,20,4,0
0,25,9,23,4,0
0,26,9,23,4,0
0,27,9,24,4,0
0,28,9,27,4,0
0,29,9,27,4,0
0,30,9,34,4,0
0,31,9,35,4,0
0,32,9,36,4,174
0,33,9,47,4,0
0,34,10,2,4,0
0,35,10,4,4,0
0,36,10,9,4,0
0,37,10,16,4,0
0,38,10,18,4,0
0,39,10,19,4,0
0,40,10,21,4,0
0,41,10,23,4,0
0,42,10,41,4,0
0,43,10,41,4,0
0,44,10,43,4,0
0,45,10,49,4,0
0,46,10,51,4,0
0,47,10,58,4,0
0,48,11,5,4,0
0,49,11,13,4,0
0,50,11,18,4,0
0,51,11,19,4,0
0,52,11,20,4,0
0,53,11,23,4,0
0,54,11,24,4,0
0,55,11,36,4,0
0,56,11,38,4,0
0,57,11,39,4,0
0,58,11,40,4,0
0,59,11,40,4,0
0,60,11,43,4,0
0,61,11,44,4,0
0,62,11,51,4,0
0,63,11,54,4,0
0,64,11,54,4,0
0,65,11,56,4,0
0,66,12,7,4,0
0,67,12,8,4,0
0,68,12,13,4,0
0,69,12,18,4,0
0,70,12,27,4,0
0,71,12,27,4,0
0,72,12,35,4,0
0,73,12,40,4,0
0,74,12,56,4,0
0,75,13,2,4,0
0,76,13,5,4,0
0,77,13,16,4,0
0,78,13,19,4,0
0,79,13,20,4,0
0,80,13,30,4,0
0,81,13,32,4,0
0,82,13,34,4,0
0,83,13,39,4,0
0,84,13,42,4,0
0,85,13,43,4,0
0,86,13,46,4,0
0,87,13,48,4,0
0,88,13,58,4,0
0,89,13,59,4,0
0,90,14,0,4,0
0,91,14,3,4,0
0,92,14,5,4,0
0,93,14,6,4,0
0,94,14,9,4,0
0,95,14,13,4,0
0,96,14,15,4,0
0,97,14,18,4,0
0,98,14,22,4,0
0,99,14,23,4,0
0,100,14,26,4,0
0,101,14,27,4,0
0,102,14,29,4,0
0,103,14,31,4,0
0,104,14,34,4,0
0,105,14,36,4,0
0,106,14,36,4,0
0,107,14,37,4,59
0,108,14,38,4,8
0,109,14,38,4,141
1,110,14,38,4,186
2,111,14,39,4,373
1,112,14,43,4,210
0,113,14,57,4,0
0,114,14,59,4,0
0,115,15,2,4,0
0,116,15,5,4,0
0,117,15,8,4,0
0,118,15,16,4,0
0,119,15,18,4,0
0,120,15,23,4,0
0,121,15,24,4,0
0,122,15,27,4,0
0,123,15,31,4,0
0,124,15,31,4,0
0,125,15,34,4,0
0,126,15,34,4,0
0,127,15,38,4,0
0,128,15,47,4,0
0,129,16,3,4,0
0,130,16,11,4,0
0,131,16,17,4,0
0,132,16,34,4,0
0,133,16,40,4,0
0,134,16,42,4,0
0,135,16,45,4,0
0,136,16,47,4,0
0,137,16,58,4,0
0,138,16,58,4,0
0,139,17,2,4,0
0,140,17,7,4,0
0,141,17,10,4,0
0,142,17,14,4,0
0,143,17,18,4,0
0,144,17,28,4,0
0,145,17,34,4,0
0,146,17,37,4,0
0,147,17,39,4,0
0,148,17,39,4,0
0,149,17,50,4,0
0,150,17,51,4,0
0,151,17,53,4,0
0,152,17,54,4,0
0,1,8,0,0,0
0,2,8,3,0,0
0,3,8,12,0,0
0,4,8,13,0,0
0,5,8,17,0,0
0,6,8,25,0,0
0,7,8,29,0,0
0,8,8,33,0,0
0,9,8,40,0,0
0,10,8,40,0,0
0,11,8,45,0,0
0,12,8,46,0,0
0,13,8,50,0,0
0,14,8,53,0,0
0,15,8,58,0,0
0,16,8,59,0,0
0,17,9,1,0,0
0,18,9,3,0,0
0,19,9,12,0,0
0,20,9,13,0,0
0,21,9,15,0,0
0,22,9,18,0,0
0,23,9,21,0,0
0,24,9,26,0,0
0,25,9,27,0,0
0,26,9,28,0,0
0,27,9,28,0,0
0,28,9,29,0,0
0,29,9,30,0,0
0,30,9,31,0,0
0,31,9,31,0,244
0,32,9,36,0,0
0,33,9,37,0,0
0,34,9,46,0,0
0,35,9,47,0,0
0,36,9,56,0,0
0,37,10,2,0,0
0,38,10,4,0,0
0,39,10,12,0,0
0,40,10,16,0,0
0,41,10,16,0,0
0,42,10,20,0,0
0,43,10,21,0,0
0,44,10,21,0,0
0,45,10,24,0,0
0,46,10,31,0,0
0,47,10,36,0,0
0,48,10,41,0,0
0,49,10,43,0,0
0,50,10,49,0,0
0,51,10,51,0,0
0,52,10,58,0,0
0,53,11,2,0,0
0,54,11,6,0,0
0,55,11,7,0,0
0,56,11,11,0,0
0,57,11,18,0,0
0,58,11,18,0,0
0,59,11,25,0,0
0,60,11,26,0,0
0,61,11,31,0,0
0,62,11,34,0,0
0,63,11,44,0,0
0,64,11,48,0,0
0,65,11,52,0,0
0,66,11,53,0,0
0,67,11,55,0,0
0,68,11,58,0,0
0,69,11,59,0,246
0,70,12,3,0,24
0,71,12,8,0,0
0,72,12,14,0,0
0,73,12,18,0,0
0,74,12,21,0,0
0,75,12,21,0,0
0,76,12,27,0,0
0,77,12,35,0,0
0,78,12,35,0,0
0,79,12,36,0,0
0,80,12,36,0,2
0,81,12,37,0,0
0,82,12,39,0,0
0,83,12,40,0,0
0,84,12,43,0,0
0,85,12,43,0,0
0,86,12,45,0,0
0,87,12,59,0,0
0,88,13,4,0,0
0,89,13,5,0,0
0,90,13,5,0,0
0,91,13,13,0,0
0,92,13,26,0,0
0,93,13,27,0,0
0,94,13,36,0,0
0,95,13,40,0,0
0,96,13,43,0,0
0,97,13,48,0,0
0,98,14,6,0,0
0,99,14,9,0,0
0,100,14,11,0,0
0,101,14,30,0,0
0,102,14,30,0,0
0,103,14,32,0,0
0,104,14,34,0,0
0,105,14,35,0,62
0,106,14,45,0,0
0,107,14,46,0,0
0,108,14,47,0,0
0,109,14,48,0,66
1,110,14,48,0,78
0,111,14,52,0,0
0,112,14,57,0,0
0,113,15,5,0,0
0,114,15,11,0,0
0,115,15,14,0,0
0,116,15,20,0,0
0,117,15,20,0,0
0,118,15,24,0,0
0,119,15,26,0,0
0,120,15,27,0,0
0,121,15,38,0,0
0,122,15,40,0,0
0,123,15,40,0,0
0,124,15,43,0,0
0,125,15,44,0,0
0,126,15,45,0,0
0,127,15,48,0,0
0,128,15,50,0,0
0,129,15,55,0,0
0,130,15,58,0,0
0,131,16,0,0,0
0,132,16,33,0,0
0,133,16,35,0,0
0,134,16,43,0,0
0,135,16,46,0,0
0,136,16,46,0,0
0,137,16,50,0,0
0,138,16,53,0,0
0,139,16,57,0,0
0,140,17,2,0,0
0,141,17,7,0,0
0,142,17,17,0,0
0,143,17,20,0,0
0,144,17,22,0,0
0,145,17,26,0,0
0,146,17,27,0,0
0,147,17,40,0,0
0,148,17,46,0,0
0,149,17,46,0,0
0,150,17,47,0,0
0,151,17,48,0,0
0,152,17,53,0,0
0,1,8,0,1,0
0,2,8,0,1,0
0,3,8,0,1,0
0,4,8,7,1,0
0,5,8,7,1,0
0,6,8,10,1,0
0,7,8,10,1,0
0,8,8,16,1,0
0,9,8,19,1,0
0,10,8,20,1,0
0,11,8,22,1,0
0,12,8,24,1,0
0,13,8,24,1,130
1,14,8,25,1,180
1,15,8,28,1,44
0,16,8,37,1,0
0,17,8,46,1,0
0,18,8,51,1,0
0,19,8,57,1,0
0,20,8,57,1,0
0,21,9,0,1,0
0,22,9,5,1,0
0,23,9,20,1,0
0,24,9,27,1,0
0,25,9,28,1,0
0,26,9,29,1,0
0,27,9,35,1,0
0,28,9,36,1,0
0,29,9,39,1,0
0,30,9,52,1,0
0,31,9,59,1,0
0,32,10,0,1,0
0,33,10,2,1,0
0,34,10,7,1,0
0,35,10,9,1,0
0,36,10,19,1,0
0,37,10,25,1,0
0,38,10,29,1,0
0,39,10,31,1,0
0,40,10,35,1,0
0,41,10,36,1,0
0,42,10,44,1,0
0,43,10,46,1,0
0,44,10,50,1,0
0,45,10,51,1,0
0,46,10,55,1,0
0,47,10,56,1,0
0,48,10,57,1,0
0,49,11,5,1,0
0,50,11,12,1,0
0,51,11,23,1,0
0,52,11,24,1,0
0,53,11,25,1,0
0,54,11,37,1,0
0,55,11,40,1,0
0,56,11,43,1,0
0,57,11,43,1,0
0,58,11,55,1,0
0,59,11,56,1,0
0,60,12,3,1,0
0,61,12,5,1,0
0,62,12,6,1,0
0,63,12,13,1,0
0,64,12,17,1,0
0,65,12,26,1,0
0,66,12,30,1,0
0,67,12,30,1,0
0,68,12,40,1,0
0,69,12,41,1,0
0,70,12,43,1,0
0,71,12,44,1,0
0,72,12,53,1,0
0,73,12,56,1,0
0,74,12,57,1,0
0,75,13,4,1,0
0,76,13,16,1,0
0,77,13,19,1,0
0,78,13,19,1,0
0,79,13,28,1,0
0,80,13,31,1,0
0,81,13,32,1,0
0,82,13,37,1,0
0,83,13,46,1,0
0,84,13,46,1,0
0,85,13,50,1,0
0,86,13,51,1,0
0,87,13,51,1,0
0,88,13,56,1,0
0,89,13,57,1,0
0,90,13,58,1,0
0,91,14,5,1,0
0,92,14,5,1,0
0,93,14,7,1,0
0,94,14,9,1,0
0,95,14,11,1,0
0,96,14,18,1,0
0,97,14,26,1,0
0,98,14,30,1,0
0,99,14,39,1,0
0,100,14,41,1,0
0,101,14,41,1,0
0,102,14,47,1,0
0,103,14,53,1,0
0,104,14,56,1,0
0,105,14,58,1,0
0,106,15,0,1,0
0,107,15,9,1,0
0,108,15,10,1,0
0,109,15,15,1,0
0,110,15,15,1,0
0,111,15,17,1,0
0,112,15,21,1,0
0,113,15,22,1,0
0,114,15,25,1,0
0,115,15,27,1,0
0,116,15,28,1,102
0,117,15,30,1,72
1,118,15,30,1,135
1,119,15,32,1,47
0,120,15,36,1,0
0,121,15,41,1,0
0,122,15,53,1,0
0,123,15,54,1,0
0,124,15,56,1,0
0,125,16,2,1,0
0,126,16,7,1,0
0,127,16,11,1,0
0,128,16,18,1,0
0,129,16,23,1,0
0,130,16,25,1,0
0,131,16,26,1,0
0,132,16,28,1,0
0,133,16,29,1,0
0,134,16,31,1,0
0,135,16,36,1,0
0,136,16,36,1,0
0,137,16,41,1,0
0,138,16,42,1,114
1,139,16,42,1,136
2,140,16,42,1,130
2,141,16,44,1,236
0,142,17,2,1,0
0,143,17,3,1,0
0,144,17,4,1,0
0,145,17,15,1,0
0,146,17,21,1,0
0,147,17,35,1,0
0,148,17,44,1,0
0,149,17,44,1,0
0,1,8,0,2,0
0,2,8,2,2,0
0,3,8,3,2,0
0,4,8,5,2,0
0,5,8,11,2,0
0,6,8,12,2,0
0,7,8,15,2,0
0,8,8,28,2,0
0,9,8,34,2,0
0,10,8,39,2,0
0,11,8,39,2,0
0,12,8,46,2,0
0,13,8,50,2,0
0,14,8,52,2,0
0,15,8,52,2,0
0,16,8,57,2,0
0,17,8,59,2,0
0,18,9,0,2,0
0,19,9,2,2,0
0,20,9,5,2,0
0,21,9,8,2,0
0,22,9,10,2,0
0,23,9,16,2,0
0,24,9,16,2,0
0,25,9,26,2,0
0,26,9,27,2,0
0,27,9,32,2,0
0,28,9,33,2,0
0,29,9,37,2,0
0,30,9,38,2,0
0,31,9,39,2,0
0,32,9,40,2,0
0,33,9,42,2,0
0,34,9,47,2,0
0,35,9,53,2,0
0,36,9,53,2,0
0,37,9,54,2,0
0,38,9,57,2,0
0,39,10,1,2,0
0,40,10,9,2,0
0,41,10,26,2,0
0,42,10,29,2,0
0,43,10,30,2,0
0,44,10,30,2,0
0,45,10,33,2,0
0,46,10,37,2,0
0,47,10,39,2,0
0,48,10,42,2,0
0,49,10,42,2,0
0,50,10,46,2,0
0,51,10,56,2,0
0,52,10,57,2,0
0,53,10,59,2,0
0,54,11,8,2,0
0,55,11,9,2,0
0,56,11,21,2,0
0,57,11,24,2,0
0,58,11,30,2,0
0,59,11,38,2,0
0,60,11,40,2,0
0,61,11,50,2,0
0,62,11,53,2,0
0,63,11,53,2,0
0,64,11,53,2,0
0,65,11,54,2,0
0,66,11,57,2,0
0,67,11,58,2,0
0,68,12,2,2,0
0,69,12,9,2,0
0,70,12,14,2,0
0,71,12,22,2,0
0,72,12,25,2,0
0,73,12,29,2,0
0,74,12,32,2,0
0,75,12,40,2,0
0,76,12,41,2,0
0,77,12,45,2,0
0,78,12,45,2,0
0,79,12,48,2,0
0,80,12,55,2,0
0,81,12,58,2,0
0,82,13,1,2,0
0,83,13,9,2,0
0,84,13,17,2,0
0,85,13,36,2,0
0,86,13,40,2,0
0,87,13,46,2,0
0,88,13,49,2,0
0,89,13,58,2,0
0,90,14,1,2,0
0,91,14,1,2,0
0,92,14,2,2,0
0,93,14,2,2,0
0,94,14,6,2,0
0,95,14,9,2,0
0,96,14,10,2,0
0,97,14,11,2,0
0,98,14,12,2,0
0,99,14,16,2,0
0,100,14,21,2,0
0,101,14,30,2,0
0,102,14,33,2,0
0,103,14,35,2,0
0,104,14,35,2,0
0,105,14,46,2,0
0,106,14,50,2,0
0,107,14,50,2,0
0,108,14,51,2,0
0,109,14,57,2,0
0,110,14,58,2,0
0,111,14,58,2,0
0,112,15,6,2,0
0,113,15,8,2,0
0,114,15,16,2,0
0,115,15,21,2,0
0,116,15,28,2,0
0,117,15,32,2,0
0,118,15,33,2,0
0,119,15,34,2,0
0,120,15,36,2,0
0,121,15,48,2,0
0,122,15,51,2,0
0,123,15,51,2,0
0,124,15,52,2,0
0,125,15,56,2,0
0,126,16,6,2,0
0,127,16,17,2,0
0,128,16,21,2,0
0,129,16,32,2,0
0,130,16,33,2,0
0,131,16,33,2,0
0,132,16,36,2,0
0,133,16,37,2,0
0,134,16,41,2,20
0,135,16,42,2,0
0,136,16,49,2,0
0,137,16,49,2,0
0,138,16,51,2,0
0,139,16,52,2,0
0,140,16,55,2,0
0,141,16,58,2,0
0,142,17,3,2,0
0,143,17,3,2,0
0,144,17,9,2,0
0,145,17,16,2,0
0,146,17,19,2,0
0,147,17,24,2,0
0,148,17,26,2,0
0,149,17,28,2,0
0,150,17,30,2,0
0,151,17,38,2,0
0,152,17,40,2,0
0,153,17,48,2,0
0,154,17,49,2,0
0,155,17,49,2,0
0,156,17,51,2,0
0,157,17,51,2,0
0,1,8,0,3,0
0,2,8,2,3,0
0,3,8,7,3,0
0,4,8,7,3,0
0,5,8,11,3,0
0,6,8,15,3,0
0,7,8,17,3,0
0,8,8,20,3,0
0,9,8,21,3,0
0,10,8,22,3,0
0,11,8,30,3,0
0,12,8,45,3,0
0,13,8,46,3,0
0,14,8,48,3,0
0,15,8,49,3,0
0,16,8,51,3,0
0,17,8,53,3,0
0,18,8,54,3,84
1,19,8,54,3,51
0,20,9,3,3,0
0,21,9,5,3,0
0,22,9,9,3,0
0,23,9,11,3,0
0,24,9,11,3,0
0,25,9,13,3,0
0,26,9,18,3,0
0,27,9,21,3,0
0,28,9,22,3,0
0,29,9,29,3,0
0,30,9,35,3,0
0,31,9,37,3,0
0,32,9,39,3,0
0,33,9,46,3,0
0,34,9,47,3,0
0,35,9,50,3,0
0,36,9,53,3,0
0,37,10,7,3,0
0,38,10,10,3,0
0,39,10,10,3,0
0,40,10,13,3,0
0,41,10,16,3,0
0,42,10,17,3,0
0,43,10,18,3,0
0,44,10,21,3,0
0,45,10,34,3,0
0,46,10,37,3,0
0,47,10,43,3,0
0,48,10,44,3,0
0,49,10,49,3,0
0,50,11,0,3,0
0,51,11,0,3,0
0,52,11,2,3,0
0,53,11,4,3,0
0,54,11,4,3,0
0,55,11,7,3,0
0,56,11,9,3,0
0,57,11,15,3,0
0,58,11,23,3,0
0,59,11,26,3,0
0,60,11,36,3,0
0,61,11,37,3,0
0,62,11,38,3,0
0,63,11,47,3,0
0,64,11,53,3,0
0,65,11,56,3,0
0,66,11,57,3,0
0,67,11,58,3,0
0,68,12,4,3,0
0,69,12,5,3,0
0,70,12,7,3,0
0,71,12,7,3,0
0,72,12,10,3,0
0,73,12,10,3,0
0,74,12,10,3,0
0,75,12,15,3,0
0,76,12,16,3,0
0,77,12,17,3,0
0,78,12,25,3,0
0,79,12,26,3,0
0,80,12,29,3,0
0,81,12,29,3,0
0,82,12,44,3,0
0,83,12,47,3,0
0,84,12,51,3,0
0,85,12,52,3,0
0,86,12,52,3,0
0,87,12,54,3,0
0,88,13,2,3,0
0,89,13,3,3,0
0,90,13,3,3,0
0,91,13,7,3,0
0,92,13,7,3,0
0,93,13,8,3,46
0,94,13,10,3,12
0,95,13,25,3,0
0,96,13,28,3,0
0,97,13,29,3,0
0,98,13,30,3,0
0,99,13,31,3,0
0,100,13,33,3,0
0,101,13,34,3,0
0,102,13,39,3,0
0,103,13,53,3,0
0,104,13,55,3,0
0,105,13,59,3,0
0,106,14,0,3,0
0,107,14,11,3,0
0,108,14,14,3,0
0,109,14,15,3,0
0,110,14,16,3,0
0,111,14,26,3,0
0,112,14,34,3,0
0,113,14,36,3,0
0,114,14,37,3,0
0,115,14,42,3,0
0,116,14,45,3,0
0,117,14,51,3,0
0,118,14,54,3,0
0,119,14,59,3,0
0,120,15,1,3,0
0,121,15,2,3,0
0,122,15,2,3,0
0,123,15,4,3,0
0,124,15,16,3,0
0,125,15,20,3,0
0,126,15,23,3,0
0,127,15,27,3,0
0,128,15,36,3,0
0,129,15,36,3,0
0,130,15,37,3,0
0,131,15,37,3,0
0,132,15,38,3,0
0,133,15,44,3,0
0,134,15,48,3,0
0,135,15,49,3,0
0,136,15,53,3,0
0,137,15,53,3,0
0,138,15,54,3,0
0,139,15,58,3,0
0,140,16,0,3,0
0,141,16,11,3,0
0,142,16,13,3,0
0,143,16,13,3,0
0,144,16,17,3,0
0,145,16,22,3,0
0,146,16,28,3,0
0,147,16,29,3,0
0,148,16,31,3,0
0,149,16,33,3,0
0,150,16,37,3,0
0,151,16,38,3,0
0,152,16,39,3,0
0,153,16,39,3,0
0,154,16,39,3,0
0,155,16,53,3,0
0,156,16,58,3,0
0,157,17,3,3,0
0,158,17,11,3,0
0,159,17,12,3,0
0,160,17,16,3,0
0,161,17,19,3,0
0,162,17,37,3,0
0,163,17,37,3,0
0,164,17,38,3,0
0,165,17,42,3,0
0,166,17,45,3,0
0,1,8,0,4,0
0,2,8,7,4,0
0,3,8,7,4,0
0,4,8,8,4,0
0,5,8,12,4,0
0,6,8,14,4,0
0,7,8,18,4,0
0,8,8,20,4,0
0,9,8,25,4,0
0,10,8,31,4,0
0,11,8,37,4,0
0,12,8,38,4,0
0,13,8,45,4,0
0,14,8,46,4,0
0,15,8,51,4,0
0,16,8,54,4,0
0,17,9,5,4,0
0,18,9,15,4,0
0,19,9,16,4,0
0,20,9,31,4,0
0,21,9,31,4,0
0,22,9,33,4,0
0,23,9,38,4,0
0,24,9,44,4,0
0,25,9,44,4,0
0,26,9,50,4,0
0,27,9,51,4,0
0,28,9,56,4,0
0,29,9,56,4,0
0,30,9,56,4,0
0,31,10,1,4,0
0,32,10,1,4,0
0,33,10,4,4,0
0,34,10,9,4,0
0,35,10,9,4,0
0,36,10,9,4,0
0,37,10,10,4,0
0,38,10,13,4,0
0,39,10,19,4,0
0,40,10,20,4,0
0,41,10,23,4,0
0,42,10,24,4,0
0,43,10,27,4,0
0,44,10,33,4,0
0,45,10,33,4,0
0,46,10,36,4,0
0,47,10,54,4,0
0,48,10,55,4,0
0,49,10,56,4,0
0,50,11,6,4,0
0,51,11,8,4,0
0,52,11,8,4,0
0,53,11,10,4,0
0,54,11,15,4,0
0,55,11,22,4,0
0,56,11,30,4,0
0,57,11,32,4,0
0,58,11,34,4,0
0,59,11,41,4,0
0,60,11,42,4,0
0,61,11,43,4,0
0,62,11,45,4,0
0,63,11,48,4,0
0,64,11,58,4,0
0,65,11,59,4,0
0,66,12,2,4,0
0,67,12,5,4,0
0,68,12,5,4,0
0,69,12,7,4,0
0,70,12,8,4,0
0,71,12,9,4,0
0,72,12,10,4,0
0,73,12,11,4,0
0,74,12,12,4,43
0,75,12,15,4,55
0,76,12,16,4,28
0,77,12,19,4,0
0,78,12,28,4,0
0,79,12,29,4,0
0,80,12,32,4,0
0,81,12,33,4,0
0,82,12,34,4,0
0,83,12,37,4,0
0,84,12,43,4,0
0,85,12,48,4,0
0,86,12,49,4,0
0,87,12,53,4,0
0,88,13,1,4,0
0,89,13,5,4,0
0,90,13,8,4,0
0,91,13,10,4,0
0,92,13,11,4,0
0,93,13,12,4,0
0,94,13,12,4,0
0,95,13,13,4,66
0,96,13,18,4,0
0,97,13,24,4,0
0,98,13,27,4,0
0,99,13,29,4,0
0,100,13,30,4,0
0,101,13,32,4,0
0,102,13,33,4,0
0,103,13,33,4,0
0,104,13,33,4,18
0,105,13,38,4,0
0,106,13,49,4,0
0,107,14,2,4,0
0,108,14,3,4,0
0,109,14,8,4,0
0,110,14,10,4,0
0,111,14,13,4,0
0,112,14,13,4,0
0,113,14,17,4,0
0,114,14,21,4,0
0,115,14,24,4,0
0,116,14,25,4,0
0,117,14,26,4,0
0,118,14,33,4,0
0,119,14,34,4,0
0,120,14,37,4,0
0,121,14,43,4,0
0,122,14,51,4,0
0,123,14,52,4,0
0,124,14,55,4,0
0,125,15,0,4,0
0,126,15,3,4,0
0,127,15,8,4,0
0,128,15,10,4,0
0,129,15,12,4,0
0,130,15,17,4,0
0,131,15,18,4,0
0,132,15,21,4,0
0,133,15,27,4,0
0,134,15,27,4,0
0,135,15,27,4,0
0,136,15,28,4,0
0,137,15,28,4,37
0,138,15,30,4,64
1,139,15,30,4,123
2,140,15,31,4,131
2,141,15,31,4,130
0,142,15,38,4,0
0,143,15,43,4,0
0,144,15,43,4,0
0,145,15,44,4,139
0,146,15,47,4,0
0,147,15,48,4,0
0,148,15,51,4,0
0,149,15,52,4,0
0,150,15,52,4,180
0,151,15,57,4,0
0,152,16,3,4,0
0,153,16,4,4,0
0,154,16,6,4,0
0,155,16,7,4,0
0,156,16,13,4,0
0,157,16,16,4,0
0,158,16,19,4,0
0,159,16,21,4,0
0,160,16,24,4,0
0,161,16,29,4,0
0,162,16,31,4,0
0,163,16,31,4,0
0,164,16,32,4,103
1,165,16,32,4,213
2,166,16,32,4,259
2,167,16,35,4,143
2,168,16,36,4,217
0,169,16,45,4,0
0,170,16,46,4,0
0,171,16,51,4,279
1,172,16,52,4,240
0,173,16,56,4,11
1,174,16,56,4,6
0,175,16,57,4,55
0,176,17,7,4,0
0,177,17,8,4,0
0,178,17,21,4,0
0,179,17,22,4,0
0,180,17,23,4,0
0,181,17,26,4,0
0,182,17,28,4,0
0,183,17,32,4,0
0,184,17,33,4,0
0,185,17,34,4,0
0,186,17,43,4,0
0,187,17,46,4,0
0,188,17,48,4,0
0,189,17,49,4,0
0,190,17,55,4,0
0,1,8,0,0,0
0,2,8,8,0,0
0,3,8,13,0,0
0,4,8,13,0,0
0,5,8,13,0,0
0,6,8,20,0,0
0,7,8,23,0,0
0,8,8,35,0,0
0,9,9,8,0,0
0,10,9,22,0,0
0,11,9,24,0,0
0,12,9,26,0,0
0,13,9,36,0,0
0,14,9,39,0,0
0,15,9,39,0,0
0,16,9,43,0,0
0,17,9,49,0,0
0,18,9,59,0,0
0,19,10,3,0,0
0,20,10,9,0,0
0,21,10,13,0,0
0,22,10,19,0,0
0,23,10,22,0,0
0,24,10,25,0,0
0,25,10,46,0,0
0,26,10,47,0,0
0,27,10,54,0,0
0,28,11,1,0,0
0,29,11,3,0,0
0,30,11,11,0,0
0,31,11,15,0,0
0,32,11,20,0,0
0,33,11,21,0,0
0,34,11,22,0,0
0,35,11,26,0,0
0,36,11,29,0,0
0,37,11,35,0,0
0,38,11,40,0,0
0,39,11,45,0,0
0,40,11,48,0,0
0,41,11,49,0,0
0,42,11,49,0,0
0,43,11,50,0,0
0,44,11,50,0,0
0,45,12,0,0,0
0,46,12,3,0,0
0,47,12,10,0,0
0,48,12,11,0,0
0,49,12,11,0,0
0,50,12,12,0,0
0,51,12,15,0,0
0,52,12,16,0,0
0,53,12,17,0,0
0,54,12,18,0,0
0,55,12,18,0,0
0,56,12,19,0,0
0,57,12,22,0,0
0,58,12,24,0,0
0,59,12,28,0,0
0,60,12,33,0,0
0,61,12,44,0,0
0,62,12,55,0,0
0,63,12,57,0,0
0,64,12,59,0,0
0,65,13,2,0,0
0,66,13,3,0,0
0,67,13,4,0,51
0,68,13,5,0,3
0,69,13,5,0,42
0,70,13,7,0,0
0,71,13,12,0,0
0,72,13,20,0,0
0,73,13,34,0,0
0,74,13,35,0,0
0,75,13,38,0,0
0,76,13,42,0,0
0,77,13,44,0,0
0,78,13,46,0,0
0,79,13,54,0,0
0,80,13,55,0,0
0,81,13,56,0,0
0,82,14,3,0,0
0,83,14,4,0,0
0,84,14,4,0,0
0,85,14,9,0,0
0,86,14,22,0,0
0,87,14,23,0,0
0,88,14,29,0,0
0,89,14,30,0,0
0,90,14,30,0,0
0,91,14,32,0,0
0,92,14,34,0,0
0,93,14,38,0,0
0,94,14,43,0,0
0,95,14,44,0,0
0,96,14,49,0,0
0,97,14,51,0,0
0,98,14,51,0,0
0,99,14,52,0,0
0,100,14,58,0,0
0,101,14,59,0,0
0,102,14,59,0,0
0,103,15,6,0,0
0,104,15,8,0,0
0,105,15,9,0,0
0,106,15,17,0,0
0,107,15,21,0,0
0,108,15,31,0,0
0,109,15,38,0,0
0,110,15,38,0,0
0,111,15,39,0,0
0,112,15,47,0,0
0,113,15,50,0,0
0,114,15,51,0,0
0,115,16,0,0,0
0,116,16,6,0,0
0,117,16,12,0,0
0,118,16,14,0,0
0,119,16,20,0,0
0,120,16,31,0,0
0,121,16,33,0,0
0,122,16,36,0,0
0,123,16,38,0,0
0,124,16,38,0,0
0,125,16,47,0,0
0,126,16,48,0,0
0,127,16,50,0,0
0,128,17,0,0,0
0,129,17,4,0,0
0,130,17,14,0,0
0,131,17,21,0,0
0,132,17,23,0,0
0,133,17,25,0,0
0,134,17,26,0,0
0,135,17,29,0,0
0,136,17,29,0,0
0,137,17,30,0,0
0,138,17,46,0,0
0,139,17,47,0,0
0,140,17,47,0,0
0,141,17,48,0,0
0,142,17,49,0,0
0,1,8,0,1,0
0,2,8,0,1,0
0,3,8,5,1,0
0,4,8,9,1,0
0,5,8,9,1,0
0,6,8,9,1,0
0,7,8,11,1,0
0,8,8,15,1,0
0,9,8,17,1,0
0,10,8,20,1,0
0,11,8,20,1,0
0,12,8,32,1,0
0,13,8,38,1,0
0,14,8,43,1,0
0,15,8,45,1,0
0,16,8,46,1,0
0,17,8,50,1,0
0,18,8,56,1,0
0,19,9,6,1,0
0,20,9,8,1,0
0,21,9,10,1,0
0,22,9,12,1,0
0,23,9,13,1,0
0,24,9,15,1,62
0,25,9,20,1,0
0,26,9,26,1,0
0,27,9,30,1,0
0,28,9,31,1,0
0,29,9,32,1,0
0,30,9,34,1,0
0,31,9,42,1,0
0,32,9,45,1,0
0,33,9,47,1,0
0,34,9,59,1,0
0,35,10,6,1,0
0,36,10,9,1,0
0,37,10,20,1,0
0,38,10,32,1,0
0,39,10,33,1,0
0,40,10,33,1,0
0,41,10,40,1,0
0,42,10,50,1,0
0,43,10,50,1,0
0,44,10,51,1,0
0,45,10,57,1,0
0,46,10,59,1,0
0,47,11,5,1,0
0,48,11,6,1,0
0,49,11,9,1,0
0,50,11,10,1,0
0,51,11,16,1,0
0,52,11,26,1,0
0,53,11,28,1,0
0,54,11,34,1,0
0,55,11,35,1,0
0,56,11,49,1,0
0,57,11,52,1,0
0,58,11,55,1,0
0,59,12,4,1,0
0,60,12,9,1,0
0,61,12,10,1,0
0,62,12,11,1,0
0,63,12,18,1,0
0,64,12,27,1,0
0,65,12,27,1,0
0,66,12,30,1,0
0,67,12,34,1,0
0,68,12,38,1,0
0,69,12,38,1,0
0,70,12,38,1,0
0,71,12,39,1,0
0,72,12,41,1,0
0,73,12,48,1,0
0,74,12,50,1,0
0,75,12,54,1,0
0,76,12,56,1,0
0,77,13,6,1,0
0,78,13,8,1,0
0,79,13,10,1,0
0,80,13,14,1,0
0,81,13,16,1,0
0,82,13,25,1,0
0,83,13,26,1,0
0,84,13,31,1,0
0,85,13,31,1,0
0,86,13,34,1,0
0,87,13,46,1,0
0,88,13,46,1,0
0,89,13,50,1,0
0,90,13,51,1,0
0,91,14,4,1,0
0,92,14,10,1,0
0,93,14,14,1,0
0,94,14,19,1,0
0,95,14,20,1,0
0,96,14,29,1,0
0,97,14,31,1,0
0,98,14,35,1,0
0,99,14,40,1,0
0,100,14,43,1,0
0,101,14,48,1,0
0,102,14,50,1,0
0,103,14,53,1,0
0,104,14,56,1,0
0,105,14,57,1,0
0,106,15,13,1,0
0,107,15,14,1,0
0,108,15,22,1,0
0,109,15,29,1,0
0,110,15,36,1,0
0,111,15,37,1,0
0,112,15,39,1,0
0,113,15,41,1,0
0,114,15,47,1,0
0,115,15,48,1,0
0,116,15,50,1,0
0,117,15,50,1,0
0,118,15,59,1,0
0,119,15,59,1,0
0,120,16,3,1,0
0,121,16,5,1,0
0,122,16,9,1,0
0,123,16,14,1,0
0,124,16,14,1,0
0,125,16,14,1,0
0,126,16,37,1,0
0,127,16,51,1,0
0,128,16,51,1,0
0,129,16,53,1,0
0,130,16,57,1,0
0,131,17,0,1,0
0,132,17,2,1,0
0,133,17,8,1,0
0,134,17,11,1,0
0,135,17,16,1,0
0,136,17,18,1,0
0,137,17,24,1,0
0,138,17,28,1,0
0,139,17,41,1,0
0,140,17,43,1,0
0,141,17,45,1,0
0,142,17,48,1,0
0,143,17,53,1,0
0,144,17,55,1,0
0,1,8,0,2,0
0,2,8,1,2,0
0,3,8,15,2,0
0,4,8,22,2,0
0,5,8,25,2,0
0,6,8,25,2,0
0,7,8,30,2,0
0,8,8,31,2,0
0,9,8,39,2,0
0,10,8,47,2,0
0,11,8,48,2,0
0,12,8,54,2,0
0,13,8,56,2,0
0,14,8,57,2,0
0,15,9,1,2,0
0,16,9,3,2,0
0,17,9,6,2,0
0,18,9,10,2,0
0,19,9,16,2,0
0,20,9,19,2,0
0,21,9,25,2,0
0,22,9,28,2,0
0,23,9,34,2,0
0,24,9,38,2,0
0,25,9,41,2,0
0,26,9,43,2,0
0,27,9,55,2,0
0,28,9,57,2,0
0,29,10,1,2,0
0,30,10,4,2,0
0,31,10,5,2,0
0,32,10,10,2,0
0,33,10,31,2,0
0,34,10,34,2,0
0,35,10,37,2,0
0,36,10,38,2,0
0,37,10,44,2,0
0,38,11,2,2,0
0,39,11,20,2,0
0,40,11,26,2,0
0,41,11,31,2,0
0,42,11,36,2,0
0,43,11,39,2,0
0,44,11,42,2,0
0,45,11,43,2,0
0,46,11,45,2,0
0,47,11,47,2,0
0,48,11,52,2,0
0,49,11,55,2,0
0,50,12,0,2,0
0,51,12,3,2,0
0,52,12,5,2,0
0,53,12,6,2,0
0,54,12,9,2,0
0,55,12,9,2,56
1,56,12,10,2,216
2,57,12,10,2,227
0,58,12,15,2,0
0,59,12,21,2,0
0,60,12,24,2,0
0,61,12,28,2,0
0,62,12,29,2,0
0,63,12,29,2,0
0,64,12,38,2,0
0,65,12,38,2,0
0,66,12,39,2,0
0,67,12,41,2,0
0,68,12,46,2,0
0,69,12,49,2,0
0,70,12,54,2,0
0,71,13,7,2,0
0,72,13,14,2,0
0,73,13,17,2,0
0,74,13,20,2,0
0,75,13,21,2,0
0,76,13,29,2,0
0,77,13,36,2,0
0,78,13,51,2,0
0,79,13,56,2,0
0,80,13,58,2,0
0,81,14,6,2,0
0,82,14,10,2,0
0,83,14,16,2,0
0,84,14,20,2,0
0,85,14,20,2,0
0,86,14,29,2,0
0,87,14,30,2,0
0,88,14,34,2,0
0,89,14,37,2,0
0,90,14,39,2,0
0,91,14,45,2,0
0,92,14,49,2,0
0,93,14,54,2,0
0,94,15,1,2,0
0,95,15,6,2,0
0,96,15,6,2,0
0,97,15,6,2,0
0,98,15,7,2,0
0,99,15,15,2,0
0,100,15,19,2,0
0,101,15,23,2,0
0,102,15,46,2,0
0,103,15,51,2,0
0,104,15,53,2,0
0,105,15,59,2,0
0,106,16,9,2,0
0,107,16,11,2,0
0,108,16,12,2,0
0,109,16,12,2,0
0,110,16,12,2,0
0,111,16,14,2,34
0,112,16,17,2,0
0,113,16,27,2,0
0,114,16,30,2,0
0,115,16,30,2,0
0,116,16,33,2,0
0,117,16,39,2,0
0,118,16,41,2,0
0,119,16,42,2,0
0,120,16,48,2,0
0,121,16,49,2,0
0,122,16,51,2,0
0,123,16,56,2,0
0,124,17,5,2,0
0,125,17,5,2,0
0,126,17,6,2,0
0,127,17,8,2,0
0,128,17,11,2,0
0,129,17,15,2,0
0,130,17,19,2,0
0,131,17,24,2,0
0,132,17,25,2,0
0,133,17,28,2,0
0,134,17,30,2,0
0,135,17,41,2,0
0,136,17,46,2,0
0,137,17,46,2,0
0,138,17,50,2,0
0,139,17,53,2,0
0,140,17,56,2,0
0,1,8,0,3,0
0,2,8,5,3,0
0,3,8,16,3,0
0,4,8,26,3,0
0,5,8,27,3,0
0,6,8,32,3,0
0,7,8,35,3,0
0,8,8,36,3,0
0,9,8,41,3,0
0,10,8,46,3,0
0,11,8,48,3,0
0,12,8,49,3,0
0,13,8,52,3,0
0,14,8,54,3,0
0,15,8,56,3,0
0,16,8,59,3,0
0,17,9,11,3,0
0,18,9,12,3,0
0,19,9,14,3,0
0,20,9,14,3,0
0,21,9,21,3,0
0,22,9,23,3,0
0,23,9,28,3,0
0,24,9,30,3,0
0,25,9,34,3,0
0,26,9,35,3,0
0,27,9,39,3,0
0,28,9,41,3,64
0,29,9,46,3,0
0,30,9,48,3,0
0,31,9,48,3,16
0,32,9,53,3,0
0,33,9,55,3,0
0,34,9,56,3,0
0,35,9,58,3,0
0,36,9,58,3,40
1,37,9,58,3,85
0,38,10,2,3,0
0,39,10,8,3,0
0,40,10,12,3,0
0,41,10,16,3,0
0,42,10,21,3,0
0,43,10,22,3,0
0,44,10,23,3,0
0,45,10,39,3,0
0,46,10,46,3,0
0,47,10,50,3,0
0,48,10,51,3,0
0,49,10,58,3,0
0,50,11,1,3,0
0,51,11,7,3,0
0,52,11,10,3,0
0,53,11,19,3,0
0,54,11,26,3,0
0,55,11,27,3,0
0,56,11,28,3,66
0,57,11,39,3,0
0,58,11,39,3,0
0,59,11,41,3,0
0,60,11,44,3,0
0,61,11,48,3,0
0,62,11,49,3,0
0,63,11,55,3,0
0,64,12,4,3,0
0,65,12,4,3,0
0,66,12,6,3,0
0,67,12,8,3,0
0,68,12,9,3,0
0,69,12,11,3,0
0,70,12,12,3,0
0,71,12,21,3,0
0,72,12,25,3,0
0,73,12,42,3,0
0,74,12,55,3,0
0,75,12,55,3,0
0,76,13,0,3,0
0,77,13,0,3,0
0,78,13,3,3,0
0,79,13,8,3,0
0,80,13,14,3,0
0,81,13,19,3,0
0,82,13,22,3,0
0,83,13,23,3,0
0,84,13,25,3,61
0,85,13,33,3,0
0,86,13,37,3,0
0,87,13,42,3,0
0,88,13,43,3,0
0,89,13,44,3,0
0,90,13,46,3,0
0,91,13,59,3,0
0,92,14,5,3,0
0,93,14,5,3,0
0,94,14,6,3,0
0,95,14,18,3,0
0,96,14,18,3,0
0,97,14,23,3,0
0,98,14,27,3,0
0,99,14,28,3,0
0,100,14,30,3,0
0,101,14,30,3,0
0,102,14,38,3,0
0,103,14,38,3,0
0,104,14,39,3,0
0,105,14,41,3,0
0,106,14,44,3,0
0,107,14,44,3,29
0,108,14,49,3,0
0,109,14,57,3,0
0,110,15,5,3,0
0,111,15,10,3,0
0,112,15,13,3,0
0,113,15,14,3,0
0,114,15,16,3,0
0,115,15,25,3,0
0,116,15,34,3,0
0,117,15,38,3,0
0,118,15,39,3,0
0,119,15,39,3,0
0,120,15,52,3,0
0,121,15,53,3,0
0,122,16,13,3,0
0,123,16,18,3,0
0,124,16,21,3,0
0,125,16,26,3,0
0,126,16,31,3,0
0,127,16,33,3,0
0,128,16,38,3,0
0,129,16,39,3,0
0,130,16,42,3,0
0,131,16,42,3,0
0,132,16,42,3,0
0,133,16,44,3,0
0,134,16,46,3,0
0,135,16,51,3,0
0,136,16,54,3,0
0,137,16,57,3,0
0,138,16,59,3,0
0,139,17,0,3,0
0,140,17,3,3,0
0,141,17,3,3,0
0,142,17,4,3,0
0,143,17,5,3,0
0,144,17,11,3,0
0,145,17,16,3,0
0,146,17,17,3,0
0,147,17,25,3,0
0,148,17,31,3,0
0,149,17,31,3,0
0,150,17,34,3,0
0,151,17,45,3,0
0,152,17,47,3,0
0,154,17,54,3,0
0,1,8,0,4,0
0,2,8,1,4,0
0,3,8,1,4,0
0,4,8,4,4,0
0,5,8,8,4,0
0,6,8,8,4,0
0,7,8,12,4,0
0,8,8,16,4,0
0,9,8,22,4,0
0,10,8,28,4,0
0,11,8,28,4,0
0,12,8,29,4,0
0,13,8,33,4,0
0,14,8,34,4,0
0,15,8,38,4,0
0,16,9,0,4,0
0,17,9,1,4,0
0,18,9,5,4,0
0,19,9,8,4,0
0,20,9,18,4,0
0,21,9,21,4,0
0,22,9,22,4,0
0,23,9,22,4,0
0,24,9,26,4,0
0,25,9,29,4,0
0,26,9,39,4,0
0,27,9,40,4,0
0,28,9,44,4,0
0,29,9,46,4,0
0,30,9,47,4,0
0,31,9,51,4,0
0,32,9,53,4,0
0,33,9,56,4,0
0,34,9,57,4,0
0,35,10,4,4,0
0,36,10,5,4,0
0,37,10,6,4,0
0,38,10,12,4,0
0,39,10,13,4,0
0,40,10,16,4,0
0,41,10,26,4,0
0,42,10,31,4,0
0,43,10,46,4,0
0,44,10,46,4,0
0,45,10,57,4,0
0,46,11,0,4,0
0,47,11,15,4,0
0,48,11,24,4,0
0,49,11,33,4,0
0,50,11,35,4,0
0,51,11,36,4,0
0,52,11,41,4,0
0,53,11,41,4,0
0,54,11,42,4,0
0,55,11,42,4,0
0,56,11,44,4,0
0,57,11,54,4,0
0,58,11,56,4,0
0,59,12,4,4,0
0,60,12,19,4,0
0,61,12,20,4,0
0,62,12,21,4,0
0,63,12,31,4,0
0,64,12,32,4,0
0,65,12,33,4,0
0,66,12,34,4,0
0,67,12,37,4,0
0,68,12,40,4,0
0,69,12,42,4,0
0,70,12,44,4,0
0,71,12,49,4,0
0,72,12,50,4,0
0,73,12,57,4,0
0,74,12,58,4,0
0,75,12,59,4,0
0,76,13,3,4,0
0,77,13,10,4,0
0,78,13,23,4,0
0,79,13,27,4,0
0,80,13,28,4,0
0,81,13,31,4,0
0,82,13,35,4,0
0,83,13,37,4,0
0,84,13,37,4,0
0,85,13,41,4,0
0,86,13,47,4,0
0,87,13,47,4,0
0,88,13,49,4,0
0,89,13,51,4,0
0,90,13,52,4,49
1,91,13,52,4,60
0,92,13,53,4,22
0,93,13,54,4,0
0,94,13,54,4,0
0,95,14,1,4,0
0,96,14,2,4,0
0,97,14,7,4,0
0,98,14,9,4,0
0,99,14,19,4,0
0,100,14,20,4,0
0,101,14,23,4,0
0,102,14,31,4,0
0,103,14,32,4,0
0,104,14,37,4,0
0,105,14,38,4,0
0,106,14,39,4,0
0,107,14,39,4,357
1,108,14,44,4,163
2,109,14,45,4,128
0,110,14,51,4,0
0,111,14,51,4,0
0,112,14,57,4,0
0,113,14,58,4,0
0,114,15,1,4,0
0,115,15,6,4,0
0,116,15,14,4,0
0,117,15,16,4,0
0,118,15,26,4,0
0,119,15,35,4,0
0,120,15,37,4,0
0,121,15,51,4,0
0,122,15,51,4,0
0,123,15,53,4,0
0,124,15,54,4,0
0,125,16,1,4,0
0,126,16,2,4,0
0,127,16,8,4,0
0,128,16,9,4,0
0,129,16,11,4,0
0,130,16,11,4,0
0,131,16,11,4,0
0,132,16,14,4,0
0,133,16,15,4,0
0,134,16,17,4,0
0,135,16,21,4,0
0,136,16,30,4,0
0,137,16,30,4,0
0,138,16,31,4,0
0,139,16,31,4,0
0,140,16,43,4,0
0,141,16,52,4,0
0,142,16,57,4,0
0,143,16,58,4,0
0,144,16,58,4,0
0,145,17,3,4,0
0,146,17,8,4,0
0,147,17,11,4,0
0,148,17,15,4,0
0,149,17,23,4,0
0,150,17,40,4,0
0,151,17,50,4,0
0,152,17,57,4,0
0,1,8,0,0,0
0,2,8,0,0,0
0,3,8,9,0,0
0,4,8,13,0,0
0,5,8,17,0,0
0,6,8,18,0,0
0,7,8,21,0,0
0,8,8,31,0,0
0,9,8,39,0,0
0,10,8,49,0,0
0,11,8,49,0,0
0,12,8,55,0,0
0,13,8,56,0,0
0,14,8,56,0,0
0,15,8,58,0,0
0,16,9,0,0,0
0,17,9,4,0,0
0,18,9,5,0,0
0,19,9,9,0,0
0,20,9,11,0,0
0,21,9,12,0,0
0,22,9,15,0,0
0,23,9,43,0,0
0,24,9,47,0,0
0,25,9,51,0,0
0,26,9,59,0,0
0,27,10,2,0,0
0,28,10,4,0,0
0,29,10,5,0,0
0,30,10,6,0,0
0,31,10,16,0,0
0,32,10,17,0,0
0,33,10,27,0,0
0,34,10,30,0,0
0,35,10,34,0,0
0,36,10,37,0,0
0,37,10,40,0,0
0,38,10,41,0,0
0,39,10,42,0,35
0,40,10,48,0,0
0,41,10,49,0,0
0,42,10,49,0,156
0,43,10,53,0,334
0,44,11,0,0,0
0,45,11,11,0,0
0,46,11,12,0,0
0,47,11,13,0,0
0,48,11,14,0,0
0,49,11,15,0,0
0,50,11,19,0,0
0,51,11,23,0,0
0,52,11,25,0,0
0,53,11,26,0,0
0,54,11,28,0,0
0,55,11,40,0,0
0,56,11,42,0,0
0,57,11,44,0,0
0,58,11,48,0,0
0,59,11,54,0,0
0,60,11,55,0,0
0,61,11,58,0,0
0,62,12,0,0,0
0,63,12,2,0,0
0,64,12,3,0,0
0,65,12,4,0,0
0,66,12,8,0,0
0,67,12,9,0,36
0,68,12,10,0,51
0,69,12,19,0,0
0,70,12,26,0,0
0,71,12,27,0,0
0,72,12,28,0,0
0,73,12,34,0,0
0,74,12,42,0,0
0,75,12,43,0,0
0,76,12,43,0,0
0,77,12,43,0,0
0,78,12,48,0,0
0,79,13,3,0,0
0,80,13,4,0,0
0,81,13,4,0,0
0,82,13,16,0,0
0,83,13,17,0,0
0,84,13,21,0,0
0,85,13,22,0,0
0,86,13,23,0,0
0,87,13,25,0,0
0,88,13,28,0,0
0,89,13,30,0,66
0,90,13,35,0,0
0,91,13,36,0,0
0,92,13,36,0,0
0,93,13,38,0,0
0,94,13,40,0,0
0,95,13,41,0,0
0,96,13,46,0,0
0,97,13,48,0,0
0,98,13,50,0,0
0,99,14,5,0,0
0,100,14,10,0,0
0,101,14,15,0,0
0,102,14,17,0,0
0,103,14,30,0,0
0,104,14,33,0,0
0,105,14,36,0,0
0,106,14,36,0,0
0,107,14,39,0,0
0,108,14,40,0,0
0,109,14,43,0,0
0,110,14,51,0,0
0,111,14,53,0,0
0,112,14,53,0,0
0,113,14,56,0,0
0,114,15,0,0,0
0,115,15,0,0,0
0,116,15,2,0,0
0,117,15,2,0,72
1,118,15,3,0,65
0,119,15,5,0,87
1,120,15,6,0,88
0,121,15,8,0,0
0,122,15,8,0,0
0,123,15,9,0,0
0,124,15,17,0,0
0,125,15,24,0,0
0,126,15,29,0,0
0,127,15,29,0,0
0,128,15,31,0,0
0,129,15,42,0,0
0,130,15,46,0,0
0,131,15,51,0,0
0,132,15,56,0,0
0,133,15,56,0,0
0,134,15,58,0,0
0,135,16,1,0,0
0,136,16,1,0,0
0,137,16,4,0,40
0,138,16,7,0,73
1,139,16,7,0,114
0,140,16,11,0,0
0,141,16,11,0,0
0,142,16,13,0,32
0,143,16,16,0,0
0,144,16,17,0,0
0,145,16,21,0,0
0,146,16,28,0,0
0,147,16,33,0,0
0,148,16,34,0,0
0,149,16,35,0,0
0,150,16,36,0,11
0,151,16,37,0,0
0,152,16,43,0,0
0,153,16,49,0,0
0,154,16,59,0,0
0,155,17,1,0,0
0,156,17,7,0,0
0,157,17,15,0,0
0,158,17,20,0,0
0,159,17,20,0,0
0,160,17,22,0,0
0,161,17,27,0,0
0,162,17,32,0,0
0,163,17,34,0,0
0,164,17,47,0,0
0,1,8,0,1,0
0,2,8,0,1,0
0,3,8,3,1,0
0,4,8,6,1,0
0,5,8,9,1,0
0,6,8,9,1,0
0,7,8,12,1,0
0,8,8,12,1,0
0,9,8,14,1,0
0,10,8,15,1,0
0,11,8,27,1,0
0,12,8,31,1,0
0,13,8,32,1,0
0,14,8,32,1,0
0,15,8,33,1,131
1,16,8,35,1,98
0,17,8,38,1,0
0,18,8,41,1,1
0,19,8,42,1,12
0,20,8,42,1,111
1,21,8,42,1,134
2,22,8,43,1,91
0,23,8,52,1,0
0,24,8,53,1,0
0,25,8,54,1,0
0,26,8,54,1,0
0,27,9,1,1,0
0,28,9,2,1,0
0,29,9,4,1,0
0,30,9,5,1,0
0,31,9,8,1,0
0,32,9,15,1,0
0,33,9,22,1,0
0,34,9,30,1,0
0,35,9,32,1,0
0,36,9,46,1,0
0,37,9,47,1,0
0,38,9,47,1,0
0,39,9,47,1,0
0,40,9,47,1,2
0,41,9,50,1,0
0,42,10,0,1,0
0,43,10,0,1,0
0,44,10,1,1,0
0,45,10,6,1,0
0,46,10,7,1,0
0,47,10,7,1,0
0,48,10,7,1,33
0,49,10,16,1,0
0,50,10,26,1,0
0,51,10,29,1,0
0,52,10,40,1,0
0,53,10,49,1,0
0,54,10,53,1,0
0,55,10,54,1,0
0,56,10,54,1,0
0,57,10,56,1,0
0,58,10,57,1,0
0,59,11,2,1,0
0,60,11,2,1,198
1,61,11,5,1,61
0,62,11,7,1,267
0,63,11,13,1,22
0,64,11,25,1,0
0,65,11,26,1,0
0,66,11,30,1,0
0,67,11,30,1,0
0,68,11,34,1,0
0,69,11,34,1,0
0,70,11,34,1,0
0,71,11,36,1,0
0,72,11,39,1,0
0,73,11,46,1,0
0,74,11,51,1,0
0,75,11,59,1,0
0,76,12,7,1,0
0,77,12,12,1,0
0,78,12,15,1,0
0,79,12,17,1,0
0,80,12,23,1,0
0,81,12,29,1,0
0,82,12,36,1,0
0,83,12,38,1,0
0,84,12,43,1,0
0,85,12,47,1,0
0,86,12,47,1,0
0,87,12,50,1,0
0,88,12,51,1,0
0,89,12,51,1,0
0,90,13,6,1,0
0,91,13,10,1,0
0,92,13,11,1,0
0,93,13,14,1,0
0,94,13,15,1,0
0,95,13,18,1,0
0,96,13,19,1,0
0,97,13,26,1,0
0,98,13,27,1,0
0,99,13,32,1,0
0,100,13,45,1,0
0,101,13,53,1,0
0,102,13,54,1,0
0,103,13,56,1,0
0,104,14,9,1,0
0,105,14,9,1,0
0,106,14,12,1,0
0,107,14,12,1,0
0,108,14,15,1,0
0,109,14,17,1,0
0,110,14,18,1,0
0,111,14,18,1,19
0,112,14,20,1,37
1,113,14,20,1,31
0,114,14,21,1,9
0,115,14,23,1,93
0,116,14,27,1,0
0,117,14,28,1,0
0,118,14,29,1,30
0,119,14,33,1,0
0,120,14,34,1,0
0,121,14,37,1,0
0,122,14,38,1,0
0,123,14,39,1,0
0,125,14,40,1,138
0,124,14,40,1,0
1,126,14,41,1,178
0,127,14,46,1,0
0,128,14,52,1,0
0,129,14,53,1,0
0,130,15,0,1,0
0,131,15,1,1,0
0,132,15,14,1,0
0,133,15,18,1,0
0,134,15,19,1,0
0,135,15,27,1,0
0,136,15,28,1,0
0,137,15,29,1,0
0,138,15,30,1,0
0,139,15,33,1,0
0,140,15,36,1,0
0,141,15,37,1,0
0,142,15,47,1,0
0,143,15,47,1,0
0,144,15,53,1,0
0,145,15,56,1,0
0,146,15,57,1,0
0,147,15,59,1,0
0,148,16,9,1,0
0,149,16,13,1,0
0,150,16,16,1,0
0,151,16,16,1,0
0,152,16,20,1,0
0,153,16,21,1,0
0,154,16,25,1,0
0,155,16,40,1,0
0,156,16,41,1,0
0,157,16,45,1,0
0,158,16,56,1,0
0,159,17,1,1,0
0,160,17,7,1,0
0,161,17,10,1,0
0,162,17,12,1,0
0,163,17,12,1,0
0,164,17,13,1,0
0,165,17,13,1,0
0,166,17,16,1,0
0,167,17,19,1,0
0,168,17,20,1,0
0,169,17,23,1,0
0,170,17,24,1,0
0,171,17,29,1,0
0,172,17,30,1,0
0,173,17,30,1,0
0,174,17,35,1,0
0,175,17,38,1,0
0,176,17,46,1,0
0,177,17,48,1,0
0,178,17,55,1,0
0,179,17,57,1,0
0,1,8,0,2,0
0,2,8,5,2,0
0,3,8,5,2,0
0,4,8,8,2,0
0,5,8,10,2,0
0,6,8,13,2,0
0,7,8,13,2,0
0,8,8,14,2,0
0,9,8,18,2,0
0,10,8,18,2,0
0,11,8,18,2,0
0,12,8,21,2,0
0,13,8,32,2,0
0,14,8,33,2,0
0,15,8,33,2,0
0,16,8,59,2,0
0,17,9,3,2,0
0,18,9,11,2,0
0,19,9,14,2,0
0,20,9,14,2,0
0,21,9,19,2,0
0,22,9,20,2,0
0,23,9,21,2,0
0,24,9,22,2,0
0,25,9,26,2,0
0,26,9,31,2,0
0,27,9,41,2,0
0,28,9,42,2,0
0,29,9,44,2,0
0,30,9,49,2,0
0,31,9,57,2,0
0,32,10,9,2,0
0,33,10,9,2,0
0,34,10,12,2,0
0,35,10,13,2,0
0,36,10,35,2,0
0,37,10,39,2,0
0,38,10,41,2,0
0,39,10,46,2,0
0,40,10,47,2,0
0,41,10,50,2,0
0,42,10,53,2,0
0,43,10,58,2,0
0,44,10,59,2,0
0,45,11,4,2,0
0,46,11,4,2,0
0,47,11,4,2,0
0,48,11,6,2,0
0,49,11,6,2,0
0,50,11,7,2,7
0,51,11,22,2,0
0,52,11,28,2,0
0,53,11,29,2,0
0,54,11,34,2,0
0,55,11,36,2,0
0,56,11,45,2,0
0,57,11,47,2,0
0,58,11,48,2,0
0,59,11,52,2,0
0,60,11,54,2,0
0,61,11,58,2,0
0,62,12,0,2,0
0,63,12,7,2,0
0,64,12,8,2,0
0,65,12,12,2,0
0,66,12,14,2,0
0,67,12,16,2,0
0,68,12,16,2,0
0,69,12,21,2,0
0,70,12,22,2,0
0,71,12,28,2,0
0,72,12,28,2,0
0,73,12,31,2,0
0,74,12,36,2,0
0,75,12,39,2,0
0,76,12,40,2,0
0,77,12,41,2,0
0,78,12,48,2,0
0,79,13,0,2,0
0,80,13,14,2,0
0,81,13,20,2,0
0,82,13,27,2,0
0,83,13,30,2,0
0,84,13,34,2,0
0,85,13,41,2,0
0,86,14,5,2,0
0,87,14,14,2,0
0,88,14,15,2,0
0,89,14,32,2,0
0,90,14,32,2,0
0,91,14,41,2,0
0,92,14,43,2,0
0,93,14,44,2,0
0,94,14,46,2,0
0,95,14,51,2,0
0,96,14,52,2,0
0,97,14,54,2,0
0,98,15,17,2,0
0,99,15,19,2,0
0,100,15,20,2,0
0,101,15,20,2,0
0,102,15,28,2,0
0,103,15,38,2,0
0,104,15,39,2,0
0,105,15,39,2,0
0,106,15,41,2,0
0,107,15,41,2,0
0,108,15,49,2,0
0,109,15,51,2,0
0,110,15,51,2,0
0,111,15,57,2,0
0,112,16,2,2,0
0,113,16,3,2,0
0,114,16,7,2,0
0,115,16,9,2,0
0,116,16,10,2,0
0,117,16,14,2,0
0,118,16,15,2,0
0,119,16,16,2,49
1,120,16,17,2,52
0,121,16,29,2,0
0,122,16,30,2,0
0,123,16,32,2,0
0,124,16,33,2,32
0,125,16,35,2,0
0,126,16,35,2,0
0,127,16,36,2,192
0,128,16,42,2,54
0,129,16,46,2,0
0,130,16,51,2,0
0,131,16,53,2,0
0,132,16,54,2,0
0,133,16,57,2,0
0,134,16,58,2,0
0,135,16,58,2,0
0,136,16,59,2,0
0,137,17,1,2,0
0,138,17,3,2,0
0,139,17,7,2,0
0,140,17,9,2,0
0,141,17,10,2,0
0,142,17,11,2,0
0,143,17,12,2,0
0,144,17,15,2,0
0,145,17,16,2,0
0,146,17,19,2,0
0,147,17,22,2,0
0,148,17,23,2,0
0,149,17,26,2,0
0,150,17,28,2,0
0,151,17,32,2,0
0,152,17,32,2,0
0,153,17,35,2,0
0,154,17,37,2,0
0,155,17,39,2,0
0,156,17,40,2,0
0,157,17,41,2,0
0,158,17,43,2,0
0,159,17,45,2,0
0,161,17,55,2,0
0,1,8,0,3,0
0,2,8,1,3,0
0,3,8,2,3,0
0,4,8,4,3,0
0,5,8,7,3,0
0,6,8,10,3,0
0,7,8,16,3,0
0,8,8,17,3,0
0,9,8,22,3,0
0,10,8,28,3,0
0,11,8,39,3,0
0,12,8,48,3,0
0,13,8,54,3,0
0,14,9,1,3,0
0,15,9,4,3,0
0,16,9,7,3,0
0,17,9,8,3,0
0,18,9,12,3,0
0,19,9,15,3,0
0,20,9,19,3,0
0,21,9,25,3,0
0,22,9,29,3,0
0,23,9,33,3,0
0,24,9,34,3,0
0,25,9,35,3,121
0,26,9,37,3,17
0,27,9,41,3,0
0,28,9,42,3,0
0,29,9,46,3,0
0,30,9,48,3,0
0,31,10,0,3,0
0,32,10,1,3,0
0,33,10,1,3,0
0,34,10,5,3,0
0,35,10,10,3,0
0,36,10,15,3,0
0,37,10,23,3,0
0,38,10,23,3,0
0,39,10,24,3,0
0,40,10,24,3,0
0,41,10,27,3,0
0,42,10,31,3,0
0,43,10,35,3,0
0,44,10,37,3,0
0,45,10,38,3,0
0,46,10,52,3,0
0,47,11,2,3,0
0,48,11,4,3,0
0,49,11,9,3,0
0,50,11,15,3,0
0,51,11,16,3,0
0,52,11,23,3,0
0,53,11,24,3,0
0,54,11,29,3,0
0,55,11,31,3,0
0,56,11,35,3,0
0,57,11,38,3,0
0,58,11,40,3,0
0,59,11,44,3,0
0,60,11,47,3,0
0,61,11,59,3,0
0,62,12,15,3,0
0,63,12,16,3,0
0,64,12,19,3,0
0,65,12,19,3,0
0,66,12,43,3,0
0,67,12,52,3,0
0,68,12,54,3,0
0,69,12,54,3,0
0,70,12,57,3,0
0,71,12,58,3,0
0,72,12,58,3,0
0,73,13,0,3,0
0,74,13,0,3,90
0,75,13,5,3,0
0,76,13,6,3,0
0,77,13,14,3,0
0,78,13,15,3,0
0,79,13,16,3,0
0,80,13,17,3,0
0,81,13,19,3,0
0,82,13,22,3,0
0,83,13,22,3,0
0,84,13,23,3,159
1,85,13,23,3,381
1,86,13,29,3,76
0,87,13,34,3,0
0,88,13,42,3,0
0,89,13,47,3,0
0,90,13,56,3,0
0,91,14,10,3,0
0,92,14,27,3,0
0,93,14,30,3,0
0,94,14,32,3,0
0,95,14,50,3,0
0,96,14,51,3,0
0,97,14,52,3,0
0,98,14,54,3,0
0,99,15,1,3,0
0,100,15,4,3,0
0,101,15,5,3,0
0,102,15,6,3,0
0,103,15,6,3,0
0,104,15,7,3,0
0,105,15,7,3,28
0,106,15,9,3,0
0,107,15,9,3,0
0,108,15,13,3,0
0,109,15,15,3,0
0,110,15,16,3,0
0,111,15,18,3,0
0,112,15,18,3,0
0,113,15,20,3,0
0,114,15,33,3,0
0,115,15,36,3,0
0,116,15,36,3,0
0,117,15,38,3,0
0,118,15,39,3,0
0,119,15,49,3,0
0,120,15,51,3,0
0,121,15,54,3,0
0,122,15,55,3,0
0,123,15,56,3,0
0,124,15,57,3,0
0,125,16,1,3,0
0,126,16,4,3,0
0,127,16,4,3,0
0,128,16,6,3,0
0,129,16,12,3,0
0,130,16,13,3,0
0,131,16,19,3,0
0,132,16,23,3,0
0,133,16,25,3,0
0,134,16,28,3,0
0,135,16,30,3,0
0,136,16,32,3,0
0,137,16,40,3,0
0,138,16,41,3,0
0,139,16,42,3,0
0,140,16,50,3,0
0,141,16,51,3,0
0,142,17,1,3,0
0,143,17,1,3,0
0,144,17,3,3,0
0,145,17,6,3,0
0,146,17,10,3,0
0,147,17,12,3,0
0,148,17,17,3,0
0,149,17,17,3,0
0,150,17,28,3,0
0,151,17,29,3,0
0,152,17,29,3,0
0,153,17,31,3,0
0,154,17,36,3,0
0,155,17,37,3,0
0,156,17,42,3,0
0,157,17,42,3,0
0,158,17,46,3,0
0,159,17,49,3,0
0,160,17,53,3,0
0,1,8,0,4,0
0,2,8,4,4,0
0,3,8,5,4,0
0,4,8,16,4,0
0,5,8,27,4,0
0,6,8,33,4,0
0,7,8,34,4,0
0,8,8,39,4,0
0,9,8,40,4,0
0,10,8,47,4,0
0,11,8,49,4,0
0,12,8,57,4,0
0,13,8,58,4,0
0,14,8,59,4,0
0,15,9,0,4,0
0,16,9,10,4,0
0,17,9,10,4,0
0,18,9,34,4,0
0,19,9,35,4,0
0,20,9,42,4,0
0,21,9,48,4,0
0,22,9,53,4,0
0,23,9,54,4,0
0,24,10,0,4,0
0,25,10,1,4,0
0,26,10,12,4,0
0,27,10,13,4,0
0,28,10,13,4,0
0,29,10,24,4,0
0,30,10,25,4,0
0,31,10,26,4,0
0,32,10,28,4,0
0,33,10,28,4,137
0,34,10,32,4,0
0,35,10,32,4,0
0,36,10,35,4,0
0,37,10,38,4,0
0,38,10,48,4,0
0,39,10,48,4,0
0,40,10,49,4,0
0,41,10,49,4,0
0,42,10,50,4,0
0,43,10,55,4,0
0,44,10,55,4,0
0,45,11,0,4,0
0,46,11,6,4,0
0,47,11,9,4,0
0,48,11,11,4,0
0,49,11,22,4,0
0,50,11,27,4,0
0,51,11,34,4,0
0,52,11,35,4,0
0,53,11,36,4,0
0,54,11,41,4,0
0,55,11,45,4,0
0,56,11,51,4,0
0,57,11,55,4,0
0,58,11,56,4,0
0,59,11,59,4,0
0,60,12,3,4,0
0,61,12,5,4,0
0,62,12,5,4,0
0,63,12,6,4,0
0,64,12,6,4,0
0,65,12,8,4,0
0,66,12,19,4,0
0,67,12,19,4,0
0,68,12,22,4,0
0,69,12,22,4,93
0,70,12,25,4,24
0,71,12,28,4,0
0,72,12,28,4,0
0,73,12,32,4,0
0,74,12,35,4,0
0,75,12,46,4,0
0,76,12,49,4,0
0,77,12,50,4,0
0,78,13,6,4,0
0,79,13,10,4,0
0,80,13,19,4,0
0,81,13,25,4,0
0,82,13,26,4,0
0,83,13,28,4,0
0,84,13,29,4,0
0,85,13,34,4,0
0,86,13,34,4,0
0,87,13,37,4,0
0,88,14,1,4,0
0,89,14,4,4,0
0,90,14,14,4,0
0,91,14,16,4,0
0,92,14,19,4,0
0,93,14,21,4,0
0,94,14,22,4,0
0,95,14,23,4,0
0,96,14,24,4,0
0,97,14,26,4,0
0,98,14,27,4,27
1,99,14,27,4,15
0,100,14,31,4,0
0,101,14,32,4,0
0,102,14,37,4,0
0,103,14,39,4,0
0,104,14,39,4,0
0,105,14,42,4,0
0,106,14,44,4,0
0,107,14,46,4,0
0,108,14,58,4,0
0,109,15,2,4,0
0,110,15,4,4,0
0,111,15,16,4,0
0,112,15,26,4,0
0,113,15,35,4,0
0,114,15,36,4,0
0,115,15,38,4,0
0,116,15,58,4,0
0,117,16,2,4,0
0,118,16,4,4,0
0,119,16,7,4,0
0,120,16,7,4,0
0,121,16,10,4,0
0,122,16,12,4,0
0,123,16,13,4,0
0,124,16,14,4,0
0,125,16,17,4,0
0,126,16,25,4,0
0,127,16,28,4,0
0,128,16,33,4,0
0,129,16,36,4,0
0,130,16,39,4,0
0,131,16,41,4,0
0,132,16,44,4,0
0,133,16,50,4,0
0,134,16,54,4,0
0,135,16,57,4,0
0,136,16,59,4,0
0,137,17,5,4,0
0,138,17,7,4,0
0,139,17,10,4,0
0,140,17,14,4,0
0,141,17,16,4,0
0,142,17,16,4,0
0,143,17,17,4,0
0,144,17,23,4,0
0,145,17,33,4,0
0,146,17,35,4,0
0,147,17,35,4,0
0,148,17,40,4,0
0,149,17,45,4,0
0,150,17,47,4,0
0,151,17,51,4,0
0,152,17,51,4,0
0,1,8,0,0,0
0,2,8,7,0,0
0,3,8,9,0,0
0,4,8,14,0,0
0,5,8,15,0,0
0,6,8,15,0,0
0,7,8,20,0,0
0,8,8,24,0,0
0,9,8,33,0,0
0,10,8,33,0,0
0,11,8,47,0,0
0,12,8,49,0,0
0,13,8,55,0,0
0,14,8,56,0,0
0,15,8,56,0,0
0,16,8,56,0,81
0,17,8,59,0,47
1,18,9,0,0,44
0,19,9,6,0,0
0,20,9,12,0,0
0,21,9,13,0,0
0,22,9,24,0,0
0,23,9,26,0,0
0,24,9,29,0,0
0,25,9,41,0,0
0,26,9,48,0,0
0,27,9,51,0,0
0,28,10,1,0,0
0,29,10,10,0,0
0,30,10,13,0,0
0,31,10,18,0,0
0,32,10,24,0,0
0,33,10,29,0,0
0,34,10,29,0,0
0,35,10,36,0,0
0,36,10,40,0,0
0,37,10,41,0,0
0,38,10,42,0,0
0,39,10,42,0,0
0,40,10,44,0,252
1,41,10,47,0,178
2,42,10,48,0,88
2,43,10,49,0,125
3,44,10,49,0,139
0,45,10,54,0,0
0,46,10,55,0,0
0,47,10,56,0,0
0,48,11,3,0,0
0,49,11,11,0,0
0,50,11,15,0,0
0,51,11,25,0,0
0,52,11,26,0,0
0,53,11,29,0,0
0,54,11,29,0,0
0,55,11,29,0,0
0,56,11,32,0,0
0,57,11,34,0,0
0,58,11,34,0,0
0,59,11,46,0,0
0,60,11,46,0,0
0,61,11,47,0,0
0,62,11,57,0,0
0,63,11,58,0,0
0,64,11,59,0,0
0,65,12,18,0,0
0,66,12,21,0,0
0,67,12,26,0,0
0,68,12,27,0,0
0,69,12,32,0,0
0,70,12,36,0,0
0,71,12,43,0,0
0,72,12,52,0,0
0,73,12,53,0,0
0,74,12,57,0,0
0,75,13,1,0,0
0,76,13,3,0,0
0,77,13,6,0,0
0,78,13,7,0,0
0,79,13,16,0,0
0,80,13,20,0,0
0,81,13,21,0,0
0,82,13,28,0,0
0,83,13,29,0,0
0,84,13,40,0,0
0,85,13,42,0,0
0,86,13,43,0,0
0,87,13,43,0,0
0,88,13,44,0,0
0,89,13,45,0,162
1,90,13,46,0,161
2,91,13,46,0,200
2,92,13,48,0,306
0,93,13,59,0,0
0,94,14,2,0,0
0,95,14,6,0,0
0,96,14,8,0,0
0,97,14,8,0,0
0,98,14,20,0,0
0,99,14,23,0,0
0,100,14,29,0,0
0,101,14,36,0,0
0,102,14,38,0,0
0,103,14,46,0,0
0,104,14,51,0,0
0,105,14,55,0,0
0,106,14,55,0,0
0,107,15,3,0,0
0,108,15,3,0,0
0,109,15,6,0,0
0,110,15,6,0,0
0,111,15,8,0,0
0,112,15,9,0,0
0,113,15,11,0,0
0,114,15,12,0,0
0,115,15,13,0,339
1,116,15,15,0,251
0,117,15,23,0,0
0,118,15,30,0,0
0,119,15,35,0,0
0,120,15,46,0,0
0,121,15,46,0,0
0,122,15,48,0,0
0,123,15,53,0,0
0,124,15,56,0,0
0,125,15,57,0,0
0,126,15,58,0,0
0,127,16,0,0,0
0,128,16,0,0,0
0,129,16,4,0,0
0,130,16,5,0,0
0,131,16,8,0,0
0,132,16,10,0,0
0,133,16,12,0,0
0,134,16,13,0,0
0,135,16,13,0,0
0,136,16,15,0,0
0,137,16,30,0,0
0,138,16,33,0,0
0,139,16,42,0,0
0,140,16,50,0,0
0,141,16,55,0,0
0,142,17,5,0,0
0,143,17,15,0,0
0,144,17,16,0,0
0,145,17,19,0,0
0,146,17,19,0,0
0,147,17,23,0,0
0,148,17,37,0,0
0,149,17,39,0,0
0,150,17,42,0,0
0,151,17,51,0,0
0,152,17,54,0,0
0,1,8,0,1,0
0,2,8,4,1,0
0,3,8,17,1,0
0,4,8,18,1,0
0,5,8,18,1,0
0,6,8,28,1,0
0,7,8,28,1,0
0,8,8,32,1,0
0,9,8,34,1,0
0,10,8,35,1,0
0,11,8,36,1,0
0,12,8,37,1,0
0,13,8,38,1,0
0,14,8,39,1,0
0,15,8,42,1,0
0,16,8,48,1,0
0,17,8,51,1,0
0,18,8,54,1,0
0,19,8,56,1,0
0,20,8,59,1,0
0,21,9,0,1,0
0,22,9,7,1,0
0,23,9,8,1,0
0,24,9,9,1,0
0,25,9,10,1,0
0,26,9,14,1,0
0,27,9,16,1,0
0,28,9,16,1,0
0,29,9,19,1,0
0,30,9,30,1,0
0,31,9,37,1,0
0,32,9,40,1,0
0,33,9,41,1,0
0,34,9,46,1,0
0,35,9,49,1,0
0,36,9,52,1,0
0,37,9,55,1,0
0,38,9,55,1,0
0,39,10,3,1,0
0,40,10,4,1,0
0,41,10,9,1,0
0,42,10,16,1,0
0,43,10,24,1,0
0,44,10,29,1,0
0,45,10,39,1,0
0,46,10,41,1,0
0,47,10,41,1,0
0,48,10,41,1,0
0,49,10,45,1,0
0,50,10,49,1,0
0,51,10,56,1,0
0,52,10,56,1,0
0,53,11,2,1,0
0,54,11,2,1,0
0,55,11,14,1,0
0,56,11,20,1,0
0,57,11,24,1,0
0,58,11,37,1,0
0,59,11,40,1,0
0,60,11,41,1,0
0,61,11,46,1,0
0,62,11,53,1,0
0,63,11,54,1,0
0,64,11,55,1,0
0,65,11,58,1,0
0,66,11,59,1,0
0,67,12,14,1,0
0,68,12,18,1,0
0,69,12,22,1,0
0,70,12,22,1,0
0,71,12,24,1,0
0,72,12,31,1,0
0,73,12,32,1,0
0,74,12,34,1,0
0,75,12,34,1,0
0,76,12,41,1,0
0,77,12,45,1,0
0,78,12,48,1,0
0,79,12,57,1,0
0,80,12,58,1,0
0,81,13,1,1,0
0,82,13,8,1,0
0,83,13,9,1,0
0,84,13,10,1,0
0,85,13,14,1,0
0,86,13,18,1,0
0,87,13,20,1,0
0,88,13,24,1,0
0,89,13,28,1,0
0,90,13,29,1,0
0,91,13,30,1,0
0,92,13,40,1,0
0,93,13,41,1,0
0,94,13,42,1,0
0,95,13,44,1,0
0,96,13,45,1,0
0,97,13,51,1,0
0,98,13,51,1,0
0,99,13,57,1,0
0,100,14,4,1,0
0,101,14,8,1,0
0,102,14,12,1,0
0,103,14,15,1,0
0,104,14,22,1,0
0,105,14,24,1,0
0,106,14,24,1,0
0,107,14,31,1,0
0,108,14,31,1,0
0,109,14,32,1,0
0,110,14,35,1,0
0,111,14,37,1,0
0,112,14,39,1,0
0,113,14,40,1,0
0,114,14,44,1,0
0,115,14,45,1,0
0,116,14,51,1,0
0,117,14,56,1,0
0,118,15,1,1,0
0,119,15,3,1,0
0,120,15,11,1,0
0,121,15,13,1,0
0,122,15,14,1,0
0,123,15,16,1,0
0,124,15,22,1,0
0,125,15,27,1,0
0,126,15,28,1,0
0,127,15,30,1,0
0,128,15,31,1,0
0,129,15,43,1,0
0,130,15,44,1,0
0,131,15,44,1,0
0,132,15,45,1,0
0,133,15,58,1,0
0,134,16,2,1,0
0,135,16,3,1,0
0,136,16,5,1,0
0,137,16,14,1,0
0,138,16,18,1,0
0,139,16,20,1,0
0,140,16,27,1,0
0,141,16,39,1,0
0,142,16,43,1,0
0,143,16,43,1,0
0,144,16,46,1,0
0,145,16,47,1,0
0,146,16,55,1,0
0,147,17,12,1,0
0,148,17,12,1,0
0,149,17,14,1,0
0,150,17,14,1,0
0,151,17,19,1,0
0,152,17,22,1,0
0,153,17,30,1,0
0,154,17,31,1,0
0,155,17,34,1,0
0,156,17,36,1,0
0,157,17,36,1,0
0,158,17,40,1,0
0,159,17,43,1,0
0,160,17,46,1,0
0,161,17,47,1,0
0,162,17,52,1,0
0,163,17,56,1,0
0,164,17,58,1,0
0,1,8,0,2,0
0,2,8,3,2,0
0,3,8,8,2,0
0,4,8,8,2,0
0,5,8,14,2,0
0,6,8,16,2,0
0,7,8,17,2,0
0,8,8,19,2,0
0,9,8,24,2,0
0,10,8,25,2,0
0,11,8,27,2,0
0,12,8,28,2,0
0,13,8,30,2,0
0,14,8,34,2,0
0,15,8,35,2,0
0,16,8,36,2,0
0,17,8,39,2,0
0,18,8,49,2,0
0,19,8,50,2,0
0,20,8,56,2,0
0,21,8,57,2,0
0,22,8,58,2,0
0,23,9,0,2,0
0,24,9,0,2,63
1,25,9,0,2,55
0,26,9,2,2,0
0,27,9,3,2,0
0,28,9,6,2,0
0,29,9,10,2,0
0,30,9,13,2,0
0,31,9,24,2,0
0,32,9,30,2,0
0,33,9,32,2,0
0,34,9,34,2,0
0,35,9,36,2,0
0,36,9,42,2,0
0,37,9,54,2,0
0,38,9,56,2,0
0,39,10,3,2,0
0,40,10,5,2,0
0,41,10,9,2,0
0,42,10,9,2,0
0,43,10,10,2,0
0,44,10,11,2,20
0,45,10,11,2,0
0,46,10,12,2,0
0,47,10,12,2,176
1,48,10,13,2,187
0,49,10,18,2,0
0,50,10,20,2,246
0,51,10,28,2,0
0,52,10,35,2,0
0,53,10,36,2,0
0,54,10,37,2,0
0,55,10,40,2,20
0,56,10,42,2,0
0,57,10,52,2,0
0,58,10,56,2,0
0,59,10,56,2,0
0,60,11,0,2,0
0,61,11,1,2,0
0,62,11,20,2,0
0,63,11,26,2,0
0,64,11,32,2,0
0,65,11,35,2,0
0,66,11,44,2,0
0,67,11,51,2,0
0,68,11,53,2,0
0,69,11,58,2,0
0,70,12,2,2,0
0,71,12,2,2,0
0,72,12,5,2,0
0,73,12,7,2,0
0,74,12,15,2,0
0,75,12,16,2,0
0,76,12,17,2,0
0,77,12,18,2,0
0,78,12,20,2,70
0,79,12,23,2,0
0,80,12,35,2,0
0,81,12,40,2,0
0,82,12,44,2,0
0,83,12,44,2,0
0,84,12,47,2,0
0,85,12,49,2,0
0,86,12,51,2,0
0,87,12,51,2,0
0,88,12,55,2,0
0,89,12,58,2,0
0,90,13,5,2,0
0,91,13,5,2,0
0,92,13,8,2,0
0,93,13,10,2,0
0,94,13,18,2,0
0,95,13,19,2,0
0,96,13,22,2,0
0,97,13,23,2,0
0,98,13,24,2,0
0,99,13,30,2,0
0,100,13,30,2,0
0,101,13,32,2,0
0,102,13,35,2,0
0,103,13,37,2,0
0,104,13,39,2,0
0,105,13,46,2,0
0,106,13,54,2,0
0,107,13,58,2,0
0,108,13,59,2,0
0,109,14,4,2,0
0,110,14,6,2,0
0,111,14,6,2,0
0,112,14,13,2,0
0,113,14,17,2,0
0,114,14,18,2,3
0,115,14,27,2,0
0,116,14,30,2,0
0,117,14,30,2,0
0,118,14,34,2,0
0,119,14,39,2,0
0,120,14,42,2,0
0,121,14,46,2,0
0,122,14,48,2,0
0,123,14,56,2,0
0,124,14,58,2,0
0,125,15,0,2,0
0,126,15,3,2,0
0,127,15,8,2,0
0,128,15,15,2,0
0,129,15,17,2,0
0,130,15,18,2,0
0,131,15,24,2,0
0,132,15,24,2,0
0,133,15,27,2,0
0,134,15,28,2,0
0,135,15,32,2,0
0,136,15,34,2,0
0,137,15,37,2,0
0,138,15,40,2,0
0,139,15,42,2,0
0,140,15,46,2,0
0,141,15,50,2,0
0,142,15,51,2,0
0,143,15,52,2,0
0,144,15,52,2,0
0,145,15,55,2,0
0,146,16,16,2,0
0,147,16,20,2,0
0,148,16,22,2,0
0,149,16,34,2,0
0,150,16,42,2,0
0,151,16,47,2,0
0,152,16,47,2,0
0,153,16,50,2,0
0,154,16,50,2,0
0,155,16,54,2,0
0,156,16,55,2,0
0,157,17,4,2,0
0,158,17,5,2,0
0,159,17,13,2,0
0,160,17,16,2,0
0,161,17,23,2,0
0,162,17,26,2,0
0,163,17,26,2,0
0,164,17,27,2,0
0,165,17,30,2,0
0,166,17,34,2,0
0,167,17,35,2,0
0,168,17,37,2,0
0,169,17,38,2,22
0,170,17,38,2,127
0,171,17,41,2,0
0,172,17,46,2,0
0,173,17,50,2,0
0,1,8,0,3,0
0,2,8,6,3,0
0,3,8,12,3,0
0,4,8,15,3,0
0,5,8,17,3,0
0,6,8,38,3,0
0,7,8,40,3,0
0,8,8,42,3,0
0,9,8,52,3,0
0,10,8,53,3,0
0,11,8,53,3,0
0,12,8,53,3,0
0,13,9,0,3,0
0,14,9,4,3,0
0,15,9,4,3,0
0,16,9,27,3,0
0,17,9,42,3,0
0,18,9,44,3,0
0,19,9,47,3,0
0,20,9,49,3,0
0,21,9,53,3,0
0,22,10,10,3,0
0,23,10,12,3,0
0,24,10,12,3,0
0,25,10,13,3,0
0,26,10,15,3,0
0,27,10,15,3,0
0,28,10,16,3,5
0,29,10,21,3,0
0,30,10,23,3,0
0,31,10,26,3,0
0,32,10,26,3,0
0,33,10,27,3,0
0,34,10,34,3,0
0,35,10,39,3,0
0,36,10,40,3,0
0,37,10,45,3,0
0,38,10,47,3,0
0,39,10,50,3,0
0,40,10,54,3,0
0,41,10,57,3,0
0,42,10,59,3,0
0,43,11,2,3,0
0,44,11,23,3,0
0,45,11,23,3,0
0,46,11,25,3,0
0,47,11,30,3,0
0,48,11,34,3,0
0,49,11,53,3,0
0,50,11,53,3,0
0,51,11,54,3,0
0,52,12,8,3,0
0,53,12,13,3,0
0,54,12,15,3,0
0,55,12,19,3,0
0,56,12,30,3,0
0,57,12,31,3,0
0,58,12,41,3,0
0,59,12,47,3,0
0,60,12,55,3,0
0,61,12,56,3,0
0,62,12,57,3,0
0,63,13,4,3,0
0,64,13,4,3,0
0,65,13,6,3,2
0,66,13,10,3,0
0,67,13,10,3,0
0,68,13,10,3,0
0,69,13,16,3,0
0,70,13,17,3,0
0,71,13,21,3,0
0,72,13,23,3,0
0,73,13,26,3,0
0,74,13,30,3,0
0,75,13,34,3,0
0,76,13,49,3,0
0,77,13,50,3,0
0,78,13,50,3,0
0,79,13,52,3,0
0,80,13,53,3,0
0,81,13,54,3,1
0,82,13,57,3,0
0,83,13,57,3,0
0,84,14,2,3,0
0,85,14,2,3,0
0,86,14,6,3,0
0,87,14,8,3,0
0,88,14,9,3,0
0,89,14,11,3,0
0,90,14,16,3,0
0,91,14,23,3,0
0,92,14,23,3,0
0,93,14,32,3,0
0,94,14,46,3,0
0,95,14,46,3,0
0,96,14,47,3,0
0,97,14,48,3,0
0,98,14,52,3,0
0,99,14,55,3,0
0,100,14,55,3,0
0,101,14,59,3,0
0,102,15,3,3,0
0,103,15,6,3,0
0,104,15,6,3,0
0,105,15,7,3,0
0,106,15,9,3,0
0,107,15,15,3,0
0,108,15,24,3,0
0,109,15,26,3,0
0,110,15,28,3,0
0,111,15,35,3,0
0,112,15,41,3,0
0,113,15,48,3,0
0,114,15,51,3,0
0,115,16,7,3,0
0,116,16,7,3,0
0,117,16,8,3,0
0,118,16,11,3,0
0,119,16,14,3,0
0,120,16,16,3,0
0,121,16,26,3,0
0,122,16,26,3,0
0,123,16,33,3,0
0,124,16,33,3,0
0,125,16,34,3,0
0,126,16,43,3,0
0,127,16,51,3,0
0,128,16,52,3,0
0,129,16,55,3,0
0,130,16,56,3,0
0,131,16,59,3,0
0,132,17,7,3,0
0,133,17,8,3,0
0,134,17,8,3,0
0,135,17,10,3,0
0,136,17,17,3,0
0,137,17,25,3,0
0,138,17,37,3,0
0,139,17,38,3,0
0,140,17,43,3,0
0,141,17,43,3,0
0,142,17,44,3,0
0,143,17,45,3,0
0,144,17,49,3,0
0,145,17,50,3,0
0,146,17,54,3,0
0,1,8,0,4,0
0,2,8,11,4,0
0,3,8,11,4,0
0,4,8,13,4,0
0,5,8,14,4,0
0,6,8,15,4,0
0,7,8,18,4,0
0,8,8,19,4,0
0,9,8,20,4,102
1,10,8,20,4,79
0,11,8,24,4,333
1,12,8,24,4,377
2,13,8,24,4,601
3,14,8,25,4,581
4,15,8,27,4,497
3,16,8,31,4,435
4,17,8,32,4,514
5,18,8,32,4,492
0,19,8,48,4,0
0,20,8,51,4,0
0,21,8,54,4,0
0,22,8,59,4,0
0,23,9,1,4,0
0,24,9,3,4,0
0,25,9,8,4,0
0,26,9,12,4,0
0,27,9,19,4,0
0,28,9,22,4,0
0,29,9,24,4,0
0,30,9,28,4,0
0,31,9,31,4,0
0,32,9,32,4,0
0,33,9,38,4,0
0,34,9,43,4,0
0,35,9,44,4,0
0,36,9,45,4,0
0,37,9,49,4,0
0,38,9,55,4,0
0,39,9,59,4,0
0,40,10,5,4,0
0,41,10,11,4,0
0,42,10,16,4,0
0,43,10,25,4,0
0,44,10,30,4,0
0,45,10,37,4,0
0,46,10,37,4,0
0,47,10,37,4,0
0,48,10,52,4,0
0,49,10,52,4,0
0,50,10,53,4,0
0,51,10,54,4,0
0,52,11,7,4,0
0,53,11,9,4,0
0,54,11,10,4,0
0,55,11,13,4,0
0,56,11,13,4,0
0,57,11,15,4,0
0,58,11,17,4,0
0,59,11,21,4,0
0,60,11,21,4,0
0,61,11,23,4,0
0,62,11,34,4,0
0,63,11,43,4,0
0,64,11,53,4,0
0,65,11,54,4,0
0,66,11,55,4,0
0,67,11,55,4,0
0,68,12,0,4,0
0,69,12,0,4,0
0,70,12,1,4,0
0,71,12,6,4,0
0,72,12,9,4,0
0,73,12,11,4,0
0,74,12,14,4,0
0,75,12,16,4,0
0,76,12,16,4,0
0,77,12,17,4,0
0,78,12,18,4,0
0,79,12,20,4,0
0,80,12,21,4,48
1,81,12,21,4,17
0,82,12,36,4,0
0,83,12,39,4,0
0,84,12,47,4,0
0,85,12,49,4,0
0,86,12,52,4,0
0,87,12,52,4,0
0,88,12,54,4,73
1,89,12,54,4,149
0,90,13,5,4,0
0,91,13,6,4,138
1,92,13,7,4,44
0,93,13,9,4,43
0,94,13,18,4,0
0,95,13,20,4,0
0,96,13,22,4,0
0,97,13,24,4,54
0,98,13,26,4,0
0,99,13,31,4,0
0,100,13,35,4,0
0,101,13,37,4,0
0,102,13,37,4,0
0,103,13,39,4,0
0,104,13,41,4,0
0,105,13,43,4,0
0,106,13,49,4,0
0,107,13,49,4,0
0,108,13,53,4,0
0,109,13,54,4,0
0,110,13,57,4,0
0,111,14,12,4,0
0,112,14,18,4,0
0,113,14,19,4,0
0,114,14,21,4,0
0,115,14,23,4,0
0,116,14,24,4,0
0,117,14,25,4,0
0,118,14,26,4,0
0,119,14,27,4,0
0,120,14,30,4,0
0,121,14,34,4,0
0,122,14,40,4,0
0,123,14,41,4,0
0,124,14,42,4,0
0,125,14,43,4,0
0,126,14,50,4,0
0,127,15,7,4,0
0,128,15,7,4,0
0,129,15,10,4,0
0,130,15,19,4,0
0,131,15,19,4,0
0,132,15,21,4,0
0,133,15,32,4,0
0,134,15,33,4,0
0,135,15,33,4,0
0,136,15,42,4,0
0,137,15,43,4,0
0,138,15,44,4,0
0,139,15,50,4,0
0,140,15,50,4,0
0,141,15,52,4,0
0,142,15,58,4,0
0,143,16,0,4,0
0,144,16,1,4,0
0,145,16,2,4,0
0,146,16,11,4,0
0,147,16,18,4,0
0,148,16,25,4,0
0,149,16,26,4,0
0,150,16,37,4,0
0,151,16,37,4,0
0,152,16,42,4,0
0,153,16,44,4,0
0,154,16,52,4,0
0,155,16,53,4,0
0,156,16,58,4,0
0,157,16,58,4,0
0,158,17,3,4,0
0,159,17,20,4,0
0,160,17,22,4,0
0,161,17,28,4,0
0,162,17,32,4,0
0,163,17,32,4,0
0,164,17,42,4,0
0,165,17,43,4,0
0,166,17,47,4,0
0,169,17,54,4,0
0,170,17,56,4,0
0,1,8,0,0,0
0,2,8,5,0,0
0,3,8,11,0,0
0,4,8,12,0,0
0,5,8,23,0,0
0,6,8,28,0,0
0,7,8,32,0,0
0,8,8,36,0,0
0,9,8,37,0,0
0,10,8,39,0,0
0,11,8,42,0,0
0,12,8,44,0,0
0,13,8,46,0,0
0,14,8,50,0,0
0,15,8,51,0,0
0,16,8,55,0,0
0,17,9,1,0,0
0,18,9,7,0,0
0,19,9,19,0,0
0,20,9,29,0,0
0,21,9,31,0,0
0,22,9,33,0,0
0,23,9,34,0,0
0,24,9,37,0,0
0,25,9,41,0,0
0,26,9,48,0,0
0,27,9,52,0,0
0,28,9,58,0,0
0,29,9,59,0,0
0,30,10,2,0,0
0,31,10,2,0,0
0,32,10,4,0,23
0,33,10,6,0,0
0,34,10,11,0,0
0,35,10,16,0,0
0,36,10,16,0,0
0,37,10,18,0,0
0,38,10,19,0,0
0,39,10,19,0,0
0,40,10,24,0,0
0,41,10,29,0,0
0,42,10,31,0,0
0,43,10,34,0,0
0,44,10,37,0,0
0,45,10,55,0,0
0,46,10,55,0,0
0,47,10,58,0,0
0,48,10,58,0,0
0,49,11,4,0,0
0,50,11,8,0,0
0,51,11,8,0,0
0,52,11,10,0,0
0,53,11,19,0,0
0,54,11,22,0,0
0,55,11,22,0,0
0,56,11,24,0,0
0,57,11,25,0,0
0,58,11,25,0,68
0,59,11,34,0,0
0,60,11,37,0,0
0,61,11,37,0,0
0,62,11,40,0,0
0,63,11,48,0,0
0,64,11,50,0,0
0,65,12,7,0,0
0,66,12,9,0,0
0,67,12,10,0,0
0,68,12,14,0,0
0,69,12,15,0,0
0,70,12,25,0,0
0,71,12,26,0,0
0,72,12,30,0,0
0,73,12,35,0,0
0,74,12,40,0,0
0,75,12,45,0,0
0,76,12,48,0,0
0,77,12,48,0,0
0,78,12,53,0,0
0,79,12,53,0,0
0,80,12,53,0,34
1,81,12,54,0,85
0,82,12,57,0,0
0,83,12,57,0,0
0,84,12,57,0,0
0,85,12,57,0,87
0,86,13,2,0,0
0,87,13,4,0,0
0,88,13,8,0,0
0,89,13,15,0,0
0,90,13,15,0,0
0,91,13,15,0,0
0,92,13,16,0,9
0,93,13,21,0,0
0,94,13,22,0,0
0,95,13,28,0,0
0,96,13,30,0,0
0,97,13,32,0,0
0,98,13,36,0,0
0,99,13,37,0,0
0,100,13,45,0,0
0,101,13,45,0,0
0,102,13,46,0,89
1,103,13,47,0,84
2,104,13,47,0,83
0,105,14,1,0,0
0,106,14,4,0,0
0,107,14,5,0,0
0,108,14,8,0,0
0,109,14,11,0,0
0,110,14,11,0,0
0,111,14,13,0,0
0,112,14,16,0,0
0,113,14,16,0,0
0,114,14,22,0,0
0,115,14,24,0,0
0,116,14,28,0,0
0,117,14,29,0,0
0,118,14,29,0,0
0,119,14,30,0,0
0,120,14,30,0,0
0,121,14,36,0,0
0,122,14,37,0,0
0,123,14,37,0,0
0,124,14,56,0,0
0,125,14,59,0,0
0,126,14,59,0,0
0,127,15,1,0,0
0,128,15,8,0,0
0,129,15,11,0,0
0,130,15,11,0,0
0,131,15,14,0,0
0,132,15,21,0,0
0,133,15,22,0,0
0,134,15,23,0,0
0,135,15,27,0,0
0,136,15,28,0,0
0,137,15,28,0,3
0,138,15,33,0,0
0,139,15,35,0,0
0,140,15,38,0,0
0,141,15,44,0,0
0,142,15,45,0,0
0,143,15,50,0,0
0,144,15,50,0,0
0,145,15,54,0,0
0,146,15,54,0,0
0,147,15,56,0,0
0,148,15,57,0,204
1,149,15,58,0,212
0,150,16,3,0,76
0,151,16,5,0,0
0,152,16,7,0,0
0,153,16,17,0,0
0,154,16,28,0,0
0,155,16,32,0,0
0,156,16,34,0,0
0,157,16,40,0,0
0,158,16,40,0,0
0,159,16,53,0,0
0,160,17,2,0,0
0,161,17,3,0,0
0,162,17,8,0,0
0,163,17,12,0,0
0,164,17,21,0,0
0,165,17,22,0,0
0,166,17,25,0,0
0,167,17,26,0,0
0,168,17,31,0,0
0,169,17,38,0,0
0,1,8,0,1,0
0,2,8,1,1,0
0,3,8,1,1,0
0,4,8,10,1,0
0,5,8,21,1,0
0,6,8,23,1,0
0,7,8,23,1,0
0,8,8,28,1,0
0,9,8,33,1,0
0,10,8,36,1,0
0,11,8,36,1,0
0,12,8,45,1,0
0,13,8,50,1,0
0,14,8,58,1,0
0,15,9,1,1,0
0,16,9,3,1,0
0,17,9,10,1,0
0,18,9,14,1,0
0,19,9,18,1,0
0,20,9,18,1,0
0,21,9,20,1,0
0,22,9,20,1,0
0,23,9,28,1,0
0,24,9,41,1,0
0,25,9,46,1,0
0,26,9,49,1,0
0,27,9,51,1,0
0,28,9,52,1,0
0,29,10,2,1,0
0,30,10,7,1,0
0,31,10,14,1,0
0,32,10,15,1,0
0,33,10,24,1,0
0,34,10,32,1,0
0,35,10,36,1,0
0,36,10,38,1,0
0,37,10,40,1,0
0,38,10,42,1,0
0,39,10,43,1,0
0,40,10,57,1,0
0,41,11,4,1,0
0,42,11,6,1,0
0,43,11,10,1,0
0,44,11,16,1,0
0,45,11,31,1,0
0,46,11,32,1,0
0,47,11,36,1,0
0,48,11,44,1,0
0,49,11,46,1,0
0,50,11,48,1,0
0,51,11,49,1,0
0,52,11,54,1,0
0,53,11,56,1,0
0,54,12,0,1,0
0,55,12,8,1,0
0,56,12,15,1,0
0,57,12,19,1,0
0,58,12,22,1,0
0,59,12,23,1,0
0,60,12,31,1,0
0,61,12,36,1,0
0,62,12,43,1,0
0,63,12,47,1,0
0,64,12,49,1,0
0,65,12,51,1,0
0,66,12,58,1,0
0,67,12,58,1,0
0,68,13,0,1,0
0,69,13,11,1,0
0,70,13,15,1,0
0,71,13,17,1,0
0,72,13,23,1,0
0,73,13,23,1,0
0,74,13,27,1,0
0,75,13,47,1,0
0,76,13,47,1,0
0,77,13,48,1,0
0,78,13,52,1,0
0,79,13,55,1,0
0,80,14,11,1,0
0,81,14,13,1,0
0,82,14,32,1,0
0,83,14,34,1,0
0,84,14,35,1,0
0,85,14,40,1,0
0,86,14,45,1,0
0,87,14,45,1,0
0,88,14,48,1,0
0,89,14,49,1,0
0,90,14,59,1,0
0,91,15,0,1,0
0,92,15,1,1,0
0,93,15,2,1,0
0,94,15,5,1,0
0,95,15,6,1,0
0,96,15,7,1,0
0,97,15,10,1,0
0,98,15,12,1,0
0,99,15,15,1,0
0,100,15,23,1,0
0,101,15,33,1,0
0,102,15,35,1,0
0,103,15,37,1,0
0,104,15,45,1,0
0,105,15,47,1,0
0,106,16,1,1,0
0,107,16,2,1,0
0,108,16,3,1,0
0,109,16,5,1,0
0,110,16,8,1,10
0,111,16,14,1,0
0,112,16,18,1,0
0,113,16,32,1,0
0,114,16,32,1,0
0,115,16,33,1,0
0,116,16,35,1,0
0,117,16,35,1,0
0,118,16,41,1,0
0,119,16,44,1,0
0,120,16,46,1,0
0,121,16,50,1,0
0,122,16,51,1,0
0,123,17,3,1,0
0,124,17,14,1,0
0,125,17,20,1,0
0,126,17,22,1,0
0,127,17,25,1,0
0,128,17,28,1,0
0,129,17,36,1,0
0,130,17,36,1,0
0,131,17,39,1,0
0,132,17,40,1,0
0,133,17,45,1,0
0,134,17,48,1,0
0,135,17,49,1,0
0,1,8,0,2,0
0,2,8,0,2,0
0,3,8,7,2,0
0,4,8,12,2,0
0,5,8,17,2,0
0,6,8,32,2,0
0,7,8,32,2,0
0,8,8,34,2,0
0,9,8,38,2,0
0,10,8,45,2,0
0,11,8,49,2,0
0,12,8,53,2,0
0,13,8,53,2,0
0,14,8,55,2,0
0,15,8,58,2,0
0,16,9,3,2,0
0,17,9,7,2,0
0,18,9,11,2,0
0,19,9,24,2,0
0,20,9,31,2,0
0,21,9,38,2,0
0,22,9,47,2,0
0,23,9,52,2,0
0,24,10,1,2,0
0,25,10,1,2,0
0,26,10,8,2,0
0,27,10,11,2,0
0,28,10,17,2,0
0,29,10,23,2,0
0,30,10,23,2,0
0,31,10,25,2,0
0,32,10,27,2,0
0,33,10,29,2,0
0,34,10,33,2,0
0,35,10,33,2,0
0,36,10,34,2,24
1,37,10,35,2,137
0,38,10,37,2,97
0,39,10,46,2,0
0,40,10,47,2,0
0,41,10,47,2,0
0,42,10,59,2,0
0,43,11,1,2,0
0,44,11,4,2,0
0,45,11,14,2,0
0,46,11,14,2,0
0,47,11,16,2,0
0,48,11,21,2,0
0,49,11,23,2,0
0,50,11,23,2,0
0,51,11,24,2,0
0,52,11,28,2,0
0,53,11,29,2,0
0,54,11,37,2,0
0,55,11,41,2,0
0,56,11,42,2,0
0,57,11,48,2,0
0,58,11,51,2,0
0,59,11,52,2,0
0,60,12,8,2,0
0,61,12,10,2,0
0,62,12,16,2,0
0,63,12,17,2,0
0,64,12,17,2,0
0,65,12,19,2,0
0,66,12,25,2,0
0,67,12,30,2,0
0,68,12,34,2,0
0,69,12,41,2,0
0,70,12,45,2,0
0,71,12,48,2,0
0,72,12,55,2,0
0,73,13,5,2,0
0,74,13,5,2,0
0,75,13,6,2,0
0,76,13,9,2,0
0,77,13,11,2,0
0,78,13,11,2,0
0,79,13,12,2,0
0,80,13,13,2,0
0,81,13,14,2,0
0,82,13,18,2,0
0,83,13,21,2,0
0,84,13,24,2,0
0,85,13,27,2,0
0,86,13,27,2,0
0,87,13,29,2,0
0,88,13,29,2,0
0,89,13,42,2,0
0,90,13,43,2,0
0,91,13,49,2,0
0,92,13,49,2,0
0,93,13,58,2,0
0,94,14,0,2,0
0,95,14,4,2,0
0,96,14,4,2,0
0,97,14,6,2,0
0,98,14,7,2,0
0,99,14,12,2,0
0,100,14,13,2,0
0,101,14,13,2,0
0,102,14,20,2,0
0,103,14,21,2,0
0,104,14,22,2,0
0,105,14,25,2,0
0,106,14,30,2,0
0,107,14,31,2,0
0,108,14,32,2,0
0,109,14,33,2,0
0,110,14,37,2,0
0,111,14,37,2,0
0,112,14,40,2,0
0,113,14,41,2,0
0,114,14,45,2,0
0,115,14,47,2,0
0,116,14,48,2,0
0,117,14,49,2,0
0,118,14,50,2,0
0,119,14,50,2,0
0,120,14,53,2,0
0,121,14,56,2,0
0,122,15,0,2,0
0,123,15,12,2,0
0,124,15,13,2,0
0,125,15,16,2,0
0,126,15,17,2,0
0,127,15,19,2,0
0,128,15,24,2,0
0,129,15,27,2,0
0,130,15,33,2,0
0,131,15,36,2,0
0,132,15,43,2,0
0,133,15,52,2,0
0,134,15,54,2,0
0,135,15,55,2,0
0,136,15,55,2,0
0,137,15,58,2,0
0,138,15,58,2,0
0,139,15,58,2,38
0,140,16,6,2,0
0,141,16,9,2,0
0,142,16,12,2,0
0,143,16,17,2,0
0,144,16,23,2,0
0,145,16,23,2,0
0,146,16,24,2,0
0,148,16,27,2,0
0,147,16,27,2,0
0,149,16,31,2,0
0,150,16,33,2,0
0,151,16,42,2,0
0,152,16,42,2,0
0,153,16,44,2,0
0,154,16,47,2,0
0,155,16,52,2,0
0,156,16,52,2,0
0,157,16,53,2,0
0,158,16,54,2,104
0,159,16,59,2,0
0,160,17,0,2,0
0,161,17,1,2,5
0,162,17,5,2,0
0,163,17,11,2,0
0,164,17,11,2,0
0,165,17,15,2,0
0,166,17,18,2,0
0,167,17,20,2,0
0,168,17,22,2,0
0,169,17,23,2,0
0,170,17,25,2,0
0,171,17,31,2,0
0,172,17,31,2,0
0,173,17,33,2,0
0,174,17,33,2,0
0,175,17,34,2,0
0,176,17,37,2,0
0,177,17,37,2,107
1,178,17,37,2,118
0,179,17,41,2,0
0,180,17,44,2,0
0,181,17,46,2,0
0,182,17,51,2,0
0,183,17,52,2,0
0,184,17,54,2,0
0,1,8,0,3,0
0,2,8,3,3,0
0,3,8,4,3,0
0,4,8,11,3,0
0,5,8,16,3,0
0,6,8,16,3,0
0,7,8,31,3,0
0,8,8,34,3,0
0,9,8,39,3,0
0,10,8,42,3,0
0,11,8,45,3,0
0,12,8,47,3,0
0,13,8,51,3,0
0,14,8,52,3,0
0,15,8,52,3,0
0,16,8,53,3,0
0,17,8,56,3,0
0,18,8,58,3,0
0,19,9,0,3,0
0,20,9,0,3,0
0,21,9,1,3,0
0,22,9,2,3,0
0,23,9,8,3,0
0,24,9,15,3,0
0,25,9,17,3,0
0,26,9,19,3,0
0,27,9,25,3,0
0,28,9,31,3,0
0,29,9,32,3,0
0,30,9,33,3,0
0,31,9,36,3,0
0,32,9,40,3,0
0,33,9,49,3,0
0,34,9,49,3,0
0,35,9,49,3,2
0,36,9,54,3,0
0,37,10,5,3,0
0,38,10,10,3,0
0,39,10,19,3,0
0,40,10,20,3,0
0,41,10,22,3,0
0,42,10,23,3,0
0,43,10,23,3,0
0,44,10,32,3,0
0,45,10,34,3,0
0,46,10,35,3,0
0,47,10,37,3,0
0,48,10,44,3,0
0,49,10,51,3,0
0,50,10,55,3,0
0,51,11,0,3,0
0,52,11,3,3,0
0,53,11,5,3,0
0,54,11,13,3,0
0,55,11,19,3,0
0,56,11,20,3,0
0,57,11,24,3,0
0,58,11,26,3,0
0,59,11,26,3,0
0,60,11,27,3,163
0,61,11,39,3,0
0,62,11,41,3,0
0,63,11,42,3,0
0,64,11,42,3,0
0,65,11,50,3,0
0,66,11,52,3,0
0,67,11,53,3,0
0,68,11,54,3,0
0,69,11,58,3,0
0,70,12,2,3,0
0,71,12,22,3,0
0,72,12,25,3,0
0,73,12,25,3,0
0,74,12,32,3,0
0,75,12,44,3,0
0,76,12,44,3,0
0,77,12,44,3,0
0,78,12,44,3,0
0,79,12,47,3,0
0,80,12,50,3,0
0,81,12,52,3,0
0,82,12,54,3,0
0,83,13,4,3,0
0,84,13,7,3,0
0,85,13,7,3,0
0,86,13,8,3,0
0,87,13,9,3,0
0,88,13,22,3,0
0,89,13,34,3,0
0,90,13,34,3,0
0,91,13,36,3,0
0,92,13,46,3,0
0,93,13,47,3,0
0,94,13,49,3,0
0,95,13,54,3,0
0,96,14,1,3,0
0,97,14,4,3,0
0,98,14,13,3,0
0,99,14,15,3,0
0,100,14,15,3,0
0,101,14,17,3,0
0,102,14,19,3,0
0,103,14,23,3,0
0,104,14,23,3,0
0,105,14,24,3,49
0,106,14,25,3,0
0,107,14,27,3,0
0,108,14,29,3,0
0,109,14,30,3,0
0,110,14,35,3,0
0,111,14,39,3,0
0,112,14,49,3,0
0,113,14,57,3,0
0,114,15,7,3,0
0,115,15,25,3,0
0,116,15,30,3,0
0,117,15,33,3,0
0,118,15,33,3,0
0,119,15,37,3,0
0,120,15,38,3,0
0,121,15,40,3,0
0,122,15,42,3,0
0,123,15,50,3,0
0,124,15,55,3,0
0,125,16,3,3,0
0,126,16,6,3,0
0,127,16,15,3,0
0,128,16,17,3,0
0,129,16,17,3,0
0,130,16,18,3,0
0,131,16,24,3,0
0,132,16,46,3,0
0,133,16,48,3,0
0,134,16,49,3,0
0,135,16,53,3,0
0,136,16,57,3,0
0,137,17,3,3,0
0,138,17,4,3,0
0,139,17,9,3,0
0,140,17,14,3,0
0,141,17,14,3,0
0,142,17,24,3,0
0,143,17,29,3,0
0,144,17,32,3,0
0,145,17,35,3,0
0,146,17,39,3,0
0,147,17,42,3,0
0,148,17,44,3,0
0,1,8,0,4,0
0,2,8,5,4,0
0,3,8,6,4,0
0,4,8,16,4,0
0,5,8,26,4,0
0,6,8,28,4,0
0,7,8,39,4,0
0,8,8,43,4,0
0,9,8,48,4,0
0,10,8,51,4,0
0,11,8,54,4,0
0,12,9,2,4,0
0,13,9,3,4,0
0,14,9,4,4,0
0,15,9,5,4,0
0,16,9,8,4,0
0,17,9,11,4,0
0,18,9,17,4,0
0,19,9,19,4,0
0,20,9,20,4,0
0,21,9,23,4,0
0,22,9,26,4,0
0,23,9,28,4,0
0,24,9,29,4,0
0,25,9,33,4,0
0,26,9,34,4,0
0,27,9,36,4,0
0,28,9,40,4,0
0,29,9,40,4,0
0,30,9,42,4,0
0,31,9,53,4,0
0,32,9,53,4,0
0,33,10,1,4,0
0,34,10,5,4,0
0,35,10,13,4,0
0,36,10,16,4,0
0,37,10,19,4,0
0,38,10,21,4,0
0,39,10,21,4,0
0,40,10,22,4,0
0,41,10,26,4,0
0,42,10,29,4,0
0,43,10,40,4,0
0,44,10,41,4,0
0,45,10,42,4,0
0,46,10,44,4,0
0,47,10,48,4,0
0,48,10,53,4,0
0,49,10,55,4,0
0,50,10,57,4,0
0,51,10,57,4,0
0,52,10,59,4,0
0,53,10,59,4,22
0,54,11,6,4,0
0,55,11,6,4,0
0,56,11,7,4,0
0,57,11,9,4,0
0,58,11,15,4,0
0,59,11,18,4,0
0,60,11,19,4,0
0,61,11,23,4,0
0,62,11,25,4,0
0,63,11,31,4,0
0,64,11,32,4,0
0,65,11,32,4,0
0,66,11,41,4,0
0,67,11,42,4,0
0,68,11,45,4,0
0,69,11,49,4,0
0,70,11,53,4,0
0,71,11,55,4,0
0,72,11,55,4,0
0,73,11,59,4,0
0,74,12,4,4,0
0,75,12,6,4,0
0,76,12,7,4,0
0,77,12,7,4,0
0,78,12,12,4,0
0,79,12,14,4,0
0,80,12,14,4,0
0,81,12,15,4,0
0,82,12,19,4,0
0,83,12,23,4,0
0,84,12,29,4,0
0,85,12,36,4,0
0,86,12,43,4,0
0,87,12,45,4,0
0,88,12,53,4,0
0,89,12,56,4,0
0,90,13,3,4,0
0,91,13,6,4,0
0,92,13,10,4,0
0,93,13,23,4,0
0,94,13,26,4,0
0,95,13,27,4,0
0,96,13,28,4,0
0,97,13,31,4,0
0,98,13,34,4,0
0,99,13,35,4,0
0,100,13,35,4,0
0,101,13,37,4,71
1,102,13,38,4,31
2,103,13,38,4,37
1,104,13,39,4,17
0,105,13,41,4,0
0,106,13,45,4,0
0,107,13,53,4,0
0,108,13,53,4,0
0,109,13,53,4,0
0,110,14,11,4,0
0,111,14,12,4,0
0,112,14,12,4,0
0,113,14,22,4,0
0,114,14,31,4,0
0,115,14,34,4,0
0,116,14,36,4,0
0,117,14,38,4,0
0,118,14,42,4,0
0,119,14,54,4,0
0,120,15,0,4,0
0,121,15,4,4,0
0,122,15,7,4,0
0,123,15,7,4,0
0,124,15,10,4,0
0,125,15,10,4,7
0,126,15,12,4,0
0,127,15,14,4,0
0,128,15,15,4,277
1,129,15,16,4,284
0,130,15,30,4,0
0,131,15,52,4,0
0,132,15,54,4,0
0,133,15,55,4,0
0,134,16,8,4,0
0,135,16,9,4,0
0,136,16,10,4,0
0,137,16,20,4,0
0,138,16,28,4,0
0,139,16,36,4,0
0,140,16,41,4,0
0,141,16,42,4,0
0,142,16,44,4,0
0,143,16,49,4,0
0,144,16,49,4,0
0,145,16,52,4,0
0,146,16,52,4,0
0,147,17,1,4,0
0,148,17,4,4,0
0,149,17,12,4,0
0,150,17,12,4,0
0,151,17,14,4,0
0,152,17,14,4,0
0,153,17,16,4,0
0,154,17,21,4,0
0,155,17,21,4,0
0,156,17,24,4,0
0,157,17,30,4,0
0,158,17,30,4,0
0,159,17,35,4,0
0,160,17,37,4,0
0,161,17,38,4,0
0,162,17,41,4,0
0,1,8,0,0,0
0,2,8,10,0,0
0,3,8,11,0,0
0,4,8,18,0,0
0,5,8,19,0,0
0,6,8,23,0,0
0,7,8,29,0,0
0,8,8,33,0,0
0,9,8,39,0,0
0,10,8,44,0,0
0,11,8,47,0,0
0,12,8,53,0,0
0,13,8,54,0,0
0,14,8,56,0,0
0,15,9,2,0,0
0,16,9,2,0,0
0,17,9,4,0,0
0,18,9,5,0,140
1,19,9,7,0,263
1,20,9,8,0,419
2,21,9,9,0,599
3,22,9,11,0,504
3,23,9,12,0,476
3,24,9,17,0,201
4,25,9,17,0,220
0,26,9,25,0,0
0,27,9,25,0,0
0,28,9,27,0,0
0,29,9,29,0,0
0,30,9,33,0,0
0,31,9,33,0,0
0,32,9,34,0,0
0,33,9,40,0,0
0,34,9,45,0,0
0,35,10,0,0,0
0,36,10,1,0,0
0,37,10,4,0,0
0,38,10,6,0,0
0,39,10,7,0,0
0,40,10,9,0,0
0,41,10,40,0,0
0,42,10,42,0,0
0,43,10,43,0,0
0,44,10,47,0,0
0,45,10,51,0,0
0,46,10,53,0,0
0,47,10,54,0,0
0,48,10,58,0,0
0,49,11,2,0,0
0,50,11,2,0,0
0,51,11,4,0,0
0,52,11,9,0,0
0,53,11,10,0,0
0,54,11,15,0,0
0,55,11,15,0,0
0,56,11,15,0,0
0,57,11,30,0,0
0,58,11,40,0,0
0,59,11,41,0,0
0,60,11,47,0,0
0,61,11,49,0,0
0,62,12,0,0,0
0,63,12,3,0,0
0,64,12,4,0,0
0,65,12,4,0,0
0,66,12,6,0,0
0,67,12,13,0,0
0,68,12,14,0,0
0,69,12,15,0,0
0,70,12,29,0,0
0,71,12,34,0,0
0,72,12,34,0,0
0,73,12,35,0,0
0,74,12,37,0,0
0,75,12,39,0,26
0,76,12,42,0,0
0,77,12,42,0,0
0,78,12,47,0,0
0,79,12,47,0,0
0,80,13,0,0,0
0,81,13,2,0,0
0,82,13,5,0,0
0,83,13,18,0,0
0,84,13,36,0,0
0,85,13,43,0,0
0,86,13,46,0,0
0,87,13,50,0,0
0,88,13,56,0,0
0,89,13,57,0,0
0,90,13,57,0,0
0,91,13,59,0,0
0,92,14,9,0,0
0,93,14,10,0,0
0,94,14,11,0,0
0,95,14,13,0,0
0,96,14,17,0,0
0,97,14,18,0,0
0,98,14,23,0,0
0,99,14,28,0,0
0,100,14,55,0,0
0,101,14,56,0,0
0,102,15,0,0,0
0,103,15,5,0,0
0,104,15,12,0,0
0,105,15,16,0,0
0,106,15,19,0,0
0,107,15,24,0,0
0,108,15,27,0,0
0,109,15,34,0,0
0,110,15,36,0,0
0,111,15,36,0,0
0,112,15,36,0,0
0,113,15,40,0,0
0,114,15,50,0,0
0,115,15,54,0,0
0,116,16,2,0,0
0,117,16,7,0,0
0,118,16,9,0,0
0,119,16,11,0,0
0,120,16,13,0,0
0,121,16,43,0,0
0,122,16,48,0,0
0,123,16,51,0,0
0,124,16,53,0,0
0,125,16,54,0,0
0,126,17,3,0,0
0,127,17,3,0,0
0,128,17,16,0,0
0,129,17,17,0,0
0,130,17,18,0,0
0,131,17,30,0,0
0,132,17,36,0,0
0,133,17,37,0,0
0,134,17,37,0,0
0,135,17,37,0,0
0,136,17,40,0,0
0,137,17,40,0,0
0,138,17,42,0,0
0,139,17,49,0,0
0,1,8,0,1,0
0,2,8,5,1,0
0,3,8,5,1,0
0,4,8,17,1,0
0,5,8,20,1,0
0,6,8,30,1,0
0,7,8,32,1,0
0,8,8,32,1,0
0,9,8,32,1,0
0,10,8,37,1,0
0,11,8,37,1,0
0,12,8,51,1,0
0,13,8,56,1,0
0,14,9,4,1,0
0,15,9,5,1,0
0,16,9,9,1,0
0,17,9,13,1,0
0,18,9,17,1,0
0,19,9,39,1,0
0,20,9,42,1,0
0,21,9,43,1,0
0,22,9,51,1,0
0,23,10,3,1,0
0,24,10,4,1,0
0,25,10,4,1,0
0,26,10,5,1,0
0,27,10,11,1,0
0,28,10,12,1,0
0,29,10,12,1,0
0,30,10,17,1,0
0,31,10,21,1,0
0,32,10,23,1,0
0,33,10,24,1,0
0,34,10,31,1,0
0,35,10,36,1,0
0,36,10,37,1,0
0,37,10,38,1,0
0,38,10,46,1,0
0,39,10,51,1,0
0,40,10,52,1,0
0,41,10,54,1,0
0,42,10,58,1,0
0,43,10,58,1,0
0,44,11,0,1,0
0,45,11,6,1,0
0,46,11,13,1,0
0,47,11,13,1,0
0,48,11,15,1,0
0,49,11,16,1,0
0,50,11,17,1,0
0,51,11,21,1,0
0,52,11,30,1,0
0,53,11,33,1,0
0,54,11,34,1,0
0,55,11,36,1,0
0,56,11,38,1,0
0,57,11,42,1,0
0,58,11,46,1,0
0,59,11,47,1,0
0,60,11,48,1,0
0,61,11,49,1,83
0,62,11,56,1,0
0,63,12,0,1,0
0,64,12,8,1,0
0,65,12,9,1,0
0,66,12,13,1,0
0,67,12,29,1,0
0,68,12,40,1,0
0,69,12,42,1,0
0,70,12,50,1,0
0,71,12,58,1,0
0,72,13,1,1,0
0,73,13,3,1,0
0,74,13,7,1,0
0,75,13,11,1,0
0,76,13,21,1,0
0,77,13,22,1,0
0,78,13,22,1,0
0,79,13,25,1,0
0,80,13,28,1,0
0,81,13,31,1,0
0,82,13,32,1,0
0,83,13,33,1,0
0,84,13,37,1,0
0,85,13,40,1,0
0,86,13,42,1,0
0,87,13,45,1,0
0,88,13,46,1,0
0,89,13,48,1,0
0,90,13,49,1,0
0,91,13,52,1,0
0,92,14,0,1,0
0,93,14,7,1,0
0,94,14,9,1,0
0,95,14,10,1,0
0,96,14,12,1,0
0,97,14,15,1,0
0,98,14,17,1,0
0,99,14,22,1,0
0,100,14,23,1,0
0,101,14,25,1,0
0,102,14,26,1,0
0,103,14,27,1,0
0,104,14,31,1,0
0,105,14,34,1,0
0,106,14,35,1,0
0,107,14,38,1,0
0,108,14,41,1,0
0,109,14,43,1,0
0,110,14,45,1,0
0,111,14,50,1,0
0,112,14,50,1,0
0,113,14,55,1,0
0,114,14,56,1,0
0,115,15,1,1,0
0,116,15,3,1,0
0,117,15,9,1,0
0,118,15,9,1,0
0,119,15,13,1,0
0,120,15,13,1,0
0,121,15,17,1,0
0,122,15,18,1,0
0,123,15,20,1,0
0,124,15,21,1,0
0,125,15,24,1,0
0,126,15,25,1,0
0,127,15,26,1,0
0,128,15,27,1,0
0,129,15,27,1,15
0,130,15,31,1,0
0,131,15,37,1,0
0,132,15,44,1,0
0,133,15,44,1,0
0,134,15,44,1,0
0,135,15,44,1,0
0,136,15,46,1,0
0,137,15,51,1,0
0,138,15,54,1,0
0,139,16,8,1,0
0,140,16,9,1,0
0,141,16,14,1,0
0,142,16,19,1,0
0,143,16,20,1,0
0,144,16,26,1,0
0,145,16,28,1,0
0,146,16,30,1,0
0,147,16,30,1,50
0,148,16,32,1,65
0,149,16,41,1,0
0,150,16,45,1,0
0,151,16,48,1,0
0,152,16,48,1,0
0,153,17,3,1,0
0,154,17,4,1,0
0,155,17,4,1,0
0,156,17,9,1,0
0,157,17,18,1,0
0,158,17,20,1,0
0,159,17,24,1,0
0,160,17,25,1,0
0,161,17,35,1,0
0,162,17,41,1,0
0,163,17,42,1,0
0,164,17,44,1,0
0,165,17,46,1,0
0,166,17,48,1,0
0,167,17,53,1,0
0,170,17,58,1,0
0,1,8,0,2,0
0,2,8,2,2,0
0,3,8,3,2,0
0,4,8,4,2,0
0,5,8,5,2,0
0,6,8,11,2,0
0,7,8,14,2,0
0,8,8,15,2,0
0,9,8,18,2,0
0,10,8,31,2,0
0,11,8,35,2,0
0,12,8,36,2,0
0,13,8,41,2,0
0,14,8,42,2,0
0,15,8,45,2,0
0,16,8,54,2,0
0,17,8,55,2,0
0,18,8,57,2,0
0,19,8,58,2,0
0,20,9,5,2,0
0,21,9,7,2,0
0,22,9,12,2,0
0,23,9,15,2,0
0,24,9,18,2,0
0,25,9,20,2,0
0,26,9,22,2,0
0,27,9,22,2,0
0,28,9,23,2,0
0,29,9,24,2,0
0,30,9,26,2,0
0,31,9,31,2,0
0,32,9,34,2,0
0,33,9,38,2,0
0,34,9,40,2,0
0,35,9,45,2,0
0,36,9,46,2,0
0,37,9,48,2,0
0,38,9,50,2,88
0,39,9,57,2,0
0,40,9,59,2,0
0,41,10,6,2,0
0,42,10,11,2,0
0,43,10,13,2,0
0,44,10,20,2,0
0,45,10,35,2,0
0,46,10,38,2,0
0,47,10,46,2,0
0,48,10,48,2,0
0,49,10,49,2,0
0,50,10,59,2,0
0,51,11,0,2,0
0,52,11,6,2,0
0,53,11,14,2,0
0,54,11,20,2,0
0,55,11,20,2,0
0,56,11,24,2,0
0,57,11,29,2,0
0,58,11,30,2,0
0,59,11,34,2,0
0,60,11,37,2,0
0,61,11,44,2,0
0,62,12,1,2,0
0,63,12,3,2,0
0,64,12,5,2,0
0,65,12,7,2,0
0,66,12,7,2,0
0,67,12,13,2,0
0,68,12,17,2,0
0,69,12,28,2,0
0,70,12,29,2,0
0,71,12,29,2,0
0,72,12,31,2,0
0,73,12,32,2,0
0,74,12,36,2,0
0,75,12,39,2,0
0,76,12,44,2,0
0,77,12,51,2,0
0,78,12,52,2,0
0,79,12,54,2,0
0,80,12,56,2,0
0,81,13,3,2,0
0,82,13,20,2,0
0,83,13,22,2,0
0,84,13,27,2,0
0,85,13,28,2,0
0,86,13,31,2,0
0,87,13,34,2,0
0,88,13,39,2,0
0,89,13,40,2,0
0,90,13,46,2,0
0,91,13,46,2,0
0,92,13,47,2,0
0,93,13,52,2,0
0,94,13,53,2,0
0,95,13,55,2,0
0,96,14,4,2,0
0,97,14,5,2,0
0,98,14,7,2,0
0,99,14,10,2,0
0,100,14,14,2,0
0,101,14,15,2,0
0,102,14,17,2,0
0,103,14,18,2,0
0,104,14,20,2,0
0,105,14,21,2,0
0,106,14,24,2,0
0,107,14,27,2,0
0,108,14,33,2,0
0,109,14,39,2,0
0,110,14,40,2,0
0,111,14,41,2,0
0,112,14,42,2,0
0,113,14,44,2,0
0,114,14,48,2,0
0,115,14,53,2,0
0,116,14,56,2,0
0,117,14,58,2,0
0,118,15,0,2,0
0,119,15,0,2,0
0,120,15,2,2,0
0,121,15,8,2,0
0,122,15,16,2,0
0,123,15,20,2,0
0,124,15,27,2,0
0,125,15,30,2,0
0,126,15,31,2,0
0,127,15,32,2,0
0,128,15,34,2,0
0,129,15,38,2,0
0,130,15,53,2,0
0,131,16,2,2,0
0,132,16,3,2,0
0,133,16,12,2,0
0,134,16,25,2,0
0,135,16,37,2,0
0,136,16,37,2,0
0,137,16,38,2,0
0,138,16,38,2,0
0,139,16,40,2,0
0,140,16,40,2,0
0,141,16,42,2,67
0,142,16,44,2,0
0,143,16,55,2,0
0,144,17,17,2,0
0,145,17,20,2,0
0,146,17,24,2,0
0,147,17,24,2,0
0,148,17,24,2,0
0,149,17,24,2,249
0,150,17,29,2,39
0,151,17,36,2,0
0,152,17,37,2,0
0,153,17,41,2,0
0,154,17,41,2,0
0,155,17,43,2,0
0,156,17,45,2,0
0,157,17,49,2,0
0,158,17,53,2,0
0,159,17,54,2,0
0,1,8,0,3,0
0,2,8,3,3,0
0,3,8,4,3,0
0,4,8,4,3,0
0,5,8,7,3,0
0,6,8,8,3,0
0,7,8,8,3,0
0,8,8,11,3,0
0,9,8,14,3,0
0,10,8,20,3,0
0,11,8,22,3,0
0,12,8,22,3,0
0,13,8,32,3,0
0,14,8,37,3,0
0,15,8,40,3,0
0,16,8,48,3,0
0,17,8,51,3,0
0,18,8,56,3,0
0,19,8,59,3,0
0,20,9,3,3,0
0,21,9,5,3,0
0,22,9,7,3,0
0,23,9,7,3,0
0,24,9,23,3,0
0,25,9,25,3,0
0,26,9,27,3,0
0,27,9,29,3,0
0,28,9,34,3,0
0,29,9,36,3,0
0,30,9,53,3,0
0,31,9,56,3,0
0,32,9,58,3,0
0,33,10,8,3,0
0,34,10,9,3,0
0,35,10,10,3,0
0,36,10,13,3,0
0,37,10,21,3,0
0,38,10,26,3,0
0,39,10,36,3,0
0,40,10,36,3,0
0,41,10,39,3,0
0,42,10,40,3,0
0,43,10,41,3,0
0,44,10,42,3,0
0,45,10,43,3,211
1,46,10,47,3,163
1,47,10,47,3,166
1,48,10,50,3,28
0,49,10,50,3,36
1,50,10,50,3,203
0,51,10,57,3,0
0,52,11,11,3,0
0,53,11,11,3,0
0,54,11,13,3,0
0,55,11,15,3,0
0,56,11,28,3,0
0,57,11,30,3,0
0,58,11,33,3,0
0,59,11,34,3,0
0,60,11,34,3,0
0,61,11,34,3,0
0,62,11,37,3,0
0,63,11,42,3,0
0,64,11,48,3,0
0,65,11,51,3,0
0,66,11,52,3,0
0,67,12,3,3,0
0,68,12,14,3,0
0,69,12,14,3,0
0,70,12,17,3,0
0,71,12,21,3,0
0,72,12,23,3,0
0,73,12,29,3,0
0,74,12,29,3,0
0,75,12,30,3,0
0,76,12,30,3,63
0,77,12,44,3,0
0,78,12,51,3,0
0,79,12,58,3,0
0,80,12,59,3,0
0,81,13,0,3,0
0,82,13,6,3,0
0,83,13,11,3,0
0,84,13,19,3,0
0,85,13,21,3,0
0,86,13,26,3,0
0,87,13,26,3,0
0,88,13,28,3,0
0,89,13,35,3,0
0,90,13,36,3,0
0,91,13,37,3,0
0,92,13,38,3,18
0,93,13,45,3,0
0,94,13,47,3,0
0,95,13,51,3,0
0,96,13,54,3,0
0,97,13,55,3,0
0,98,13,56,3,0
0,99,13,57,3,0
0,100,13,58,3,0
0,101,14,5,3,0
0,102,14,12,3,0
0,103,14,14,3,0
0,104,14,24,3,0
0,105,14,28,3,0
0,106,14,29,3,0
0,107,14,33,3,0
0,108,14,37,3,0
0,109,14,38,3,0
0,110,14,40,3,0
0,111,14,47,3,0
0,112,14,47,3,0
0,113,14,47,3,97
0,114,14,51,3,0
0,115,14,53,3,0
0,116,14,58,3,0
0,117,14,59,3,0
0,118,15,2,3,0
0,119,15,6,3,0
0,120,15,10,3,0
0,121,15,14,3,0
0,122,15,15,3,0
0,123,15,21,3,0
0,124,15,24,3,0
0,125,15,32,3,0
0,126,15,33,3,0
0,127,15,37,3,0
0,128,15,37,3,0
0,129,15,43,3,0
0,130,15,47,3,0
0,131,15,50,3,0
0,132,15,51,3,0
0,133,15,55,3,0
0,134,15,55,3,0
0,135,15,55,3,0
0,136,15,57,3,0
0,137,16,1,3,0
0,138,16,4,3,0
0,139,16,7,3,0
0,140,16,9,3,0
0,141,16,12,3,0
0,142,16,12,3,0
0,143,16,16,3,0
0,144,16,17,3,0
0,145,16,30,3,0
0,146,16,37,3,0
0,147,16,40,3,0
0,148,16,49,3,0
0,149,16,52,3,0
0,150,17,0,3,0
0,151,17,7,3,0
0,152,17,17,3,0
0,153,17,27,3,0
0,154,17,27,3,0
0,155,17,34,3,0
0,156,17,39,3,0
0,157,17,43,3,0
0,158,17,45,3,0
0,159,17,47,3,0
0,160,17,48,3,0
0,1,8,0,4,0
0,2,8,1,4,0
0,3,8,3,4,0
0,4,8,8,4,0
0,5,8,8,4,0
0,6,8,21,4,0
0,7,8,26,4,0
0,8,8,31,4,0
0,9,8,32,4,0
0,10,8,32,4,0
0,11,8,35,4,0
0,12,8,39,4,0
0,13,8,42,4,0
0,14,8,44,4,0
0,15,8,46,4,0
0,16,8,47,4,0
0,17,8,52,4,0
0,18,8,55,4,0
0,19,8,57,4,0
0,20,9,2,4,0
0,21,9,7,4,0
0,22,9,18,4,0
0,23,9,21,4,0
0,24,9,24,4,0
0,25,9,24,4,4
0,26,9,27,4,20
0,27,9,33,4,0
0,28,9,33,4,0
0,29,9,39,4,0
0,30,9,43,4,0
0,31,9,46,4,0
0,32,9,54,4,0
0,33,9,57,4,0
0,34,10,0,4,0
0,35,10,3,4,0
0,36,10,3,4,0
0,37,10,5,4,0
0,38,10,8,4,0
0,39,10,8,4,0
0,40,10,9,4,0
0,41,10,11,4,0
0,42,10,11,4,6
0,43,10,16,4,0
0,44,10,16,4,0
0,45,10,20,4,0
0,46,10,20,4,0
0,47,10,22,4,66
0,48,10,27,4,0
0,49,10,33,4,0
0,50,10,35,4,0
0,51,10,37,4,0
0,52,10,37,4,0
0,53,10,47,4,0
0,54,10,51,4,0
0,55,11,0,4,0
0,56,11,2,4,0
0,57,11,5,4,0
0,58,11,8,4,0
0,59,11,10,4,0
0,60,11,12,4,0
0,61,11,14,4,0
0,62,11,16,4,0
0,63,11,17,4,0
0,64,11,19,4,0
0,65,11,25,4,0
0,66,11,26,4,0
0,67,11,28,4,0
0,68,11,29,4,0
0,69,11,39,4,0
0,70,11,42,4,0
0,71,11,44,4,0
0,72,11,45,4,0
0,73,11,48,4,0
0,74,11,51,4,0
0,75,12,2,4,0
0,76,12,2,4,0
0,77,12,2,4,0
0,78,12,4,4,0
0,79,12,6,4,2
0,80,12,7,4,0
0,81,12,8,4,0
0,82,12,9,4,0
0,83,12,10,4,0
0,84,12,17,4,0
0,85,12,18,4,0
0,86,12,36,4,0
0,87,12,36,4,0
0,88,12,37,4,0
0,89,12,44,4,0
0,90,12,46,4,0
0,91,12,55,4,0
0,92,13,5,4,0
0,93,13,5,4,0
0,94,13,16,4,0
0,95,13,18,4,0
0,96,13,24,4,0
0,97,13,27,4,0
0,98,13,27,4,0
0,99,13,32,4,0
0,100,13,33,4,0
0,101,13,37,4,0
0,102,13,40,4,0
0,103,13,41,4,0
0,104,13,43,4,0
0,105,13,46,4,0
0,106,13,46,4,0
0,107,13,53,4,0
0,108,13,56,4,0
0,109,13,56,4,0
0,110,13,57,4,0
0,111,14,1,4,0
0,112,14,12,4,0
0,113,14,12,4,0
0,114,14,17,4,0
0,115,14,19,4,0
0,116,14,20,4,0
0,117,14,25,4,0
0,118,14,26,4,0
0,119,14,30,4,0
0,120,14,39,4,0
0,121,14,47,4,0
0,122,14,48,4,0
0,123,14,57,4,0
0,124,14,58,4,0
0,125,15,8,4,0
0,126,15,21,4,0
0,127,15,26,4,0
0,128,15,27,4,0
0,129,15,29,4,0
0,130,15,43,4,0
0,131,15,47,4,0
0,132,16,1,4,0
0,133,16,2,4,0
0,134,16,4,4,0
0,135,16,6,4,0
0,136,16,10,4,0
0,137,16,11,4,0
0,138,16,14,4,0
0,139,16,16,4,0
0,140,16,17,4,0
0,141,16,23,4,0
0,142,16,34,4,0
0,143,16,38,4,0
0,144,16,39,4,0
0,145,16,41,4,0
0,146,16,51,4,0
0,147,16,53,4,0
0,148,16,58,4,0
0,149,17,1,4,0
0,150,17,1,4,0
0,151,17,6,4,0
0,152,17,10,4,0
0,153,17,14,4,0
0,154,17,17,4,0
0,155,17,20,4,0
0,156,17,23,4,0
0,157,17,25,4,0
0,158,17,26,4,0
0,159,17,28,4,0
0,160,17,35,4,0
0,161,17,40,4,0
0,162,17,42,4,0
0,163,17,47,4,0
0,164,17,49,4,0
0,165,17,52,4,0
0,1,8,0,0,0
0,2,8,12,0,0
0,3,8,15,0,0
0,4,8,16,0,0
0,5,8,18,0,0
0,6,8,19,0,0
0,7,8,24,0,0
0,8,8,26,0,0
0,9,8,27,0,0
0,10,8,33,0,0
0,11,8,33,0,0
0,12,8,35,0,0
0,13,8,41,0,0
0,14,8,47,0,0
0,15,8,52,0,0
0,16,8,54,0,0
0,17,8,57,0,0
0,18,9,3,0,0
0,19,9,4,0,0
0,20,9,9,0,0
0,21,9,19,0,0
0,22,9,19,0,0
0,23,9,22,0,0
0,24,9,31,0,0
0,25,9,32,0,0
0,26,9,40,0,0
0,27,9,46,0,0
0,28,9,48,0,0
0,29,9,48,0,0
0,30,9,49,0,0
0,31,9,51,0,0
0,32,9,53,0,0
0,33,9,55,0,0
0,34,10,0,0,0
0,35,10,1,0,0
0,36,10,4,0,0
0,37,10,5,0,0
0,38,10,8,0,0
0,39,10,9,0,0
0,40,10,15,0,0
0,41,10,24,0,0
0,42,10,25,0,0
0,43,10,28,0,0
0,44,10,32,0,0
0,45,10,34,0,0
0,46,10,35,0,0
0,47,10,36,0,0
0,48,10,37,0,0
0,49,10,38,0,0
0,50,10,52,0,0
0,51,10,54,0,0
0,52,10,54,0,0
0,53,11,9,0,0
0,54,11,10,0,0
0,55,11,11,0,0
0,56,11,27,0,0
0,57,11,32,0,0
0,58,11,35,0,0
0,59,11,35,0,0
0,60,11,37,0,0
0,61,11,45,0,0
0,62,11,45,0,0
0,63,11,45,0,0
0,64,11,50,0,0
0,65,11,52,0,0
0,66,11,54,0,0
0,67,11,55,0,0
0,68,11,56,0,18
0,69,12,9,0,0
0,70,12,9,0,0
0,71,12,9,0,0
0,72,12,12,0,0
0,73,12,15,0,0
0,74,12,15,0,0
0,75,12,22,0,0
0,76,12,26,0,0
0,77,12,27,0,0
0,78,12,36,0,0
0,79,12,38,0,0
0,80,12,39,0,0
0,81,12,43,0,0
0,82,12,44,0,0
0,83,12,53,0,0
0,84,12,56,0,0
0,85,13,0,0,0
0,86,13,5,0,0
0,87,13,5,0,0
0,88,13,7,0,0
0,89,13,23,0,0
0,90,13,25,0,0
0,91,13,27,0,0
0,92,13,35,0,0
0,93,13,39,0,0
0,94,13,45,0,0
0,95,13,46,0,0
0,96,13,55,0,0
0,97,14,1,0,0
0,98,14,4,0,0
0,99,14,6,0,0
0,100,14,13,0,0
0,101,14,26,0,0
0,102,14,50,0,0
0,103,14,53,0,0
0,104,14,57,0,0
0,105,15,0,0,0
0,106,15,7,0,0
0,107,15,9,0,0
0,108,15,12,0,0
0,109,15,20,0,0
0,110,15,20,0,0
0,111,15,22,0,0
0,112,15,23,0,36
0,113,15,25,0,140
0,114,15,32,0,0
0,115,15,35,0,0
0,116,15,35,0,104
0,117,15,39,0,8
0,118,15,40,0,9
0,119,15,43,0,0
0,120,15,51,0,0
0,121,15,53,0,0
0,122,15,59,0,0
0,123,16,1,0,0
0,124,16,3,0,0
0,125,16,5,0,0
0,126,16,9,0,0
0,127,16,9,0,10
0,128,16,18,0,0
0,129,16,26,0,0
0,130,16,30,0,0
0,131,16,32,0,0
0,132,16,36,0,0
0,133,16,37,0,0
0,134,16,37,0,0
0,135,16,42,0,0
0,136,16,44,0,0
0,137,16,50,0,0
0,138,16,53,0,0
0,139,16,55,0,0
0,140,16,57,0,0
0,141,16,59,0,0
0,142,16,59,0,0
0,143,17,2,0,0
0,144,17,3,0,0
0,145,17,3,0,0
0,146,17,4,0,0
0,147,17,10,0,0
0,148,17,15,0,0
0,149,17,18,0,0
0,150,17,21,0,0
0,151,17,26,0,0
0,152,17,26,0,0
0,153,17,27,0,0
0,154,17,29,0,0
0,155,17,30,0,0
0,156,17,32,0,0
0,157,17,33,0,0
0,158,17,35,0,0
0,159,17,44,0,0
0,160,17,53,0,0
0,1,8,0,1,0
0,2,8,0,1,0
0,3,8,2,1,0
0,4,8,8,1,0
0,5,8,17,1,0
0,6,8,17,1,0
0,7,8,17,1,0
0,8,8,18,1,178
0,9,8,22,1,0
0,10,8,26,1,0
0,11,8,29,1,0
0,12,8,36,1,0
0,13,8,38,1,0
0,14,8,39,1,0
0,15,8,41,1,0
0,16,8,41,1,0
0,17,8,46,1,0
0,18,8,46,1,0
0,19,8,48,1,0
0,20,8,51,1,0
0,21,8,56,1,0
0,22,8,58,1,0
0,23,9,3,1,0
0,24,9,5,1,0
0,25,9,8,1,0
0,26,9,8,1,0
0,27,9,8,1,0
0,28,9,26,1,0
0,29,9,28,1,0
0,30,9,29,1,0
0,31,9,34,1,0
0,32,9,45,1,0
0,33,9,47,1,0
0,34,9,49,1,0
0,35,9,55,1,0
0,36,9,58,1,0
0,37,10,4,1,0
0,38,10,5,1,0
0,39,10,8,1,0
0,40,10,8,1,0
0,41,10,22,1,0
0,42,10,24,1,0
0,43,10,25,1,0
0,44,10,26,1,0
0,45,10,29,1,0
0,46,10,46,1,0
0,47,10,50,1,0
0,48,10,53,1,0
0,49,11,0,1,0
0,50,11,0,1,0
0,51,11,4,1,0
0,52,11,10,1,0
0,53,11,11,1,0
0,54,11,23,1,0
0,55,11,24,1,0
0,56,11,25,1,0
0,57,11,38,1,0
0,58,11,43,1,0
0,59,11,51,1,0
0,60,11,52,1,0
0,61,11,59,1,0
0,62,12,11,1,0
0,63,12,19,1,0
0,64,12,23,1,0
0,65,12,27,1,0
0,66,12,28,1,0
0,67,12,31,1,0
0,68,12,33,1,0
0,69,12,35,1,0
0,70,12,39,1,0
0,71,12,40,1,0
0,72,12,41,1,0
0,73,12,41,1,100
1,74,12,42,1,104
0,75,12,47,1,0
0,76,12,52,1,0
0,77,13,0,1,0
0,78,13,0,1,0
0,79,13,1,1,0
0,80,13,1,1,0
0,81,13,2,1,0
0,82,13,5,1,0
0,83,13,6,1,0
0,84,13,6,1,27
0,85,13,8,1,0
0,86,13,8,1,37
0,87,13,13,1,0
0,88,13,17,1,0
0,89,13,18,1,12
0,90,13,26,1,0
0,91,13,31,1,0
0,92,13,37,1,0
0,93,13,40,1,0
0,94,13,42,1,0
0,95,13,45,1,0
0,96,13,47,1,0
0,97,13,50,1,0
0,98,13,51,1,0
0,99,13,53,1,0
0,100,13,55,1,0
0,101,13,58,1,0
0,102,13,59,1,107
0,103,14,3,1,0
0,104,14,5,1,0
0,105,14,16,1,0
0,106,14,20,1,0
0,107,14,23,1,0
0,108,14,25,1,0
0,109,14,30,1,0
0,110,14,33,1,0
0,111,14,34,1,0
0,112,14,34,1,135
1,113,14,35,1,177
1,114,14,36,1,116
0,115,14,44,1,0
0,116,14,51,1,0
0,117,14,57,1,0
0,118,15,5,1,0
0,119,15,5,1,0
0,120,15,18,1,0
0,121,15,20,1,0
0,122,15,25,1,0
0,123,15,34,1,0
0,124,15,35,1,0
0,125,15,45,1,0
0,126,15,49,1,0
0,127,15,51,1,0
0,128,15,52,1,0
0,129,15,58,1,0
0,130,16,2,1,0
0,131,16,7,1,0
0,132,16,17,1,0
0,133,16,19,1,0
0,134,16,34,1,0
0,135,16,39,1,0
0,136,16,40,1,0
0,137,16,43,1,0
0,138,16,47,1,0
0,139,16,51,1,0
0,140,16,52,1,0
0,141,16,54,1,0
0,142,16,56,1,0
0,143,16,56,1,0
0,144,16,59,1,0
0,145,17,7,1,0
0,146,17,14,1,0
0,147,17,19,1,0
0,148,17,20,1,0
0,149,17,20,1,0
0,150,17,24,1,0
0,151,17,26,1,0
0,152,17,28,1,0
0,153,17,33,1,0
0,154,17,34,1,0
0,155,17,36,1,0
0,156,17,42,1,0
0,157,17,55,1,0
0,158,17,57,1,0
0,159,17,57,1,0
0,1,8,0,2,0
0,2,8,0,2,0
0,3,8,3,2,0
0,4,8,14,2,0
0,5,8,21,2,0
0,6,8,30,2,0
0,7,8,41,2,0
0,8,8,44,2,0
0,9,8,45,2,0
0,10,8,46,2,0
0,11,8,47,2,0
0,12,8,53,2,0
0,13,8,59,2,0
0,14,9,0,2,0
0,15,9,0,2,0
0,16,9,1,2,0
0,17,9,2,2,0
0,18,9,12,2,0
0,19,9,14,2,0
0,20,9,16,2,0
0,21,9,28,2,0
0,22,9,33,2,0
0,23,9,33,2,0
0,24,9,34,2,0
0,25,9,43,2,0
0,26,9,44,2,0
0,27,10,0,2,0
0,28,10,2,2,0
0,29,10,7,2,0
0,30,10,19,2,0
0,31,10,19,2,0
0,32,10,25,2,0
0,33,10,27,2,0
0,34,10,30,2,0
0,35,10,31,2,119
0,36,10,33,2,0
0,37,10,35,2,0
0,38,10,44,2,0
0,39,10,44,2,0
0,40,10,50,2,0
0,41,10,54,2,0
0,42,10,56,2,0
0,43,10,56,2,0
0,44,11,2,2,0
0,45,11,8,2,0
0,46,11,18,2,0
0,47,11,19,2,0
0,48,11,19,2,0
0,49,11,27,2,0
0,50,11,28,2,0
0,51,11,29,2,0
0,52,11,31,2,0
0,53,11,31,2,94
0,54,11,35,2,0
0,55,11,41,2,0
0,56,11,49,2,0
0,57,11,50,2,0
0,58,12,0,2,0
0,59,12,3,2,0
0,60,12,3,2,0
0,61,12,12,2,0
0,62,12,14,2,0
0,63,12,15,2,0
0,64,12,18,2,0
0,65,12,19,2,0
0,66,12,26,2,0
0,67,12,32,2,0
0,68,12,33,2,0
0,69,12,36,2,0
0,70,12,39,2,0
0,71,12,40,2,0
0,72,12,43,2,0
0,73,12,49,2,0
0,74,12,50,2,0
0,75,12,54,2,0
0,76,12,58,2,0
0,77,12,59,2,0
0,78,13,6,2,0
0,79,13,8,2,0
0,80,13,13,2,0
0,81,13,14,2,0
0,82,13,16,2,0
0,83,13,19,2,0
0,84,13,20,2,0
0,85,13,23,2,0
0,86,13,24,2,0
0,87,13,27,2,0
0,88,13,29,2,0
0,89,13,31,2,0
0,90,13,33,2,0
0,91,13,37,2,0
0,92,13,38,2,0
0,93,13,39,2,0
0,94,13,49,2,0
0,95,13,50,2,0
0,96,13,59,2,0
0,97,13,59,2,0
0,98,13,59,2,0
0,99,14,0,2,0
0,100,14,2,2,0
0,101,14,3,2,0
0,102,14,5,2,0
0,103,14,7,2,0
0,104,14,9,2,0
0,105,14,13,2,0
0,106,14,14,2,0
0,107,14,17,2,0
0,108,14,20,2,0
0,109,14,22,2,0
0,110,14,27,2,0
0,111,14,29,2,0
0,112,14,30,2,0
0,113,14,30,2,0
0,114,14,37,2,0
0,115,14,42,2,0
0,116,14,57,2,0
0,117,14,57,2,0
0,118,14,58,2,0
0,119,15,1,2,0
0,120,15,1,2,0
0,121,15,6,2,0
0,122,15,16,2,0
0,123,15,31,2,0
0,124,15,39,2,0
0,125,15,41,2,0
0,126,15,49,2,0
0,127,15,49,2,0
0,128,15,50,2,0
0,129,15,50,2,0
0,130,15,57,2,0
0,131,16,0,2,0
0,132,16,3,2,0
0,133,16,5,2,0
0,134,16,8,2,0
0,135,16,8,2,0
0,136,16,12,2,0
0,137,16,13,2,23
0,138,16,17,2,0
0,139,16,18,2,0
0,140,16,25,2,0
0,141,16,27,2,0
0,142,16,34,2,0
0,143,16,35,2,0
0,144,16,41,2,0
0,145,16,45,2,0
0,146,16,50,2,0
0,147,16,50,2,0
0,148,16,51,2,0
0,149,16,55,2,0
0,150,17,0,2,0
0,151,17,16,2,0
0,152,17,25,2,0
0,153,17,35,2,0
0,154,17,35,2,0
0,155,17,37,2,0
0,156,17,40,2,0
0,157,17,40,2,0
0,158,17,43,2,0
0,159,17,46,2,0
0,1,8,0,3,0
0,2,8,0,3,0
0,3,8,1,3,0
0,4,8,3,3,0
0,5,8,4,3,0
0,6,8,7,3,0
0,7,8,8,3,0
0,8,8,8,3,0
0,9,8,19,3,0
0,10,8,20,3,0
0,11,8,21,3,0
0,12,8,24,3,0
0,13,8,31,3,0
0,14,8,34,3,0
0,15,8,35,3,0
0,16,8,41,3,0
0,17,8,42,3,0
0,18,8,42,3,0
0,19,8,47,3,0
0,20,8,52,3,0
0,21,8,53,3,0
0,22,9,4,3,0
0,23,9,7,3,0
0,24,9,11,3,0
0,25,9,11,3,0
0,26,9,16,3,0
0,27,9,17,3,0
0,28,9,18,3,0
0,29,9,19,3,82
0,30,9,32,3,0
0,31,9,32,3,0
0,32,9,39,3,0
0,33,9,41,3,0
0,34,9,44,3,0
0,35,9,52,3,0
0,36,9,56,3,0
0,37,10,4,3,0
0,38,10,6,3,0
0,39,10,6,3,0
0,40,10,21,3,0
0,41,10,24,3,0
0,42,10,27,3,0
0,43,10,34,3,0
0,44,10,36,3,0
0,45,10,48,3,0
0,46,10,59,3,0
0,47,11,1,3,0
0,48,11,4,3,0
0,49,11,8,3,0
0,50,11,10,3,0
0,51,11,10,3,0
0,52,11,11,3,0
0,53,11,16,3,2
0,54,11,18,3,0
0,55,11,21,3,0
0,56,11,22,3,0
0,57,11,22,3,0
0,58,11,26,3,0
0,59,11,32,3,0
0,60,11,39,3,0
0,61,11,45,3,0
0,62,11,45,3,0
0,63,11,51,3,0
0,64,11,53,3,0
0,65,11,57,3,0
0,66,11,58,3,0
0,67,12,0,3,147
1,68,12,2,3,57
0,69,12,7,3,0
0,70,12,8,3,0
0,71,12,11,3,0
0,72,12,12,3,0
0,73,12,13,3,0
0,74,12,14,3,0
0,75,12,21,3,0
0,76,12,21,3,0
0,77,12,24,3,0
0,78,12,33,3,0
0,79,12,36,3,0
0,80,12,37,3,0
0,81,12,40,3,0
0,82,12,45,3,0
0,83,12,47,3,0
0,84,12,49,3,0
0,85,12,51,3,0
0,86,12,53,3,0
0,87,12,54,3,0
0,88,12,55,3,0
0,89,12,56,3,0
0,90,13,0,3,0
0,91,13,0,3,0
0,92,13,0,3,0
0,93,13,1,3,8
0,94,13,8,3,0
0,95,13,17,3,0
0,96,13,26,3,0
0,97,13,30,3,0
0,98,13,30,3,0
0,99,13,34,3,0
0,100,13,40,3,0
0,101,13,43,3,0
0,102,13,44,3,0
0,103,13,45,3,0
0,104,13,51,3,0
0,105,14,0,3,0
0,106,14,15,3,0
0,107,14,19,3,0
0,108,14,19,3,0
0,109,14,22,3,0
0,110,14,25,3,0
0,111,14,34,3,0
0,112,14,41,3,0
0,113,14,43,3,0
0,114,14,51,3,0
0,115,14,51,3,0
0,116,15,5,3,0
0,117,15,7,3,0
0,118,15,10,3,0
0,119,15,14,3,0
0,120,15,21,3,0
0,121,15,21,3,0
0,122,15,25,3,0
0,123,15,26,3,0
0,124,15,27,3,0
0,125,15,28,3,0
0,126,15,34,3,0
0,127,15,34,3,0
0,128,15,36,3,0
0,129,15,44,3,0
0,130,15,46,3,0
0,131,15,47,3,0
0,132,15,51,3,0
0,133,15,54,3,0
0,134,15,57,3,0
0,135,15,57,3,0
0,136,15,58,3,0
0,137,16,24,3,0
0,138,16,26,3,0
0,139,16,31,3,0
0,140,16,32,3,0
0,141,16,32,3,0
0,142,16,33,3,0
0,143,16,34,3,0
0,144,16,36,3,0
0,145,16,59,3,0
0,146,17,0,3,0
0,147,17,4,3,0
0,148,17,5,3,0
0,149,17,5,3,0
0,150,17,27,3,0
0,151,17,30,3,0
0,152,17,34,3,0
0,153,17,38,3,0
0,154,17,39,3,0
0,155,17,40,3,0
0,156,17,40,3,196
0,157,17,44,3,32
0,158,17,45,3,156
0,1,8,0,4,0
0,2,8,0,4,0
0,3,8,3,4,0
0,4,8,4,4,0
0,5,8,5,4,0
0,6,8,6,4,0
0,7,8,10,4,0
0,8,8,11,4,82
0,9,8,14,4,0
0,10,8,17,4,0
0,11,8,32,4,0
0,12,8,43,4,0
0,13,8,48,4,0
0,14,8,50,4,0
0,15,8,51,4,0
0,16,8,51,4,0
0,17,8,55,4,0
0,18,8,58,4,0
0,19,9,5,4,0
0,20,9,11,4,0
0,21,9,15,4,0
0,22,9,16,4,0
0,23,9,26,4,0
0,24,9,38,4,0
0,25,9,41,4,0
0,26,9,42,4,0
0,27,9,47,4,0
0,28,9,48,4,0
0,29,9,52,4,0
0,30,9,53,4,0
0,31,10,5,4,0
0,32,10,13,4,0
0,33,10,15,4,0
0,34,10,16,4,0
0,35,10,17,4,0
0,36,10,22,4,0
0,37,10,23,4,0
0,38,10,34,4,0
0,39,10,40,4,0
0,40,10,41,4,0
0,41,10,46,4,0
0,42,10,49,4,0
0,43,10,49,4,0
0,44,10,54,4,0
0,45,10,56,4,0
0,46,10,56,4,0
0,47,11,3,4,0
0,48,11,6,4,0
0,49,11,10,4,0
0,50,11,16,4,0
0,51,11,21,4,0
0,52,11,23,4,0
0,53,11,24,4,0
0,54,11,29,4,0
0,55,11,29,4,0
0,56,11,36,4,0
0,57,11,45,4,0
0,58,11,59,4,0
0,59,12,1,4,0
0,60,12,8,4,0
0,61,12,12,4,0
0,62,12,15,4,0
0,63,12,20,4,0
0,64,12,24,4,0
0,65,12,24,4,0
0,66,12,27,4,0
0,67,12,31,4,0
0,68,12,32,4,0
0,69,12,34,4,0
0,70,12,36,4,0
0,71,12,44,4,0
0,72,12,47,4,0
0,73,12,49,4,0
0,74,12,52,4,0
0,75,12,59,4,0
0,76,13,1,4,0
0,77,13,1,4,0
0,78,13,5,4,0
0,79,13,8,4,0
0,80,13,12,4,0
0,81,13,14,4,29
0,82,13,16,4,63
1,83,13,16,4,113
2,84,13,17,4,162
0,85,13,25,4,0
0,86,13,27,4,0
0,87,13,31,4,0
0,88,13,33,4,0
0,89,13,37,4,0
0,90,13,38,4,0
0,91,13,39,4,0
0,92,13,43,4,0
0,93,13,45,4,0
0,94,13,45,4,0
0,95,13,58,4,0
0,96,14,3,4,0
0,97,14,4,4,0
0,98,14,8,4,0
0,99,14,13,4,0
0,100,14,22,4,0
0,101,14,31,4,0
0,102,14,33,4,0
0,103,14,37,4,0
0,104,14,37,4,0
0,105,14,43,4,0
0,106,14,47,4,0
0,107,14,47,4,0
0,108,14,49,4,0
0,109,14,52,4,0
0,110,14,58,4,0
0,111,14,59,4,0
0,112,15,0,4,0
0,113,15,2,4,0
0,114,15,2,4,0
0,115,15,3,4,0
0,116,15,6,4,13
0,117,15,8,4,0
0,118,15,14,4,0
0,119,15,15,4,0
0,120,15,15,4,0
0,121,15,16,4,0
0,122,15,22,4,0
0,123,15,26,4,0
0,124,15,26,4,0
0,125,15,32,4,0
0,126,15,33,4,0
0,127,15,35,4,0
0,128,15,44,4,0
0,129,15,49,4,0
0,130,15,52,4,0
0,131,15,58,4,0
0,132,16,3,4,0
0,133,16,4,4,0
0,134,16,7,4,0
0,135,16,9,4,0
0,136,16,13,4,0
0,137,16,16,4,0
0,138,16,18,4,0
0,139,16,20,4,0
0,140,16,21,4,0
0,141,16,25,4,0
0,142,16,33,4,0
0,143,16,46,4,0
0,144,16,46,4,0
0,145,16,51,4,0
0,146,16,52,4,0
0,147,16,55,4,0
0,148,17,1,4,0
0,149,17,1,4,0
0,150,17,6,4,0
0,151,17,9,4,0
0,152,17,12,4,0
0,153,17,14,4,0
0,154,17,16,4,0
0,155,17,16,4,0
0,156,17,18,4,0
0,157,17,19,4,0
0,158,17,22,4,0
0,159,17,23,4,0
0,160,17,25,4,0
0,161,17,29,4,0
0,162,17,31,4,0
0,163,17,45,4,0
0,164,17,45,4,0
0,1,8,0,0,0
0,2,8,20,0,0
0,3,8,26,0,0
0,4,8,29,0,0
0,5,8,32,0,0
0,6,8,35,0,0
0,7,8,36,0,0
0,8,8,39,0,0
0,9,8,39,0,0
0,10,8,40,0,0
0,11,8,43,0,0
0,12,8,44,0,0
0,13,8,48,0,0
0,14,8,53,0,0
0,15,8,54,0,0
0,16,8,55,0,0
0,17,8,56,0,0
0,18,9,8,0,0
0,19,9,16,0,0
0,20,9,16,0,0
0,21,9,21,0,0
0,22,9,33,0,0
0,23,9,34,0,0
0,24,9,44,0,0
0,25,9,48,0,0
0,26,10,1,0,0
0,27,10,5,0,0
0,28,10,7,0,0
0,29,10,9,0,0
0,30,10,10,0,0
0,31,10,11,0,0
0,32,10,14,0,0
0,33,10,16,0,0
0,34,10,16,0,0
0,35,10,19,0,0
0,36,10,25,0,0
0,37,10,35,0,0
0,38,10,38,0,0
0,39,10,42,0,0
0,40,10,44,0,0
0,41,10,48,0,0
0,42,10,53,0,0
0,43,10,56,0,0
0,44,11,3,0,0
0,45,11,5,0,0
0,46,11,6,0,0
0,47,11,8,0,0
0,48,11,9,0,0
0,49,11,12,0,49
0,50,11,18,0,0
0,51,11,19,0,0
0,52,11,21,0,0
0,53,11,27,0,0
0,54,11,29,0,0
0,55,11,30,0,0
0,56,11,33,0,0
0,57,11,34,0,0
0,58,11,35,0,0
0,59,11,48,0,0
0,60,11,51,0,0
0,61,11,51,0,0
0,62,11,56,0,0
0,63,12,2,0,0
0,64,12,2,0,0
0,65,12,18,0,0
0,66,12,31,0,0
0,67,12,49,0,0
0,68,12,49,0,0
0,69,12,52,0,0
0,70,12,52,0,0
0,71,12,56,0,0
0,72,13,2,0,0
0,73,13,8,0,0
0,74,13,14,0,0
0,75,13,15,0,0
0,76,13,19,0,0
0,77,13,24,0,0
0,78,13,26,0,0
0,79,13,26,0,0
0,80,13,27,0,0
0,81,13,33,0,0
0,82,13,47,0,0
0,83,13,50,0,0
0,84,13,53,0,0
0,85,13,53,0,0
0,86,13,57,0,0
0,87,14,3,0,0
0,88,14,3,0,4
0,89,14,3,0,0
0,90,14,8,0,0
0,91,14,10,0,0
0,92,14,11,0,0
0,93,14,11,0,0
0,94,14,17,0,0
0,95,14,17,0,0
0,96,14,19,0,0
0,97,14,25,0,0
0,98,14,25,0,0
0,99,14,25,0,0
0,100,14,33,0,0
0,101,14,42,0,0
0,102,14,42,0,0
0,103,14,46,0,0
0,104,14,47,0,0
0,105,14,51,0,0
0,106,14,55,0,0
0,107,15,0,0,0
0,108,15,9,0,0
0,109,15,22,0,0
0,110,15,26,0,0
0,111,15,29,0,0
0,112,15,31,0,0
0,113,15,37,0,0
0,114,15,39,0,0
0,115,15,46,0,0
0,116,15,49,0,0
0,117,16,0,0,0
0,118,16,8,0,0
0,119,16,8,0,0
0,120,16,14,0,0
0,121,16,19,0,0
0,122,16,22,0,0
0,123,16,23,0,0
0,124,16,26,0,0
0,125,16,34,0,0
0,126,16,39,0,0
0,127,16,40,0,0
0,128,16,40,0,0
0,129,16,43,0,0
0,130,17,5,0,0
0,131,17,6,0,0
0,132,17,11,0,0
0,133,17,14,0,0
0,134,17,15,0,0
0,135,17,17,0,0
0,136,17,17,0,0
0,137,17,17,0,21
0,138,17,18,0,235
0,139,17,24,0,0
0,140,17,26,0,0
0,141,17,27,0,0
0,142,17,31,0,0
0,143,17,46,0,0
0,144,17,46,0,0
0,145,17,48,0,0
0,146,17,49,0,0
0,147,17,49,0,0
0,148,17,50,0,0
0,149,17,51,0,0
0,1,8,0,1,0
0,2,8,5,1,0
0,3,8,5,1,0
0,4,8,8,1,0
0,5,8,9,1,0
0,6,8,9,1,142
1,7,8,9,1,250
2,8,8,9,1,241
0,9,8,19,1,0
0,10,8,24,1,0
0,11,8,25,1,0
0,12,8,26,1,0
0,13,8,26,1,0
0,14,8,33,1,0
0,15,8,35,1,0
0,16,8,35,1,0
0,17,8,39,1,0
0,18,8,42,1,0
0,19,8,49,1,0
0,20,8,54,1,0
0,21,9,1,1,0
0,22,9,3,1,0
0,23,9,4,1,0
0,24,9,5,1,0
0,25,9,18,1,0
0,26,9,22,1,0
0,27,9,23,1,0
0,28,9,32,1,0
0,29,9,39,1,0
0,30,9,43,1,0
0,31,9,50,1,0
0,32,9,57,1,0
0,33,10,6,1,0
0,34,10,7,1,0
0,35,10,13,1,0
0,36,10,16,1,0
0,37,10,18,1,0
0,38,10,32,1,0
0,39,10,33,1,0
0,40,10,40,1,0
0,41,10,42,1,0
0,42,10,42,1,0
0,43,10,52,1,0
0,44,10,55,1,0
0,45,10,58,1,0
0,46,10,58,1,0
0,47,11,15,1,0
0,48,11,16,1,0
0,49,11,20,1,0
0,50,11,27,1,0
0,51,11,35,1,0
0,52,11,37,1,0
0,53,11,38,1,0
0,54,11,38,1,0
0,55,11,39,1,0
0,56,11,44,1,0
0,57,11,56,1,0
0,58,11,58,1,0
0,59,11,59,1,0
0,60,12,1,1,0
0,61,12,3,1,0
0,62,12,6,1,0
0,63,12,8,1,0
0,64,12,12,1,0
0,65,12,12,1,0
0,66,12,15,1,0
0,67,12,21,1,0
0,68,12,21,1,0
0,69,12,23,1,0
0,70,12,27,1,0
0,71,12,30,1,0
0,72,12,30,1,33
0,73,12,31,1,126
0,74,12,36,1,0
0,75,12,38,1,51
0,76,12,40,1,0
0,77,12,47,1,0
0,78,12,50,1,0
0,79,12,56,1,0
0,80,12,57,1,0
0,81,12,58,1,0
0,82,13,7,1,0
0,83,13,9,1,0
0,84,13,12,1,0
0,85,13,17,1,0
0,86,13,17,1,0
0,87,13,19,1,0
0,88,13,20,1,0
0,89,13,23,1,0
0,90,13,31,1,0
0,91,13,33,1,0
0,92,13,34,1,0
0,93,13,42,1,0
0,94,13,48,1,0
0,95,13,49,1,0
0,96,13,54,1,0
0,97,14,1,1,0
0,98,14,4,1,0
0,99,14,5,1,0
0,100,14,14,1,0
0,101,14,20,1,0
0,102,14,23,1,0
0,103,14,27,1,0
0,104,14,27,1,0
0,105,14,31,1,0
0,106,14,32,1,0
0,107,14,33,1,0
0,108,14,36,1,0
0,109,14,44,1,0
0,110,14,53,1,0
0,111,14,59,1,0
0,112,15,4,1,0
0,113,15,7,1,0
0,114,15,13,1,0
0,115,15,13,1,0
0,116,15,19,1,0
0,117,15,24,1,0
0,118,15,25,1,0
0,119,15,25,1,0
0,120,15,27,1,0
0,121,15,41,1,0
0,122,15,42,1,0
0,123,15,51,1,0
0,124,15,52,1,0
0,125,15,52,1,0
0,126,15,55,1,0
0,127,16,0,1,0
0,128,16,1,1,0
0,129,16,7,1,0
0,130,16,9,1,0
0,131,16,12,1,0
0,132,16,18,1,0
0,133,16,19,1,53
0,134,16,23,1,69
0,135,16,27,1,0
0,136,16,28,1,0
0,137,16,31,1,0
0,138,16,33,1,0
0,139,16,34,1,0
0,140,16,40,1,0
0,141,16,50,1,0
0,142,16,53,1,0
0,143,16,54,1,0
0,144,17,1,1,0
0,145,17,1,1,0
0,146,17,3,1,0
0,147,17,6,1,0
0,148,17,7,1,46
1,149,17,8,1,169
0,150,17,14,1,0
0,151,17,14,1,0
0,152,17,17,1,0
0,153,17,17,1,0
0,154,17,19,1,0
0,155,17,28,1,0
0,156,17,35,1,0
0,157,17,44,1,0
0,158,17,46,1,0
0,159,17,50,1,0
0,160,17,52,1,0
0,1,8,0,2,0
0,2,8,3,2,0
0,3,8,5,2,0
0,4,8,17,2,0
0,5,8,20,2,0
0,6,8,23,2,0
0,7,8,25,2,0
0,8,8,27,2,0
0,9,8,29,2,0
0,10,8,30,2,0
0,11,8,33,2,0
0,12,8,34,2,0
0,13,8,35,2,0
0,14,8,37,2,0
0,15,8,37,2,0
0,16,8,48,2,0
0,17,8,57,2,0
0,18,8,57,2,0
0,19,8,59,2,0
0,20,8,59,2,0
0,21,9,6,2,0
0,22,9,9,2,0
0,23,9,13,2,0
0,24,9,14,2,0
0,25,9,26,2,0
0,26,9,27,2,0
0,27,9,34,2,0
0,28,9,34,2,0
0,29,9,36,2,0
0,30,9,46,2,0
0,31,9,46,2,0
0,32,9,53,2,0
0,33,9,56,2,0
0,34,9,57,2,0
0,35,10,8,2,0
0,36,10,10,2,0
0,37,10,13,2,0
0,38,10,24,2,0
0,39,10,31,2,0
0,40,10,33,2,0
0,41,10,33,2,0
0,42,10,35,2,0
0,43,10,39,2,0
0,44,10,40,2,0
0,45,10,41,2,0
0,46,10,42,2,0
0,47,10,54,2,0
0,48,10,54,2,0
0,49,11,3,2,0
0,50,11,5,2,0
0,51,11,5,2,0
0,52,11,5,2,0
0,53,11,7,2,0
0,54,11,10,2,0
0,55,11,14,2,0
0,56,11,21,2,0
0,57,11,24,2,0
0,58,11,30,2,0
0,59,11,35,2,0
0,60,11,39,2,0
0,61,11,40,2,0
0,62,11,42,2,0
0,63,11,45,2,0
0,64,11,53,2,0
0,65,11,53,2,0
0,66,11,58,2,0
0,67,11,59,2,0
0,68,12,9,2,0
0,69,12,13,2,0
0,70,12,14,2,0
0,71,12,15,2,0
0,72,12,17,2,0
0,73,12,18,2,2
0,74,12,21,2,14
0,75,12,24,2,0
0,76,12,25,2,0
0,77,12,26,2,0
0,78,12,29,2,0
0,79,12,32,2,0
0,80,12,33,2,0
0,81,12,33,2,5
0,82,12,37,2,0
0,83,12,39,2,0
0,84,12,47,2,0
0,85,12,47,2,0
0,86,12,51,2,0
0,87,12,57,2,0
0,88,12,59,2,0
0,89,13,1,2,0
0,90,13,8,2,0
0,91,13,14,2,0
0,92,13,19,2,0
0,93,13,20,2,0
0,94,13,24,2,0
0,95,13,24,2,0
0,96,13,28,2,0
0,97,13,30,2,0
0,98,13,36,2,0
0,99,13,44,2,0
0,100,13,45,2,0
0,101,13,47,2,0
0,102,13,50,2,0
0,103,14,0,2,0
0,104,14,1,2,0
0,105,14,5,2,0
0,106,14,9,2,0
0,107,14,11,2,0
0,108,14,16,2,0
0,109,14,18,2,0
0,110,14,19,2,0
0,111,14,26,2,0
0,112,14,26,2,0
0,113,14,33,2,0
0,114,14,45,2,0
0,115,14,50,2,0
0,116,14,51,2,0
0,117,14,52,2,0
0,118,14,53,2,0
0,119,14,53,2,27
0,120,14,57,2,0
0,121,14,57,2,8
0,122,14,58,2,151
0,123,15,3,2,31
0,124,15,8,2,0
0,125,15,10,2,0
0,126,15,17,2,0
0,127,15,24,2,0
0,128,15,26,2,0
0,129,15,28,2,0
0,130,15,30,2,0
0,131,15,32,2,0
0,132,15,39,2,0
0,133,15,43,2,0
0,134,15,50,2,0
0,135,15,50,2,0
0,136,15,51,2,0
0,137,15,57,2,0
0,138,16,1,2,0
0,139,16,4,2,0
0,140,16,14,2,0
0,141,16,22,2,0
0,142,16,24,2,0
0,143,16,27,2,0
0,144,16,27,2,0
0,145,16,37,2,0
0,146,16,45,2,0
0,147,16,51,2,0
0,148,16,51,2,0
0,149,16,52,2,0
0,150,16,54,2,0
0,151,16,56,2,0
0,152,16,57,2,0
0,153,16,59,2,0
0,154,17,1,2,0
0,155,17,5,2,0
0,156,17,13,2,0
0,157,17,18,2,0
0,158,17,25,2,0
0,159,17,27,2,0
0,160,17,34,2,0
0,1,8,0,3,0
0,2,8,0,3,0
0,3,8,1,3,0
0,4,8,2,3,0
0,5,8,3,3,0
0,6,8,3,3,0
0,7,8,5,3,0
0,8,8,6,3,0
0,9,8,7,3,0
0,10,8,9,3,151
0,11,8,14,3,0
0,12,8,25,3,0
0,13,8,26,3,0
0,14,8,27,3,0
0,15,8,29,3,0
0,16,8,31,3,0
0,17,8,35,3,0
0,18,8,43,3,0
0,19,8,46,3,0
0,20,8,59,3,0
0,21,9,4,3,0
0,22,9,9,3,0
0,23,9,11,3,0
0,24,9,21,3,0
0,25,9,26,3,0
0,26,9,27,3,0
0,27,9,28,3,0
0,28,9,29,3,0
0,29,9,32,3,0
0,30,9,33,3,0
0,31,9,36,3,0
0,32,9,38,3,0
0,33,9,41,3,0
0,34,9,43,3,0
0,35,9,43,3,0
0,36,9,50,3,0
0,37,9,52,3,0
0,38,10,0,3,0
0,39,10,9,3,0
0,40,10,13,3,0
0,41,10,20,3,0
0,42,10,23,3,0
0,43,10,23,3,0
0,44,10,24,3,0
0,45,10,28,3,0
0,46,10,31,3,0
0,47,10,40,3,0
0,48,10,42,3,0
0,49,10,44,3,0
0,50,10,50,3,0
0,51,10,51,3,0
0,52,10,52,3,0
0,53,10,57,3,49
0,54,10,58,3,6
0,55,11,1,3,0
0,56,11,7,3,0
0,57,11,10,3,0
0,58,11,15,3,0
0,59,11,17,3,0
0,60,11,17,3,0
0,61,11,28,3,0
0,62,11,29,3,0
0,63,11,34,3,0
0,64,11,35,3,0
0,65,11,41,3,0
0,66,11,41,3,0
0,67,11,48,3,0
0,68,11,52,3,0
0,69,11,53,3,0
0,70,11,57,3,0
0,71,11,59,3,0
0,72,12,7,3,0
0,73,12,8,3,0
0,74,12,8,3,0
0,75,12,9,3,0
0,76,12,11,3,0
0,77,12,11,3,5
0,78,12,12,3,0
0,79,12,17,3,0
0,80,12,21,3,0
0,81,12,29,3,0
0,82,12,30,3,0
0,83,12,35,3,0
0,84,12,36,3,0
0,85,12,37,3,0
0,86,12,40,3,0
0,87,12,42,3,0
0,88,12,44,3,0
0,89,12,46,3,0
0,90,12,50,3,0
0,91,12,52,3,0
0,92,12,55,3,0
0,93,13,7,3,0
0,94,13,17,3,0
0,95,13,19,3,0
0,96,13,19,3,0
0,97,13,21,3,0
0,98,13,30,3,0
0,99,13,31,3,0
0,100,13,34,3,0
0,101,13,34,3,0
0,102,13,36,3,0
0,103,13,36,3,0
0,104,13,43,3,0
0,105,13,45,3,0
0,106,13,53,3,0
0,107,13,57,3,0
0,108,13,57,3,0
0,109,14,0,3,0
0,110,14,4,3,0
0,111,14,11,3,0
0,112,14,15,3,0
0,113,14,21,3,0
0,114,14,26,3,0
0,115,14,26,3,0
0,116,14,29,3,0
0,117,14,34,3,0
0,118,14,42,3,0
0,119,14,45,3,0
0,120,14,45,3,0
0,121,14,48,3,0
0,122,14,48,3,0
0,123,14,49,3,0
0,124,14,55,3,0
0,125,14,57,3,0
0,126,14,59,3,0
0,127,15,3,3,0
0,128,15,10,3,0
0,129,15,12,3,0
0,130,15,12,3,0
0,131,15,13,3,0
0,132,15,14,3,0
0,133,15,19,3,0
0,134,15,20,3,0
0,135,15,25,3,0
0,136,15,26,3,0
0,137,15,27,3,0
0,138,15,29,3,0
0,139,15,30,3,0
0,140,15,36,3,0
0,141,15,36,3,0
0,142,15,39,3,0
0,143,15,54,3,0
0,144,15,55,3,0
0,145,15,57,3,0
0,146,15,57,3,0
0,147,16,2,3,0
0,148,16,11,3,0
0,149,16,12,3,0
0,150,16,12,3,0
0,151,16,19,3,0
0,152,16,24,3,0
0,153,16,35,3,0
0,154,16,45,3,0
0,155,16,52,3,0
0,156,16,52,3,0
0,157,16,57,3,0
0,158,17,6,3,0
0,159,17,9,3,0
0,160,17,10,3,0
0,161,17,12,3,0
0,162,17,13,3,0
0,163,17,18,3,0
0,164,17,26,3,0
0,165,17,29,3,0
0,166,17,35,3,0
0,167,17,36,3,0
0,168,17,36,3,0
0,169,17,37,3,90
0,170,17,40,3,0
0,171,17,45,3,0
0,173,17,58,3,0
0,1,8,0,4,0
0,2,8,0,4,0
0,3,8,6,4,0
0,4,8,7,4,0
0,5,8,9,4,0
0,6,8,15,4,0
0,7,8,18,4,0
0,8,8,22,4,0
0,9,8,24,4,0
0,10,8,27,4,0
0,11,8,28,4,0
0,12,8,30,4,0
0,13,8,35,4,0
0,14,8,45,4,0
0,15,8,46,4,0
0,16,8,47,4,0
0,17,8,49,4,0
0,18,8,57,4,0
0,19,9,14,4,0
0,20,9,18,4,0
0,21,9,22,4,0
0,22,9,23,4,0
0,23,9,25,4,0
0,24,9,31,4,0
0,25,9,35,4,0
0,26,9,37,4,0
0,27,9,39,4,0
0,28,9,47,4,0
0,29,9,49,4,0
0,30,9,55,4,0
0,31,10,0,4,0
0,32,10,1,4,0
0,33,10,4,4,0
0,34,10,5,4,0
0,35,10,9,4,0
0,36,10,19,4,0
0,37,10,19,4,0
0,38,10,19,4,0
0,39,10,23,4,0
0,40,10,31,4,0
0,41,10,33,4,0
0,42,10,33,4,0
0,43,10,38,4,0
0,44,10,46,4,0
0,45,10,46,4,0
0,46,10,49,4,0
0,47,10,49,4,0
0,48,10,54,4,0
0,49,10,57,4,0
0,50,10,58,4,0
0,51,10,58,4,0
0,52,10,58,4,85
1,53,10,58,4,96
0,54,11,11,4,0
0,55,11,15,4,0
0,56,11,16,4,0
0,57,11,19,4,0
0,58,11,19,4,0
0,59,11,22,4,0
0,60,11,33,4,0
0,61,11,35,4,0
0,62,11,39,4,0
0,63,11,41,4,0
0,64,11,42,4,0
0,65,11,43,4,0
0,66,11,56,4,0
0,67,11,59,4,0
0,68,12,0,4,0
0,69,12,0,4,0
0,70,12,5,4,0
0,71,12,5,4,0
0,72,12,7,4,0
0,73,12,7,4,0
0,74,12,8,4,0
0,75,12,11,4,0
0,76,12,15,4,0
0,77,12,15,4,0
0,78,12,20,4,0
0,79,12,28,4,0
0,80,12,31,4,0
0,81,12,32,4,0
0,82,12,37,4,0
0,83,12,41,4,0
0,84,12,45,4,0
0,85,12,47,4,0
0,86,12,52,4,0
0,87,12,54,4,0
0,88,12,56,4,0
0,89,12,57,4,77
1,90,12,57,4,141
0,91,12,59,4,61
1,92,13,0,4,20
0,93,13,1,4,0
0,94,13,12,4,0
0,95,13,14,4,0
0,96,13,14,4,0
0,97,13,25,4,0
0,98,13,27,4,0
0,99,13,27,4,0
0,100,13,37,4,0
0,101,13,39,4,0
0,102,13,39,4,0
0,103,13,43,4,0
0,104,13,45,4,0
0,105,13,50,4,0
0,106,13,51,4,0
0,107,13,55,4,0
0,108,13,57,4,0
0,109,14,1,4,0
0,110,14,4,4,0
0,111,14,8,4,0
0,112,14,18,4,0
0,113,14,21,4,0
0,114,14,24,4,0
0,115,14,26,4,0
0,116,14,36,4,0
0,117,14,48,4,0
0,118,14,48,4,0
0,119,14,50,4,0
0,120,14,57,4,0
0,121,15,5,4,0
0,122,15,6,4,0
0,123,15,6,4,0
0,124,15,16,4,0
0,125,15,18,4,0
0,126,15,18,4,0
0,127,15,22,4,0
0,128,15,26,4,0
0,129,15,26,4,0
0,130,15,31,4,0
0,131,15,38,4,0
0,132,15,45,4,0
0,133,15,47,4,0
0,134,15,51,4,0
0,135,15,53,4,0
0,136,15,58,4,0
0,137,16,20,4,0
0,138,16,21,4,0
0,139,16,27,4,0
0,140,16,27,4,0
0,141,16,27,4,0
0,142,16,30,4,0
0,143,16,33,4,0
0,144,16,38,4,0
0,145,16,38,4,0
0,146,16,43,4,0
0,147,16,43,4,0
0,148,16,44,4,0
0,149,16,45,4,0
0,150,16,46,4,0
0,151,16,52,4,0
0,152,16,56,4,0
0,153,16,58,4,0
0,154,16,59,4,0
0,155,17,0,4,0
0,156,17,4,4,0
0,157,17,5,4,0
0,158,17,10,4,0
0,159,17,13,4,0
0,160,17,17,4,0
0,161,17,18,4,0
0,162,17,23,4,0
0,163,17,26,4,0
0,164,17,26,4,0
0,165,17,39,4,0
0,166,17,40,4,0
0,167,17,40,4,0
0,168,17,41,4,0
0,169,17,43,4,0
0,1,8,0,0,0
0,2,8,1,0,0
0,3,8,4,0,0
0,4,8,5,0,0
0,5,8,13,0,0
0,6,8,14,0,0
0,7,8,22,0,0
0,8,8,27,0,0
0,9,8,28,0,0
0,10,8,33,0,0
0,11,8,42,0,0
0,12,8,43,0,0
0,13,8,46,0,0
0,14,8,47,0,0
0,15,8,55,0,0
0,16,9,0,0,0
0,17,9,3,0,0
0,18,9,8,0,0
0,19,9,14,0,0
0,20,9,15,0,0
0,21,9,17,0,0
0,22,9,20,0,0
0,23,9,33,0,0
0,24,9,38,0,0
0,25,9,39,0,0
0,26,9,40,0,0
0,27,9,41,0,0
0,28,9,42,0,0
0,29,9,51,0,0
0,30,9,57,0,0
0,31,9,59,0,0
0,32,10,5,0,0
0,33,10,6,0,0
0,34,10,7,0,0
0,35,10,14,0,0
0,36,10,28,0,0
0,37,10,36,0,0
0,38,10,38,0,0
0,39,10,39,0,0
0,40,10,44,0,0
0,41,10,56,0,0
0,42,11,0,0,0
0,43,11,14,0,0
0,44,11,17,0,0
0,45,11,34,0,0
0,46,11,36,0,0
0,47,11,38,0,0
0,48,11,40,0,0
0,49,11,51,0,0
0,50,12,3,0,0
0,51,12,3,0,0
0,52,12,9,0,0
0,53,12,13,0,0
0,54,12,13,0,0
0,55,12,15,0,0
0,56,12,17,0,0
0,57,12,18,0,0
0,58,12,19,0,0
0,59,12,20,0,0
0,60,12,23,0,0
0,61,12,23,0,0
0,62,12,26,0,0
0,63,12,26,0,0
0,64,12,27,0,0
0,65,12,29,0,0
0,66,12,37,0,0
0,67,12,38,0,0
0,68,12,40,0,0
0,69,12,41,0,0
0,70,12,41,0,0
0,71,12,43,0,47
0,72,12,46,0,0
0,73,12,46,0,0
0,74,12,50,0,0
0,75,12,52,0,0
0,76,12,58,0,0
0,77,12,59,0,0
0,78,12,59,0,0
0,79,13,3,0,0
0,80,13,4,0,0
0,81,13,5,0,0
0,82,13,18,0,0
0,83,13,20,0,0
0,84,13,21,0,0
0,85,13,22,0,0
0,86,13,22,0,0
0,87,13,23,0,0
0,88,13,24,0,0
0,89,13,27,0,0
0,90,13,28,0,0
0,91,13,34,0,0
0,92,13,35,0,0
0,93,13,36,0,0
0,94,13,37,0,42
0,95,13,44,0,0
0,96,13,56,0,0
0,97,14,3,0,0
0,98,14,3,0,0
0,99,14,5,0,0
0,100,14,7,0,0
0,101,14,7,0,0
0,102,14,10,0,0
0,103,14,18,0,0
0,104,14,22,0,0
0,105,14,23,0,0
0,106,14,29,0,0
0,107,14,38,0,0
0,108,14,42,0,0
0,109,14,42,0,0
0,110,14,43,0,0
0,111,14,45,0,0
0,112,14,45,0,0
0,113,14,45,0,45
0,114,14,57,0,0
0,115,15,2,0,0
0,116,15,10,0,0
0,117,15,11,0,0
0,118,15,13,0,0
0,119,15,19,0,0
0,120,15,21,0,0
0,121,15,30,0,0
0,122,15,33,0,0
0,123,15,36,0,0
0,124,15,37,0,0
0,125,15,40,0,0
0,126,15,47,0,0
0,127,15,50,0,0
0,128,15,50,0,0
0,129,15,52,0,0
0,130,15,54,0,0
0,131,16,5,0,0
0,132,16,5,0,0
0,133,16,6,0,0
0,134,16,8,0,0
0,135,16,8,0,0
0,136,16,11,0,0
0,137,16,11,0,0
0,138,16,15,0,0
0,139,16,21,0,0
0,140,16,25,0,0
0,141,16,26,0,0
0,142,16,30,0,0
0,143,16,31,0,0
0,144,16,31,0,56
0,145,16,34,0,0
0,146,16,37,0,0
0,147,16,37,0,0
0,148,16,38,0,0
0,149,16,44,0,0
0,150,16,45,0,0
0,151,16,45,0,0
0,152,16,46,0,90
0,153,16,49,0,0
0,154,16,51,0,0
0,155,16,52,0,0
0,156,16,53,0,0
0,157,16,55,0,0
0,158,16,57,0,0
0,159,16,58,0,125
1,160,16,58,0,233
0,161,17,3,0,20
0,162,17,6,0,0
0,163,17,9,0,0
0,164,17,17,0,0
0,165,17,17,0,0
0,166,17,23,0,0
0,167,17,25,0,0
0,168,17,30,0,0
0,169,17,34,0,0
0,170,17,34,0,0
0,171,17,34,0,0
0,172,17,35,0,0
0,173,17,40,0,0
0,174,17,42,0,0
0,175,17,42,0,0
0,176,17,47,0,0
0,177,17,50,0,0
0,179,17,57,0,0
0,1,8,0,1,0
0,2,8,2,1,0
0,3,8,5,1,0
0,4,8,10,1,0
0,5,8,14,1,0
0,6,8,17,1,0
0,7,8,25,1,0
0,8,8,28,1,0
0,9,8,32,1,0
0,10,8,34,1,0
0,11,8,39,1,0
0,12,8,43,1,0
0,13,8,44,1,0
0,14,8,52,1,0
0,15,9,5,1,0
0,16,9,6,1,0
0,17,9,6,1,0
0,18,9,9,1,0
0,19,9,10,1,0
0,20,9,17,1,0
0,21,9,21,1,0
0,22,9,22,1,0
0,23,9,23,1,57
0,24,9,25,1,0
0,25,9,26,1,0
0,26,9,27,1,202
0,27,9,35,1,0
0,28,9,36,1,0
0,29,9,40,1,0
0,30,9,42,1,0
0,31,9,44,1,0
0,32,9,46,1,0
0,33,9,47,1,0
0,34,9,50,1,0
0,35,9,51,1,0
0,36,9,55,1,0
0,37,9,57,1,0
0,38,10,0,1,0
0,39,10,1,1,77
0,40,10,5,1,75
0,41,10,8,1,0
0,42,10,12,1,0
0,43,10,14,1,0
0,44,10,16,1,0
0,45,10,19,1,0
0,46,10,23,1,0
0,47,10,29,1,0
0,48,10,32,1,0
0,49,10,35,1,0
0,50,10,37,1,0
0,51,10,37,1,0
0,52,10,39,1,0
0,53,10,42,1,0
0,54,10,43,1,0
0,55,10,47,1,0
0,56,10,48,1,54
0,57,11,0,1,0
0,58,11,3,1,0
0,59,11,8,1,0
0,60,11,16,1,0
0,61,11,25,1,0
0,62,11,29,1,0
0,63,11,37,1,0
0,64,11,38,1,0
0,65,11,38,1,0
0,66,11,43,1,0
0,67,11,47,1,0
0,68,11,47,1,0
0,69,11,55,1,0
0,70,11,59,1,0
0,71,12,5,1,0
0,72,12,8,1,0
0,73,12,14,1,0
0,74,12,15,1,0
0,75,12,19,1,0
0,76,12,27,1,0
0,77,12,31,1,0
0,78,12,34,1,0
0,79,12,40,1,0
0,80,12,42,1,0
0,81,12,45,1,0
0,82,12,53,1,0
0,83,12,53,1,0
0,84,12,55,1,0
0,85,12,56,1,0
0,86,13,0,1,0
0,87,13,9,1,0
0,88,13,9,1,0
0,89,13,9,1,0
0,90,13,16,1,0
0,91,13,23,1,0
0,92,13,25,1,0
0,93,13,27,1,0
0,94,13,29,1,0
0,95,13,31,1,0
0,96,13,32,1,0
0,97,13,36,1,0
0,98,13,37,1,0
0,99,13,40,1,0
0,100,13,41,1,0
0,101,13,43,1,0
0,102,13,45,1,0
0,103,13,45,1,0
0,104,13,55,1,0
0,105,13,55,1,0
0,106,13,58,1,0
0,107,14,0,1,0
0,108,14,0,1,0
0,109,14,18,1,0
0,110,14,21,1,0
0,111,14,24,1,0
0,112,14,26,1,0
0,113,14,37,1,0
0,114,14,38,1,0
0,115,14,45,1,0
0,116,14,45,1,0
0,117,14,52,1,0
0,118,14,57,1,0
0,119,15,4,1,0
0,120,15,5,1,0
0,121,15,6,1,0
0,122,15,8,1,0
0,123,15,10,1,0
0,124,15,11,1,0
0,125,15,13,1,0
0,126,15,14,1,0
0,127,15,15,1,0
0,128,15,20,1,0
0,129,15,22,1,0
0,130,15,27,1,0
0,131,15,29,1,0
0,132,15,30,1,0
0,133,15,45,1,0
0,134,16,1,1,0
0,135,16,2,1,0
0,136,16,9,1,0
0,137,16,11,1,0
0,138,16,14,1,0
0,139,16,20,1,0
0,140,16,24,1,0
0,141,16,26,1,0
0,142,16,33,1,0
0,143,16,37,1,0
0,144,16,38,1,0
0,145,16,44,1,0
0,146,16,46,1,0
0,147,16,46,1,0
0,148,16,49,1,0
0,149,16,52,1,0
0,150,16,53,1,0
0,151,16,53,1,14
0,152,16,57,1,0
0,153,16,58,1,0
0,154,16,58,1,0
0,155,16,59,1,189
1,156,17,1,1,192
1,157,17,3,1,179
2,158,17,4,1,116
2,159,17,5,1,139
0,160,17,10,1,33
0,161,17,16,1,0
0,162,17,18,1,0
0,163,17,18,1,0
0,164,17,18,1,0
0,165,17,22,1,0
0,166,17,27,1,0
0,167,17,27,1,0
0,168,17,28,1,0
0,169,17,30,1,0
0,170,17,31,1,0
0,171,17,31,1,68
0,172,17,32,1,84
0,173,17,35,1,461
1,174,17,39,1,227
2,175,17,42,1,107
0,176,17,46,1,0
0,177,17,46,1,0
0,178,17,54,1,0
0,1,8,0,2,0
0,2,8,2,2,0
0,3,8,4,2,0
0,4,8,9,2,0
0,5,8,9,2,0
0,6,8,14,2,0
0,7,8,17,2,0
0,8,8,19,2,0
0,9,8,20,2,0
0,10,8,21,2,0
0,11,8,22,2,0
0,12,8,35,2,0
0,13,8,36,2,0
0,14,8,37,2,0
0,15,8,40,2,0
0,16,8,41,2,0
0,17,8,41,2,0
0,18,8,45,2,0
0,19,8,52,2,0
0,20,9,1,2,0
0,21,9,3,2,0
0,22,9,9,2,0
0,23,9,14,2,0
0,24,9,15,2,0
0,25,9,28,2,0
0,26,9,29,2,0
0,27,9,30,2,0
0,28,9,31,2,0
0,29,9,36,2,0
0,30,9,42,2,0
0,31,9,48,2,0
0,32,9,50,2,0
0,33,9,50,2,0
0,34,9,51,2,16
0,35,9,52,2,0
0,36,9,54,2,0
0,37,9,54,2,0
0,38,9,56,2,0
0,39,9,56,2,93
0,40,10,9,2,0
0,41,10,17,2,0
0,42,10,17,2,0
0,43,10,19,2,0
0,44,10,20,2,0
0,45,10,23,2,0
0,46,10,32,2,0
0,47,10,34,2,0
0,48,10,45,2,0
0,49,10,45,2,0
0,50,10,47,2,0
0,51,10,48,2,0
0,52,10,58,2,0
0,53,10,58,2,0
0,54,10,59,2,0
0,55,10,59,2,20
0,56,11,0,2,14
0,57,11,9,2,0
0,58,11,24,2,0
0,59,11,27,2,0
0,60,11,32,2,0
0,61,11,35,2,0
0,62,11,37,2,0
0,63,11,40,2,0
0,64,11,42,2,0
0,65,11,46,2,0
0,66,11,47,2,0
0,67,11,50,2,0
0,68,11,51,2,0
0,69,11,52,2,0
0,70,11,58,2,0
0,71,12,0,2,0
0,72,12,1,2,0
0,73,12,1,2,62
0,74,12,3,2,0
0,75,12,9,2,0
0,76,12,10,2,0
0,77,12,17,2,0
0,78,12,21,2,0
0,79,12,22,2,0
0,80,12,23,2,0
0,81,12,28,2,0
0,82,12,35,2,0
0,83,12,35,2,0
0,84,12,52,2,0
0,85,12,56,2,0
0,86,13,0,2,0
0,87,13,2,2,0
0,88,13,3,2,0
0,89,13,6,2,0
0,90,13,10,2,0
0,91,13,11,2,0
0,92,13,14,2,0
0,93,13,26,2,0
0,94,13,26,2,0
0,95,13,34,2,0
0,96,13,35,2,0
0,97,13,56,2,0
0,98,13,57,2,0
0,99,13,58,2,0
0,100,13,59,2,0
0,101,14,0,2,0
0,102,14,4,2,0
0,103,14,6,2,0
0,104,14,7,2,0
0,105,14,9,2,0
0,106,14,11,2,0
0,107,14,12,2,177
1,108,14,13,2,279
1,109,14,16,2,225
1,110,14,18,2,177
2,111,14,19,2,121
0,112,14,26,2,0
0,113,14,37,2,0
0,114,14,44,2,0
0,115,14,51,2,0
0,116,14,55,2,0
0,117,15,1,2,0
0,118,15,2,2,0
0,119,15,5,2,0
0,120,15,6,2,0
0,121,15,11,2,0
0,122,15,15,2,0
0,123,15,18,2,0
0,124,15,19,2,0
0,125,15,23,2,0
0,126,15,31,2,0
0,127,15,31,2,0
0,128,15,31,2,0
0,129,15,33,2,0
0,130,15,36,2,0
0,131,15,38,2,61
1,132,15,39,2,79
0,133,15,46,2,0
0,134,15,49,2,0
0,135,15,56,2,0
0,136,15,56,2,0
0,137,16,10,2,0
0,138,16,12,2,0
0,139,16,15,2,0
0,140,16,16,2,0
0,141,16,17,2,0
0,142,16,17,2,80
1,143,16,18,2,435
1,144,16,23,2,161
0,145,16,30,2,0
0,146,16,39,2,0
0,147,16,40,2,0
0,148,16,46,2,0
0,149,16,48,2,0
0,150,16,49,2,0
0,151,16,52,2,0
0,152,16,54,2,0
0,153,16,56,2,0
0,154,17,2,2,0
0,155,17,8,2,0
0,156,17,12,2,0
0,157,17,12,2,0
0,158,17,18,2,0
0,159,17,20,2,0
0,160,17,31,2,0
0,161,17,33,2,0
0,162,17,36,2,0
0,163,17,42,2,0
0,164,17,43,2,0
0,165,17,44,2,0
0,167,17,47,2,0
0,166,17,47,2,0
0,168,17,48,2,0
0,169,17,50,2,0
0,1,8,0,3,0
0,2,8,10,3,0
0,3,8,14,3,0
0,4,8,15,3,0
0,5,8,15,3,0
0,6,8,16,3,0
0,7,8,18,3,0
0,8,8,33,3,0
0,9,8,40,3,0
0,10,8,43,3,0
0,11,8,46,3,0
0,12,8,47,3,0
0,13,8,50,3,0
0,14,8,54,3,0
0,15,8,55,3,0
0,16,9,1,3,0
0,17,9,4,3,0
0,18,9,5,3,0
0,19,9,7,3,0
0,20,9,14,3,0
0,21,9,21,3,0
0,22,9,30,3,0
0,23,9,33,3,0
0,24,9,34,3,0
0,25,9,35,3,0
0,26,9,38,3,0
0,27,9,42,3,0
0,28,9,47,3,0
0,29,9,49,3,0
0,30,9,54,3,0
0,31,9,58,3,0
0,32,10,0,3,0
0,33,10,2,3,0
0,34,10,6,3,0
0,35,10,9,3,0
0,36,10,12,3,0
0,37,10,18,3,0
0,38,10,19,3,0
0,39,10,29,3,0
0,40,10,32,3,0
0,41,10,33,3,0
0,42,10,36,3,0
0,43,10,44,3,0
0,44,10,46,3,0
0,45,10,47,3,0
0,46,10,52,3,0
0,47,10,52,3,0
0,48,10,55,3,0
0,49,10,58,3,0
0,50,10,59,3,0
0,51,11,0,3,0
0,52,11,10,3,0
0,53,11,15,3,0
0,54,11,17,3,0
0,55,11,18,3,0
0,56,11,20,3,0
0,57,11,22,3,0
0,58,11,27,3,0
0,59,11,29,3,0
0,60,11,31,3,0
0,61,11,31,3,0
0,62,11,32,3,94
1,63,11,32,3,136
1,64,11,34,3,59
0,65,11,36,3,30
0,66,11,44,3,0
0,67,11,44,3,0
0,68,11,46,3,0
0,69,11,47,3,0
0,70,11,50,3,0
0,71,11,55,3,0
0,72,12,1,3,0
0,73,12,3,3,0
0,74,12,16,3,0
0,75,12,21,3,0
0,76,12,24,3,0
0,77,12,26,3,0
0,78,12,28,3,0
0,79,12,30,3,0
0,80,12,34,3,0
0,81,12,36,3,0
0,82,12,47,3,0
0,83,12,48,3,0
0,84,12,48,3,0
0,85,13,2,3,0
0,86,13,2,3,0
0,87,13,3,3,0
0,88,13,6,3,0
0,89,13,8,3,0
0,90,13,15,3,0
0,91,13,15,3,0
0,92,13,17,3,0
0,93,13,17,3,0
0,94,13,18,3,0
0,95,13,25,3,0
0,96,13,41,3,0
0,97,13,48,3,0
0,98,13,49,3,0
0,99,13,49,3,0
0,100,13,51,3,0
0,101,14,1,3,0
0,102,14,5,3,0
0,103,14,8,3,0
0,104,14,9,3,0
0,105,14,11,3,0
0,106,14,13,3,0
0,107,14,16,3,0
0,108,14,18,3,0
0,109,14,22,3,0
0,110,14,23,3,0
0,111,14,25,3,0
0,112,14,28,3,0
0,113,14,28,3,0
0,114,14,31,3,0
0,115,14,33,3,0
0,116,14,33,3,193
0,117,14,50,3,0
0,118,14,53,3,0
0,119,14,54,3,0
0,120,14,58,3,0
0,121,15,5,3,0
0,122,15,5,3,0
0,123,15,8,3,0
0,124,15,17,3,0
0,125,15,29,3,0
0,126,15,35,3,0
0,127,15,36,3,0
0,128,15,38,3,0
0,129,15,40,3,0
0,130,15,46,3,0
0,131,15,46,3,0
0,132,15,47,3,0
0,133,15,49,3,0
0,134,15,50,3,0
0,135,15,50,3,0
0,136,15,53,3,0
0,137,15,57,3,0
0,138,16,6,3,0
0,139,16,6,3,0
0,140,16,8,3,0
0,141,16,9,3,0
0,142,16,12,3,0
0,143,16,15,3,0
0,144,16,15,3,53
0,145,16,24,3,0
0,146,16,32,3,0
0,147,16,40,3,0
0,148,16,41,3,0
0,149,16,43,3,0
0,150,16,50,3,0
0,151,16,50,3,0
0,152,16,55,3,0
0,153,16,59,3,0
0,154,17,2,3,0
0,155,17,8,3,0
0,156,17,22,3,0
0,157,17,23,3,0
0,158,17,24,3,0
0,159,17,26,3,0
0,160,17,27,3,0
0,161,17,27,3,20
0,162,17,32,3,0
0,163,17,32,3,0
0,164,17,35,3,0
0,165,17,40,3,0
0,166,17,43,3,0
0,167,17,46,3,0
0,168,17,49,3,0
0,170,17,53,3,0
0,1,8,0,4,0
0,2,8,3,4,0
0,3,8,7,4,0
0,4,8,18,4,0
0,5,8,19,4,0
0,6,8,26,4,0
0,7,8,28,4,0
0,8,8,28,4,0
0,9,8,28,4,0
0,10,8,31,4,0
0,11,8,31,4,0
0,12,8,34,4,0
0,13,8,35,4,0
0,14,8,35,4,0
0,15,8,37,4,0
0,16,8,41,4,0
0,17,8,41,4,0
0,18,8,44,4,0
0,19,8,45,4,0
0,20,8,50,4,0
0,21,8,50,4,0
0,22,8,52,4,0
0,23,8,55,4,0
0,24,8,57,4,0
0,25,8,59,4,0
0,26,9,4,4,0
0,27,9,7,4,0
0,28,9,10,4,0
0,29,9,12,4,0
0,30,9,18,4,0
0,31,9,19,4,0
0,32,9,23,4,0
0,33,9,26,4,0
0,34,9,29,4,0
0,35,9,36,4,0
0,36,9,38,4,0
0,37,9,42,4,0
0,38,9,47,4,0
0,39,9,50,4,0
0,40,9,56,4,0
0,41,9,56,4,0
0,42,10,6,4,0
0,43,10,6,4,0
0,44,10,9,4,0
0,45,10,14,4,0
0,46,10,19,4,0
0,47,10,34,4,0
0,48,10,35,4,0
0,49,10,37,4,0
0,50,10,39,4,0
0,51,10,50,4,0
0,52,10,50,4,0
0,53,10,51,4,0
0,54,10,52,4,125
0,55,11,2,4,0
0,56,11,2,4,0
0,57,11,5,4,0
0,58,11,8,4,0
0,59,11,8,4,0
0,60,11,20,4,0
0,61,11,20,4,0
0,62,11,24,4,0
0,63,11,27,4,0
0,64,11,34,4,0
0,65,11,39,4,0
0,66,11,42,4,0
0,67,11,42,4,0
0,68,11,50,4,0
0,69,11,51,4,0
0,70,11,51,4,0
0,71,11,53,4,0
0,72,11,53,4,98
1,73,11,55,4,324
2,74,11,55,4,347
2,75,11,58,4,307
0,76,12,6,4,104
1,77,12,7,4,259
1,78,12,10,4,182
0,79,12,16,4,0
0,80,12,17,4,0
0,81,12,17,4,0
0,82,12,20,4,0
0,83,12,23,4,0
0,84,12,36,4,0
0,85,12,39,4,0
0,86,12,39,4,0
0,87,12,43,4,0
0,88,12,44,4,0
0,89,12,44,4,0
0,90,12,44,4,0
0,91,12,45,4,27
0,92,12,47,4,0
0,93,12,51,4,0
0,94,12,54,4,0
0,95,12,55,4,0
0,96,12,55,4,0
0,97,12,57,4,0
0,98,13,0,4,5
0,99,13,7,4,0
0,100,13,8,4,0
0,101,13,8,4,0
0,102,13,11,4,0
0,103,13,18,4,0
0,104,13,18,4,0
0,105,13,23,4,0
0,106,13,28,4,0
0,107,13,31,4,0
0,108,13,35,4,0
0,109,13,38,4,0
0,110,14,0,4,0
0,111,14,6,4,0
0,112,14,12,4,0
0,113,14,14,4,0
0,114,14,14,4,0
0,115,14,15,4,0
0,116,14,16,4,49
0,117,14,18,4,230
1,118,14,20,4,114
1,119,14,22,4,58
0,120,14,25,4,0
0,121,14,28,4,0
0,122,14,30,4,0
0,123,14,37,4,0
0,124,14,39,4,0
0,125,14,47,4,0
0,126,14,49,4,0
0,127,14,56,4,0
0,128,14,58,4,0
0,129,15,8,4,0
0,130,15,9,4,0
0,131,15,11,4,0
0,132,15,11,4,0
0,133,15,16,4,0
0,134,15,18,4,0
0,135,15,24,4,0
0,136,15,25,4,0
0,137,15,28,4,0
0,138,15,33,4,0
0,139,15,40,4,0
0,140,15,43,4,0
0,141,15,45,4,0
0,142,15,48,4,0
0,143,15,50,4,0
0,144,15,50,4,0
0,145,15,50,4,6
0,146,15,53,4,148
1,147,15,54,4,136
0,148,15,57,4,36
0,149,15,58,4,43
1,150,15,58,4,146
0,151,16,2,4,13
0,152,16,4,4,0
0,153,16,9,4,0
0,154,16,10,4,0
0,155,16,12,4,0
0,156,16,14,4,0
0,157,16,14,4,0
0,158,16,23,4,0
0,159,16,26,4,0
0,160,16,29,4,0
0,161,16,30,4,0
0,162,16,45,4,0
0,163,16,46,4,0
0,164,16,52,4,0
0,165,16,55,4,0
0,166,16,56,4,0
0,167,17,3,4,0
0,168,17,10,4,0
0,169,17,13,4,0
0,170,17,17,4,0
0,171,17,20,4,0
0,172,17,22,4,0
0,173,17,29,4,0
0,174,17,30,4,0
0,175,17,31,4,0
0,176,17,38,4,0
0,177,17,41,4,0
0,178,17,45,4,0
0,179,17,47,4,0
0,180,17,51,4,0
0,181,17,51,4,0
0,183,17,54,4,0
0,184,17,55,4,0
0,1,8,0,0,0
0,2,8,3,0,0
0,3,8,4,0,0
0,4,8,8,0,0
0,5,8,8,0,0
0,6,8,11,0,0
0,7,8,14,0,0
0,8,8,18,0,0
0,9,8,19,0,0
0,10,8,20,0,0
0,11,8,23,0,0
0,12,8,28,0,0
0,13,8,30,0,0
0,14,8,33,0,0
0,15,8,37,0,0
0,16,8,37,0,0
0,17,8,39,0,0
0,18,8,40,0,0
0,19,8,41,0,0
0,20,8,41,0,0
0,21,8,42,0,59
0,22,8,43,0,38
0,23,8,53,0,0
0,24,8,54,0,0
0,25,8,54,0,0
0,26,8,57,0,0
0,27,9,6,0,0
0,28,9,10,0,0
0,29,9,10,0,0
0,30,9,18,0,0
0,31,9,21,0,0
0,32,9,25,0,0
0,33,9,29,0,0
0,34,9,36,0,0
0,35,9,39,0,0
0,36,9,45,0,0
0,37,9,45,0,0
0,38,9,53,0,0
0,39,9,56,0,0
0,40,10,2,0,0
0,41,10,9,0,0
0,42,10,12,0,0
0,43,10,31,0,0
0,44,10,32,0,0
0,45,10,36,0,0
0,46,10,38,0,0
0,47,10,41,0,0
0,48,10,44,0,0
0,49,10,50,0,0
0,50,10,53,0,0
0,51,10,53,0,0
0,52,11,0,0,0
0,53,11,6,0,0
0,54,11,7,0,0
0,55,11,8,0,0
0,56,11,8,0,0
0,57,11,13,0,0
0,58,11,15,0,0
0,59,11,26,0,0
0,60,11,27,0,0
0,61,11,28,0,0
0,62,11,29,0,0
0,63,11,35,0,0
0,64,11,38,0,0
0,65,11,39,0,0
0,66,11,40,0,0
0,67,11,45,0,0
0,68,11,46,0,0
0,69,11,51,0,0
0,70,11,54,0,0
0,71,11,55,0,0
0,72,11,56,0,0
0,73,11,56,0,0
0,74,11,58,0,0
0,75,12,1,0,0
0,76,12,7,0,0
0,77,12,9,0,0
0,78,12,10,0,0
0,79,12,11,0,0
0,80,12,22,0,0
0,81,12,23,0,0
0,82,12,25,0,0
0,83,12,25,0,0
0,84,12,31,0,0
0,85,12,39,0,0
0,86,12,47,0,0
0,87,12,47,0,0
0,88,12,53,0,0
0,89,12,55,0,0
0,90,13,2,0,0
0,91,13,3,0,0
0,92,13,3,0,0
0,93,13,9,0,0
0,94,13,11,0,0
0,95,13,13,0,0
0,96,13,19,0,0
0,97,13,23,0,0
0,98,13,39,0,0
0,99,13,43,0,0
0,100,13,43,0,0
0,101,13,50,0,0
0,102,13,51,0,0
0,103,13,53,0,0
0,104,13,56,0,0
0,105,13,57,0,0
0,106,13,58,0,0
0,107,14,6,0,0
0,108,14,8,0,0
0,109,14,10,0,0
0,110,14,14,0,0
0,111,14,14,0,0
0,112,14,15,0,0
0,113,14,22,0,0
0,114,14,32,0,0
0,115,14,34,0,0
0,116,14,39,0,0
0,117,14,40,0,0
0,118,14,42,0,0
0,119,15,5,0,0
0,120,15,6,0,0
0,121,15,8,0,0
0,122,15,9,0,0
0,123,15,11,0,0
0,124,15,14,0,0
0,125,15,28,0,0
0,126,15,28,0,0
0,127,15,28,0,0
0,128,15,32,0,0
0,129,15,35,0,0
0,130,15,43,0,0
0,131,15,47,0,0
0,132,15,50,0,0
0,133,15,55,0,0
0,134,15,55,0,0
0,135,16,0,0,0
0,136,16,0,0,0
0,137,16,2,0,0
0,138,16,6,0,0
0,139,16,7,0,0
0,140,16,8,0,0
0,141,16,13,0,0
0,142,16,15,0,0
0,143,16,17,0,0
0,144,16,25,0,0
0,145,16,26,0,0
0,146,16,37,0,0
0,147,16,38,0,0
0,148,16,39,0,0
0,149,16,48,0,0
0,150,16,49,0,0
0,151,16,52,0,0
0,152,16,54,0,0
0,153,16,55,0,0
0,154,16,58,0,0
0,155,16,59,0,0
0,156,16,59,0,0
0,157,17,7,0,0
0,158,17,13,0,0
0,159,17,14,0,0
0,160,17,17,0,0
0,161,17,24,0,0
0,162,17,25,0,0
0,163,17,28,0,0
0,164,17,29,0,0
0,165,17,31,0,0
0,166,17,45,0,0
0,169,17,52,0,0
0,1,8,0,1,0
0,2,8,0,1,0
0,3,8,5,1,0
0,4,8,5,1,0
0,5,8,5,1,0
0,6,8,6,1,0
0,7,8,7,1,115
0,8,8,11,1,0
0,9,8,16,1,0
0,10,8,24,1,0
0,11,8,27,1,0
0,12,8,31,1,0
0,13,8,34,1,0
0,14,8,38,1,0
0,15,8,41,1,0
0,16,8,43,1,0
0,17,8,45,1,0
0,18,8,54,1,0
0,19,8,58,1,0
0,20,9,15,1,0
0,21,9,19,1,0
0,22,9,28,1,0
0,23,9,29,1,0
0,24,9,31,1,0
0,25,9,31,1,0
0,26,9,32,1,0
0,27,9,34,1,0
0,28,9,37,1,0
0,29,9,41,1,0
0,30,9,43,1,0
0,31,9,55,1,0
0,32,9,57,1,0
0,33,10,7,1,0
0,34,10,18,1,0
0,35,10,23,1,0
0,36,10,34,1,0
0,37,10,37,1,0
0,38,10,48,1,0
0,39,10,48,1,0
0,40,10,48,1,0
0,41,10,51,1,0
0,42,10,54,1,0
0,43,10,55,1,0
0,44,10,57,1,0
0,45,11,1,1,0
0,46,11,2,1,0
0,47,11,2,1,0
0,48,11,7,1,0
0,49,11,9,1,0
0,50,11,20,1,0
0,51,11,26,1,0
0,52,11,28,1,0
0,53,11,31,1,0
0,54,11,32,1,0
0,55,11,43,1,0
0,56,11,46,1,0
0,57,12,2,1,0
0,58,12,7,1,0
0,59,12,7,1,0
0,60,12,9,1,0
0,61,12,14,1,0
0,62,12,14,1,0
0,63,12,17,1,0
0,64,12,18,1,0
0,65,12,29,1,0
0,66,12,30,1,0
0,67,12,33,1,0
0,68,12,36,1,0
0,69,12,40,1,0
0,70,12,53,1,0
0,71,12,54,1,0
0,72,12,56,1,0
0,73,12,57,1,106
0,74,13,1,1,0
0,75,13,2,1,0
0,76,13,2,1,0
0,77,13,3,1,0
0,78,13,12,1,0
0,79,13,12,1,0
0,80,13,16,1,0
0,81,13,18,1,0
0,82,13,20,1,0
0,83,13,24,1,0
0,84,13,26,1,0
0,85,13,28,1,0
0,86,13,28,1,0
0,87,13,32,1,8
0,88,13,36,1,0
0,89,13,37,1,0
0,90,13,48,1,0
0,91,13,52,1,0
0,92,13,59,1,0
0,93,14,4,1,0
0,94,14,9,1,0
0,95,14,19,1,0
0,96,14,21,1,0
0,97,14,25,1,0
0,98,14,26,1,0
0,99,14,39,1,0
0,100,14,41,1,0
0,101,14,47,1,0
0,102,14,49,1,0
0,103,14,50,1,0
0,104,14,53,1,0
0,105,15,8,1,0
0,106,15,12,1,0
0,107,15,20,1,0
0,108,15,24,1,0
0,109,15,25,1,0
0,110,15,28,1,0
0,111,15,35,1,0
0,112,15,42,1,0
0,113,15,50,1,0
0,114,15,52,1,0
0,115,15,56,1,0
0,116,16,2,1,0
0,117,16,8,1,0
0,118,16,12,1,0
0,119,16,13,1,0
0,120,16,23,1,0
0,121,16,24,1,0
0,122,16,25,1,0
0,123,16,26,1,0
0,124,16,29,1,0
0,125,16,34,1,0
0,126,16,34,1,0
0,127,16,35,1,0
0,128,16,38,1,0
0,129,16,42,1,0
0,130,16,47,1,0
0,131,16,51,1,0
0,132,16,53,1,0
0,133,16,56,1,0
0,134,17,3,1,0
0,135,17,4,1,0
0,136,17,4,1,0
0,137,17,8,1,0
0,138,17,11,1,0
0,139,17,14,1,0
0,140,17,14,1,0
0,141,17,15,1,0
0,142,17,17,1,0
0,143,17,19,1,0
0,144,17,23,1,0
0,145,17,23,1,22
0,146,17,31,1,0
0,147,17,32,1,0
0,148,17,34,1,0
0,149,17,44,1,0
0,150,17,52,1,0
0,151,17,53,1,0
0,1,8,0,2,0
0,2,8,4,2,0
0,3,8,15,2,0
0,4,8,18,2,0
0,5,8,19,2,0
0,6,8,21,2,0
0,7,8,25,2,0
0,8,8,31,2,0
0,9,8,34,2,0
0,10,8,39,2,0
0,11,8,44,2,0
0,12,8,49,2,0
0,13,8,53,2,0
0,14,8,55,2,0
0,15,8,56,2,0
0,16,8,59,2,0
0,17,9,8,2,0
0,18,9,8,2,0
0,19,9,8,2,0
0,20,9,12,2,2
0,21,9,15,2,0
0,22,9,18,2,0
0,23,9,20,2,0
0,24,9,26,2,0
0,25,9,33,2,0
0,26,9,37,2,0
0,27,9,40,2,0
0,28,9,45,2,0
0,29,9,49,2,0
0,30,9,53,2,0
0,31,9,55,2,0
0,32,9,56,2,0
0,34,9,57,2,0
0,33,9,57,2,0
0,35,9,58,2,47
1,36,9,58,2,147
0,37,10,7,2,0
0,38,10,7,2,0
0,39,10,8,2,0
0,40,10,9,2,0
0,41,10,11,2,0
0,42,10,12,2,0
0,43,10,14,2,32
0,44,10,18,2,0
0,45,10,19,2,0
0,46,10,26,2,0
0,47,10,29,2,0
0,48,10,33,2,0
0,49,10,43,2,0
0,50,10,48,2,0
0,51,10,51,2,0
0,52,10,55,2,0
0,53,10,56,2,0
0,54,10,58,2,0
0,55,11,5,2,0
0,56,11,6,2,0
0,57,11,10,2,0
0,58,11,11,2,0
0,59,11,13,2,0
0,60,11,19,2,0
0,61,11,22,2,0
0,62,11,22,2,0
0,63,11,25,2,0
0,64,11,33,2,0
0,65,11,34,2,0
0,66,11,37,2,0
0,67,11,42,2,0
0,68,11,47,2,0
0,69,11,48,2,0
0,70,11,51,2,0
0,71,11,53,2,0
0,72,12,1,2,0
0,73,12,1,2,0
0,74,12,2,2,0
0,75,12,7,2,0
0,76,12,12,2,0
0,77,12,14,2,0
0,78,12,14,2,0
0,79,12,16,2,0
0,80,12,29,2,0
0,81,12,31,2,0
0,82,12,35,2,0
0,83,12,45,2,0
0,84,12,45,2,0
0,85,12,49,2,0
0,86,12,49,2,0
0,87,12,51,2,0
0,88,12,55,2,0
0,89,12,56,2,0
0,90,13,8,2,0
0,91,13,14,2,0
0,92,13,18,2,0
0,93,13,37,2,0
0,94,13,37,2,0
0,95,13,40,2,0
0,96,13,43,2,0
0,97,13,50,2,0
0,98,13,50,2,0
0,99,13,51,2,0
0,100,13,51,2,0
0,101,13,52,2,0
0,102,13,52,2,0
0,103,13,57,2,0
0,104,13,57,2,99
1,105,13,58,2,90
0,106,14,4,2,10
0,107,14,5,2,0
0,108,14,7,2,0
0,109,14,10,2,0
0,110,14,11,2,0
0,111,14,14,2,0
0,112,14,19,2,0
0,113,14,35,2,0
0,114,14,42,2,0
0,115,14,48,2,0
0,116,14,49,2,0
0,117,14,52,2,0
0,118,14,54,2,0
0,119,14,59,2,0
0,120,15,0,2,0
0,121,15,3,2,0
0,122,15,5,2,0
0,123,15,7,2,0
0,124,15,8,2,0
0,125,15,12,2,0
0,126,15,12,2,242
1,127,15,14,2,246
1,128,15,16,2,168
0,129,15,33,2,0
0,130,15,42,2,0
0,131,15,42,2,0
0,132,15,45,2,0
0,133,15,50,2,0
0,134,15,52,2,0
0,135,15,53,2,0
0,136,15,55,2,0
0,137,15,58,2,0
0,138,15,58,2,0
0,139,16,1,2,0
0,140,16,4,2,0
0,141,16,8,2,0
0,142,16,10,2,0
0,143,16,12,2,0
0,144,16,17,2,0
0,145,16,21,2,0
0,146,16,25,2,0
0,147,16,39,2,0
0,148,16,39,2,0
0,149,16,39,2,0
0,150,16,48,2,0
0,151,16,56,2,0
0,152,16,58,2,0
0,153,17,0,2,0
0,154,17,2,2,0
0,155,17,3,2,0
0,156,17,4,2,0
0,157,17,10,2,0
0,158,17,12,2,0
0,159,17,12,2,0
0,160,17,13,2,88
0,161,17,17,2,0
0,162,17,17,2,0
0,163,17,19,2,0
0,164,17,20,2,3
0,165,17,21,2,0
0,166,17,21,2,0
0,167,17,23,2,0
0,168,17,27,2,0
0,169,17,30,2,0
0,170,17,34,2,0
0,171,17,34,2,0
0,172,17,35,2,0
0,173,17,37,2,0
0,174,17,40,2,0
0,175,17,41,2,0
0,176,17,42,2,0
0,177,17,44,2,0
0,178,17,47,2,0
0,1,8,0,3,0
0,2,8,3,3,0
0,3,8,5,3,0
0,4,8,8,3,0
0,5,8,9,3,0
0,6,8,21,3,0
0,7,8,24,3,0
0,8,8,37,3,0
0,9,8,38,3,0
0,10,8,47,3,0
0,11,8,48,3,0
0,12,8,49,3,0
0,13,8,50,3,0
0,14,8,52,3,0
0,15,8,53,3,0
0,16,9,3,3,0
0,17,9,5,3,0
0,18,9,10,3,0
0,19,9,11,3,0
0,20,9,13,3,27
0,21,9,14,3,42
0,22,9,21,3,0
0,23,9,24,3,0
0,24,9,30,3,0
0,25,9,31,3,0
0,26,9,40,3,0
0,27,9,43,3,0
0,28,9,52,3,0
0,29,9,54,3,0
0,30,9,55,3,0
0,31,9,57,3,0
0,32,9,59,3,0
0,33,10,2,3,0
0,34,10,4,3,0
0,35,10,5,3,0
0,36,10,10,3,0
0,37,10,13,3,96
0,38,10,21,3,0
0,39,10,30,3,0
0,40,10,31,3,0
0,41,10,33,3,0
0,42,10,35,3,0
0,43,10,40,3,0
0,44,10,45,3,0
0,45,10,47,3,0
0,46,10,52,3,0
0,47,10,53,3,0
0,48,10,56,3,0
0,49,11,4,3,0
0,50,11,9,3,0
0,51,11,21,3,0
0,52,11,23,3,0
0,53,11,24,3,0
0,54,11,27,3,0
0,55,11,31,3,0
0,56,11,34,3,0
0,57,11,35,3,0
0,58,11,44,3,0
0,59,11,55,3,0
0,60,11,56,3,0
0,61,11,57,3,0
0,62,12,0,3,0
0,63,12,3,3,0
0,64,12,5,3,0
0,65,12,6,3,0
0,66,12,15,3,0
0,67,12,16,3,0
0,68,12,16,3,0
0,69,12,19,3,0
0,70,12,22,3,0
0,71,12,27,3,0
0,72,12,27,3,0
0,73,12,36,3,0
0,74,12,36,3,0
0,75,12,36,3,0
0,76,12,38,3,0
0,77,12,39,3,15
0,78,12,39,3,11
0,79,12,41,3,0
0,80,12,45,3,0
0,81,12,46,3,0
0,82,12,49,3,0
0,83,12,53,3,0
0,84,12,54,3,0
0,85,13,0,3,0
0,86,13,2,3,0
0,87,13,3,3,0
0,88,13,5,3,23
0,89,13,7,3,0
0,90,13,9,3,46
0,91,13,17,3,0
0,92,13,22,3,0
0,93,13,34,3,0
0,94,13,34,3,0
0,95,13,36,3,0
0,96,13,39,3,0
0,97,13,52,3,0
0,98,14,1,3,0
0,99,14,2,3,0
0,100,14,2,3,0
0,101,14,2,3,0
0,102,14,7,3,0
0,103,14,10,3,0
0,104,14,12,3,0
0,105,14,15,3,0
0,106,14,19,3,0
0,107,14,22,3,0
0,108,14,23,3,0
0,109,14,26,3,0
0,110,14,33,3,0
0,111,14,33,3,0
0,112,14,43,3,0
0,113,14,49,3,0
0,114,14,50,3,0
0,115,14,52,3,0
0,116,15,4,3,0
0,117,15,7,3,0
0,118,15,10,3,0
0,119,15,11,3,0
0,120,15,15,3,0
0,121,15,19,3,0
0,122,15,20,3,0
0,123,15,23,3,0
0,124,15,27,3,0
0,125,15,30,3,0
0,126,15,32,3,0
0,127,15,36,3,0
0,128,15,36,3,0
0,129,15,36,3,0
0,130,15,40,3,0
0,131,15,41,3,105
1,132,15,41,3,89
0,133,15,44,3,18
0,134,15,45,3,0
0,135,15,45,3,17
0,136,15,49,3,0
0,137,15,53,3,0
0,138,16,3,3,0
0,139,16,8,3,0
0,140,16,15,3,0
0,141,16,19,3,0
0,142,16,24,3,0
0,143,16,28,3,0
0,144,16,28,3,0
0,145,16,31,3,0
0,146,16,31,3,0
0,147,16,38,3,0
0,148,16,40,3,0
0,149,16,41,3,0
0,150,16,46,3,0
0,151,16,47,3,0
0,152,16,49,3,0
0,153,16,51,3,0
0,154,16,53,3,0
0,155,16,53,3,26
0,156,16,55,3,0
0,157,16,56,3,0
0,158,16,56,3,212
1,159,16,57,3,163
0,160,17,1,3,123
1,161,17,2,3,184
1,162,17,4,3,69
0,163,17,10,3,0
0,164,17,11,3,0
0,165,17,12,3,0
0,166,17,18,3,0
0,167,17,23,3,0
0,168,17,27,3,0
0,169,17,30,3,0
0,170,17,37,3,0
0,171,17,37,3,0
0,172,17,39,3,0
0,174,17,40,3,0
0,175,17,40,3,0
0,176,17,47,3,0
0,177,17,51,3,0
0,1,8,0,4,0
0,2,8,0,4,0
0,3,8,0,4,0
0,4,8,4,4,0
0,5,8,12,4,0
0,6,8,12,4,0
0,7,8,13,4,0
0,8,8,13,4,0
0,9,8,20,4,0
0,10,8,21,4,0
0,11,8,27,4,0
0,12,8,36,4,0
0,13,8,45,4,0
0,14,8,51,4,0
0,15,8,58,4,0
0,16,8,59,4,0
0,17,9,1,4,0
0,18,9,6,4,0
0,19,9,7,4,0
0,20,9,9,4,0
0,21,9,20,4,0
0,22,9,26,4,0
0,23,9,27,4,0
0,24,9,28,4,0
0,25,9,30,4,0
0,26,9,36,4,0
0,27,9,37,4,0
0,28,9,42,4,0
0,29,9,42,4,0
0,30,9,44,4,0
0,31,9,49,4,0
0,32,9,52,4,0
0,33,9,52,4,0
0,34,9,57,4,0
0,35,9,57,4,0
0,36,10,2,4,0
0,37,10,5,4,0
0,38,10,9,4,0
0,39,10,10,4,0
0,40,10,14,4,0
0,41,10,15,4,0
0,42,10,17,4,0
0,43,10,27,4,0
0,44,10,29,4,0
0,45,10,30,4,0
0,46,10,32,4,0
0,47,10,32,4,0
0,48,10,37,4,0
0,49,10,41,4,0
0,50,10,52,4,0
0,51,10,58,4,0
0,52,10,59,4,0
0,53,11,0,4,0
0,54,11,2,4,0
0,55,11,3,4,0
0,56,11,6,4,0
0,57,11,16,4,0
0,58,11,19,4,0
0,59,11,29,4,0
0,60,11,30,4,0
0,61,11,30,4,0
0,62,11,32,4,0
0,63,11,36,4,0
0,64,11,43,4,0
0,65,11,49,4,0
0,66,11,59,4,0
0,67,12,1,4,0
0,68,12,2,4,0
0,69,12,8,4,0
0,70,12,22,4,0
0,71,12,25,4,0
0,72,12,27,4,0
0,73,12,35,4,0
0,74,12,36,4,0
0,75,12,37,4,0
0,76,12,39,4,0
0,77,12,52,4,0
0,78,12,56,4,0
0,79,12,56,4,0
0,80,12,57,4,0
0,81,13,4,4,0
0,82,13,10,4,0
0,83,13,11,4,0
0,84,13,11,4,0
0,85,13,20,4,0
0,86,13,21,4,0
0,87,13,35,4,0
0,88,13,37,4,0
0,89,13,41,4,0
0,90,13,53,4,0
0,91,14,0,4,0
0,92,14,1,4,0
0,93,14,2,4,0
0,94,14,4,4,0
0,95,14,8,4,0
0,96,14,10,4,0
0,97,14,12,4,0
0,98,14,13,4,0
0,99,14,13,4,0
0,100,14,18,4,0
0,101,14,19,4,0
0,102,14,19,4,0
0,103,14,28,4,0
0,104,14,30,4,0
0,105,14,31,4,0
0,106,14,40,4,0
0,107,14,40,4,0
0,108,14,40,4,0
0,109,15,3,4,0
0,110,15,5,4,0
0,111,15,6,4,0
0,112,15,16,4,0
0,113,15,19,4,0
0,114,15,20,4,0
0,115,15,20,4,0
0,116,15,20,4,70
0,117,15,23,4,0
0,118,15,26,4,0
0,119,15,30,4,0
0,120,15,36,4,0
0,121,15,36,4,0
0,122,15,47,4,0
0,123,15,48,4,0
0,124,15,48,4,0
0,125,15,50,4,0
0,126,15,51,4,0
0,127,16,14,4,0
0,128,16,14,4,0
0,129,16,23,4,0
0,130,16,25,4,0
0,131,16,27,4,0
0,132,16,31,4,0
0,133,16,32,4,0
0,134,16,35,4,0
0,135,16,35,4,0
0,136,16,41,4,0
0,137,16,42,4,0
0,138,16,44,4,0
0,139,16,45,4,0
0,140,16,46,4,0
0,141,16,46,4,17
0,142,17,15,4,0
0,143,17,17,4,0
0,144,17,21,4,0
0,145,17,21,4,0
0,146,17,28,4,0
0,147,17,30,4,0
0,148,17,33,4,0
0,149,17,35,4,0
0,150,17,37,4,0
0,151,17,41,4,0
0,152,17,46,4,0
0,153,17,47,4,0
0,154,17,49,4,0
0,155,17,49,4,0
0,156,17,49,4,0
0,157,17,51,4,0
0,158,17,54,4,0
0,1,8,0,0,0
0,2,8,12,0,0
0,3,8,32,0,0
0,4,8,32,0,0
0,5,8,37,0,0
0,6,8,38,0,0
0,7,8,38,0,0
0,8,8,39,0,0
0,9,8,41,0,0
0,10,8,43,0,0
0,11,8,44,0,0
0,12,8,48,0,0
0,13,8,49,0,0
0,14,8,50,0,0
0,15,8,52,0,0
0,16,8,55,0,0
0,17,9,0,0,0
0,18,9,2,0,0
0,19,9,3,0,0
0,20,9,11,0,0
0,21,9,13,0,0
0,22,9,26,0,0
0,23,9,35,0,0
0,24,9,36,0,0
0,25,9,39,0,0
0,26,9,41,0,0
0,27,9,44,0,0
0,28,9,45,0,0
0,29,9,54,0,0
0,30,9,55,0,0
0,31,10,19,0,0
0,32,10,21,0,0
0,33,10,24,0,0
0,34,10,26,0,0
0,35,10,27,0,0
0,36,10,30,0,0
0,37,10,36,0,0
0,38,10,43,0,0
0,39,10,56,0,0
0,40,10,58,0,0
0,41,11,12,0,0
0,42,11,15,0,0
0,43,11,23,0,0
0,44,11,24,0,0
0,45,11,28,0,0
0,46,11,28,0,0
0,47,11,45,0,0
0,48,11,45,0,0
0,49,11,56,0,0
0,50,11,56,0,0
0,51,12,0,0,0
0,52,12,3,0,0
0,53,12,20,0,0
0,54,12,20,0,0
0,55,12,24,0,0
0,56,12,26,0,0
0,57,12,28,0,0
0,58,12,29,0,0
0,59,12,30,0,0
0,60,12,34,0,0
0,61,12,36,0,0
0,62,12,38,0,0
0,63,12,38,0,27
0,64,12,45,0,0
0,65,12,46,0,0
0,66,12,47,0,0
0,67,12,49,0,0
0,68,12,51,0,0
0,69,12,57,0,0
0,70,12,58,0,0
0,71,13,0,0,0
0,72,13,1,0,0
0,73,13,1,0,0
0,74,13,7,0,0
0,75,13,10,0,0
0,76,13,14,0,0
0,77,13,19,0,0
0,78,13,27,0,0
0,79,13,34,0,0
0,80,13,39,0,0
0,81,13,48,0,0
0,82,14,7,0,0
0,83,14,16,0,0
0,84,14,20,0,0
0,85,14,21,0,0
0,86,14,32,0,0
0,87,14,33,0,0
0,88,14,36,0,0
0,89,14,37,0,0
0,90,14,37,0,181
1,91,14,38,0,145
2,92,14,38,0,206
0,93,14,45,0,0
0,94,14,51,0,0
0,95,14,53,0,0
0,96,14,55,0,0
0,97,15,2,0,0
0,98,15,5,0,0
0,99,15,9,0,0
0,100,15,9,0,0
0,101,15,11,0,0
0,102,15,13,0,0
0,103,15,22,0,0
0,104,15,24,0,0
0,105,15,27,0,0
0,106,15,29,0,0
0,107,15,35,0,0
0,108,15,40,0,0
0,109,15,45,0,0
0,110,15,45,0,0
0,111,15,45,0,0
0,112,15,49,0,0
0,113,15,51,0,0
0,114,15,54,0,0
0,115,15,56,0,0
0,116,15,59,0,0
0,117,16,2,0,0
0,118,16,2,0,0
0,119,16,3,0,0
0,120,16,9,0,0
0,121,16,10,0,0
0,122,16,13,0,0
0,123,16,17,0,0
0,124,16,18,0,0
0,125,16,19,0,0
0,126,16,35,0,0
0,127,16,37,0,0
0,128,16,37,0,0
0,129,16,39,0,0
0,130,16,40,0,0
0,131,16,45,0,0
0,132,16,47,0,0
0,133,16,53,0,0
0,134,17,1,0,0
0,135,17,4,0,0
0,136,17,11,0,0
0,137,17,12,0,0
0,138,17,17,0,0
0,139,17,18,0,0
0,140,17,22,0,0
0,141,17,28,0,0
0,142,17,31,0,0
0,143,17,35,0,0
0,144,17,35,0,0
0,145,17,35,0,0
0,146,17,39,0,0
0,147,17,39,0,75
1,148,17,40,0,51
0,149,17,44,0,0
0,150,17,46,0,0
0,151,17,47,0,0
0,152,17,52,0,0
0,1,8,0,1,0
0,2,8,4,1,0
0,3,8,5,1,0
0,4,8,12,1,0
0,5,8,12,1,0
0,6,8,14,1,0
0,7,8,15,1,0
0,8,8,16,1,0
0,9,8,18,1,0
0,10,8,22,1,0
0,11,8,23,1,0
0,12,8,27,1,0
0,13,8,32,1,0
0,14,8,41,1,0
0,15,8,46,1,0
0,16,8,49,1,0
0,17,8,50,1,0
0,18,8,52,1,0
0,19,8,53,1,0
0,20,8,54,1,0
0,21,8,58,1,0
0,22,8,59,1,0
0,23,9,1,1,0
0,24,9,1,1,0
0,25,9,3,1,0
0,26,9,7,1,0
0,27,9,12,1,0
0,28,9,16,1,0
0,29,9,17,1,0
0,30,9,19,1,0
0,31,9,20,1,0
0,32,9,21,1,0
0,33,9,23,1,0
0,34,9,31,1,0
0,35,9,40,1,0
0,36,9,46,1,0
0,37,9,56,1,0
0,38,10,3,1,0
0,39,10,4,1,0
0,40,10,4,1,0
0,41,10,7,1,0
0,42,10,9,1,0
0,43,10,10,1,0
0,44,10,10,1,0
0,45,10,14,1,0
0,46,10,14,1,0
0,47,10,18,1,0
0,48,10,22,1,0
0,49,10,27,1,0
0,50,10,29,1,0
0,51,10,30,1,0
0,52,10,30,1,54
0,53,10,39,1,0
0,54,10,41,1,0
0,55,10,45,1,0
0,56,10,47,1,0
0,57,10,51,1,0
0,58,10,55,1,0
0,59,10,58,1,0
0,60,11,1,1,0
0,61,11,3,1,0
0,62,11,4,1,0
0,63,11,21,1,0
0,64,11,24,1,0
0,65,11,30,1,0
0,66,11,36,1,0
0,67,11,40,1,0
0,68,11,41,1,0
0,69,11,45,1,0
0,70,11,58,1,0
0,71,12,2,1,0
0,72,12,4,1,0
0,73,12,9,1,0
0,74,12,13,1,0
0,75,12,16,1,0
0,76,12,18,1,0
0,77,12,19,1,0
0,78,12,22,1,0
0,79,12,23,1,0
0,80,12,27,1,0
0,81,12,34,1,0
0,82,12,38,1,0
0,83,12,38,1,0
0,84,12,42,1,0
0,85,12,42,1,0
0,86,12,45,1,0
0,87,12,53,1,0
0,88,13,0,1,0
0,89,13,5,1,0
0,90,13,8,1,0
0,91,13,9,1,0
0,92,13,11,1,0
0,93,13,12,1,0
0,94,13,17,1,0
0,95,13,18,1,0
0,96,13,19,1,0
0,97,13,23,1,0
0,98,13,24,1,0
0,99,13,25,1,399
1,100,13,25,1,430
2,101,13,26,1,422
3,102,13,27,1,401
0,103,13,41,1,0
0,104,13,49,1,0
0,105,13,55,1,0
0,106,14,1,1,0
0,107,14,5,1,0
0,108,14,10,1,0
0,109,14,12,1,0
0,110,14,20,1,0
0,111,14,22,1,0
0,112,14,22,1,0
0,113,14,23,1,0
0,114,14,24,1,0
0,115,14,26,1,0
0,116,14,26,1,0
0,117,14,28,1,0
0,118,14,30,1,0
0,119,14,32,1,0
0,120,14,32,1,0
0,121,14,37,1,0
0,122,14,48,1,0
0,123,14,51,1,0
0,124,14,52,1,0
0,125,14,52,1,0
0,126,14,52,1,12
0,127,14,57,1,0
0,128,14,57,1,0
0,129,14,59,1,0
0,130,15,1,1,0
0,131,15,6,1,0
0,132,15,24,1,0
0,133,15,26,1,0
0,134,15,27,1,0
0,135,15,27,1,0
0,136,15,30,1,0
0,137,15,39,1,0
0,138,15,41,1,0
0,139,15,42,1,0
0,140,15,57,1,0
0,141,16,4,1,0
0,142,16,16,1,0
0,143,16,20,1,0
0,144,16,20,1,0
0,145,16,30,1,0
0,146,16,33,1,0
0,147,16,34,1,0
0,148,16,35,1,0
0,149,16,38,1,0
0,150,16,42,1,0
0,151,16,45,1,0
0,152,16,46,1,0
0,153,16,46,1,0
0,154,16,55,1,0
0,155,17,0,1,0
0,156,17,0,1,0
0,157,17,0,1,0
0,158,17,2,1,34
0,159,17,4,1,0
0,160,17,7,1,0
0,161,17,10,1,0
0,162,17,16,1,0
0,163,17,17,1,0
0,164,17,28,1,0
0,165,17,28,1,0
0,166,17,47,1,0
0,167,17,49,1,0
0,168,17,50,1,0
0,169,17,50,1,0
0,1,8,0,2,0
0,2,8,0,2,0
0,3,8,2,2,0
0,4,8,6,2,0
0,5,8,9,2,0
0,6,8,11,2,0
0,7,8,12,2,0
0,8,8,24,2,0
0,9,8,25,2,0
0,10,8,25,2,0
0,11,8,39,2,0
0,12,8,52,2,0
0,13,8,56,2,0
0,14,8,59,2,0
0,15,9,2,2,0
0,16,9,3,2,0
0,17,9,6,2,0
0,18,9,7,2,0
0,19,9,7,2,19
0,20,9,9,2,0
0,21,9,19,2,0
0,22,9,29,2,0
0,23,9,37,2,0
0,24,9,37,2,0
0,25,9,39,2,0
0,26,9,47,2,0
0,27,9,49,2,0
0,28,9,56,2,0
0,29,10,2,2,0
0,30,10,12,2,0
0,31,10,12,2,0
0,32,10,15,2,0
0,33,10,20,2,0
0,34,10,21,2,0
0,35,10,26,2,0
0,36,10,26,2,0
0,37,10,28,2,0
0,38,10,32,2,0
0,39,10,32,2,0
0,40,10,33,2,0
0,41,10,34,2,0
0,42,10,36,2,0
0,43,10,37,2,0
0,44,10,43,2,0
0,45,10,48,2,0
0,46,10,50,2,0
0,47,10,53,2,0
0,48,10,55,2,0
0,49,10,55,2,0
0,50,10,58,2,30
0,51,11,1,2,65
0,52,11,2,2,0
0,53,11,2,2,29
0,54,11,3,2,145
0,55,11,9,2,0
0,56,11,14,2,0
0,57,11,16,2,0
0,58,11,19,2,0
0,59,11,24,2,0
0,60,11,25,2,0
0,61,11,31,2,0
0,62,11,35,2,0
0,63,11,40,2,0
0,64,11,42,2,0
0,65,11,54,2,0
0,66,11,57,2,0
0,67,11,58,2,0
0,68,12,1,2,0
0,69,12,6,2,0
0,70,12,7,2,0
0,71,12,11,2,0
0,72,12,14,2,0
0,73,12,21,2,0
0,74,12,22,2,0
0,75,12,38,2,0
0,76,12,38,2,0
0,77,12,38,2,0
0,78,12,43,2,0
0,79,12,44,2,0
0,80,12,47,2,0
0,81,12,58,2,0
0,82,12,59,2,0
0,83,13,2,2,0
0,84,13,9,2,0
0,85,13,11,2,0
0,86,13,12,2,0
0,87,13,15,2,0
0,88,13,24,2,0
0,89,13,41,2,0
0,90,13,43,2,0
0,91,13,48,2,0
0,92,13,48,2,0
0,93,13,49,2,0
0,94,13,50,2,0
0,95,13,52,2,0
0,96,13,56,2,0
0,97,13,57,2,0
0,98,13,58,2,0
0,99,14,6,2,0
0,100,14,7,2,0
0,101,14,9,2,0
0,102,14,14,2,0
0,103,14,20,2,0
0,104,14,23,2,0
0,105,14,27,2,0
0,106,14,28,2,0
0,107,14,29,2,0
0,108,14,39,2,0
0,109,14,41,2,0
0,110,14,43,2,0
0,111,14,46,2,0
0,112,14,46,2,0
0,113,14,50,2,24
0,114,14,55,2,0
0,115,14,59,2,0
0,116,14,59,2,0
0,117,15,1,2,17
0,118,15,4,2,0
0,119,15,5,2,0
0,120,15,14,2,0
0,121,15,15,2,0
0,122,15,16,2,0
0,123,15,22,2,0
0,124,15,25,2,0
0,125,15,28,2,0
0,126,15,36,2,0
0,127,15,43,2,0
0,128,15,44,2,0
0,129,15,46,2,0
0,130,15,48,2,0
0,131,15,52,2,0
0,132,15,54,2,0
0,133,15,54,2,0
0,134,15,58,2,0
0,135,16,4,2,0
0,136,16,5,2,0
0,137,16,5,2,0
0,138,16,6,2,0
0,139,16,13,2,0
0,140,16,15,2,0
0,141,16,21,2,0
0,142,16,27,2,0
0,143,16,28,2,0
0,144,16,29,2,0
0,145,16,32,2,0
0,146,16,33,2,0
0,147,16,38,2,0
0,148,16,52,2,0
0,149,17,1,2,0
0,150,17,3,2,0
0,151,17,4,2,0
0,152,17,5,2,0
0,153,17,20,2,0
0,154,17,23,2,0
0,155,17,23,2,0
0,156,17,28,2,0
0,157,17,28,2,0
0,158,17,35,2,0
0,159,17,40,2,0
0,160,17,42,2,0
0,161,17,45,2,0
0,164,17,51,2,9
0,165,17,52,2,57
0,167,17,58,2,0
0,1,8,0,3,0
0,2,8,1,3,0
0,3,8,7,3,0
0,4,8,9,3,0
0,5,8,15,3,0
0,6,8,17,3,0
0,7,8,22,3,0
0,8,8,22,3,0
0,9,8,22,3,0
0,10,8,26,3,0
0,11,8,31,3,0
0,12,8,32,3,0
0,13,8,34,3,0
0,14,8,38,3,0
0,15,8,40,3,0
0,16,8,45,3,0
0,17,8,45,3,0
0,18,8,52,3,0
0,19,8,55,3,0
0,20,8,55,3,0
0,21,8,56,3,0
0,22,9,7,3,0
0,23,9,10,3,0
0,24,9,10,3,0
0,25,9,22,3,0
0,26,9,30,3,0
0,27,9,31,3,0
0,28,9,35,3,0
0,29,9,36,3,0
0,30,9,39,3,0
0,31,9,41,3,0
0,32,9,43,3,0
0,33,9,46,3,0
0,34,9,48,3,0
0,35,9,49,3,0
0,36,9,50,3,0
0,37,9,50,3,84
0,38,9,53,3,0
0,39,9,57,3,0
0,40,9,57,3,0
0,41,9,57,3,165
0,42,10,2,3,0
0,43,10,17,3,0
0,44,10,19,3,0
0,45,10,20,3,0
0,46,10,28,3,0
0,47,10,31,3,0
0,48,10,34,3,0
0,49,10,34,3,0
0,50,10,37,3,0
0,51,10,38,3,0
0,52,10,41,3,0
0,53,10,46,3,0
0,54,10,49,3,0
0,55,10,56,3,0
0,56,11,1,3,0
0,57,11,10,3,0
0,58,11,11,3,0
0,59,11,22,3,0
0,60,11,22,3,0
0,61,11,23,3,0
0,62,11,24,3,0
0,63,11,29,3,0
0,64,11,36,3,0
0,65,11,40,3,0
0,66,11,42,3,0
0,67,11,44,3,0
0,68,11,48,3,0
0,69,11,49,3,0
0,70,11,50,3,43
0,71,11,55,3,0
0,72,12,1,3,0
0,73,12,11,3,0
0,74,12,16,3,0
0,75,12,24,3,0
0,76,12,48,3,0
0,77,12,52,3,0
0,78,13,1,3,0
0,79,13,6,3,0
0,80,13,7,3,0
0,81,13,17,3,0
0,82,13,21,3,0
0,83,13,22,3,0
0,84,13,25,3,0
0,85,13,29,3,0
0,86,13,30,3,0
0,87,13,33,3,0
0,88,13,38,3,0
0,89,13,47,3,0
0,90,13,50,3,0
0,91,13,52,3,0
0,92,14,17,3,0
0,93,14,19,3,0
0,94,14,25,3,0
0,95,14,26,3,0
0,96,14,28,3,0
0,97,14,33,3,0
0,98,14,39,3,0
0,99,14,41,3,0
0,100,14,42,3,0
0,101,14,46,3,0
0,102,14,47,3,0
0,103,14,48,3,0
0,104,14,51,3,0
0,105,14,54,3,100
0,106,15,1,3,0
0,107,15,8,3,0
0,108,15,8,3,0
0,109,15,9,3,0
0,110,15,9,3,0
0,111,15,10,3,0
0,112,15,12,3,135
0,113,15,15,3,20
0,114,15,16,3,0
0,115,15,20,3,0
0,116,15,20,3,198
1,117,15,22,3,201
1,118,15,25,3,79
1,119,15,25,3,107
0,120,15,32,3,0
0,121,15,51,3,0
0,122,15,51,3,0
0,123,15,56,3,0
0,124,15,56,3,0
0,125,16,5,3,0
0,126,16,8,3,0
0,127,16,9,3,0
0,128,16,12,3,0
0,129,16,29,3,0
0,130,16,29,3,0
0,131,16,30,3,0
0,132,16,31,3,0
0,133,16,32,3,0
0,134,16,33,3,0
0,135,16,53,3,0
0,136,16,56,3,0
0,137,17,0,3,0
0,138,17,0,3,0
0,139,17,0,3,0
0,140,17,6,3,0
0,141,17,12,3,0
0,142,17,14,3,0
0,143,17,18,3,0
0,144,17,19,3,0
0,145,17,23,3,0
0,146,17,24,3,0
0,147,17,28,3,0
0,148,17,31,3,0
0,149,17,37,3,0
0,150,17,37,3,0
0,151,17,40,3,0
0,152,17,42,3,0
0,153,17,46,3,0
0,154,17,48,3,0
0,1,8,0,4,0
0,2,8,2,4,0
0,3,8,7,4,0
0,4,8,8,4,0
0,5,8,12,4,0
0,6,8,19,4,0
0,7,8,29,4,0
0,8,8,31,4,0
0,9,8,31,4,0
0,10,8,32,4,0
0,11,8,33,4,0
0,12,8,34,4,0
0,13,8,37,4,0
0,14,8,40,4,0
0,15,8,44,4,0
0,16,8,46,4,0
0,17,8,46,4,0
0,18,8,50,4,0
0,19,9,5,4,0
0,20,9,5,4,0
0,21,9,9,4,0
0,22,9,11,4,0
0,23,9,15,4,0
0,24,9,18,4,0
0,25,9,19,4,0
0,26,9,19,4,0
0,27,9,26,4,0
0,28,9,26,4,0
0,29,9,31,4,0
0,30,9,38,4,0
0,31,9,39,4,0
0,32,9,52,4,0
0,33,9,53,4,0
0,34,9,53,4,0
0,35,9,54,4,0
0,36,9,55,4,0
0,37,10,2,4,0
0,38,10,5,4,0
0,39,10,10,4,0
0,40,10,12,4,0
0,41,10,16,4,0
0,42,10,19,4,0
0,43,10,22,4,0
0,44,10,25,4,0
0,45,10,25,4,0
0,46,10,29,4,0
0,47,10,33,4,0
0,48,10,39,4,0
0,49,10,41,4,0
0,50,10,45,4,0
0,51,10,46,4,0
0,52,10,48,4,0
0,53,10,50,4,0
0,54,10,56,4,0
0,55,11,0,4,0
0,56,11,0,4,0
0,57,11,10,4,0
0,58,11,10,4,0
0,59,11,13,4,0
0,60,11,14,4,0
0,61,11,20,4,0
0,62,11,21,4,0
0,63,11,22,4,0
0,64,11,23,4,0
0,65,11,26,4,0
0,66,11,29,4,0
0,67,11,33,4,0
0,68,11,34,4,0
0,69,11,36,4,0
0,70,11,40,4,0
0,71,11,49,4,0
0,72,11,52,4,0
0,73,11,55,4,0
0,74,11,58,4,0
0,75,11,59,4,0
0,76,12,0,4,0
0,77,12,0,4,34
0,78,12,2,4,0
0,79,12,4,4,0
0,80,12,4,4,0
0,81,12,5,4,0
0,82,12,7,4,0
0,83,12,12,4,0
0,84,12,12,4,0
0,85,12,18,4,0
0,86,12,18,4,0
0,87,12,18,4,0
0,88,12,20,4,0
0,89,12,25,4,0
0,90,12,27,4,0
0,91,12,29,4,0
0,92,12,32,4,0
0,93,12,33,4,46
0,94,12,35,4,227
1,95,12,36,4,193
2,96,12,37,4,144
3,97,12,39,4,148
1,98,12,40,4,353
1,99,12,41,4,269
2,100,12,46,4,189
1,101,12,47,4,139
2,102,12,49,4,110
0,103,13,2,4,0
0,104,13,10,4,0
0,105,13,17,4,0
0,106,13,21,4,0
0,107,13,34,4,0
0,108,13,34,4,0
0,109,13,42,4,0
0,110,13,44,4,0
0,111,13,51,4,0
0,112,13,56,4,0
0,113,13,57,4,0
0,114,13,59,4,0
0,115,14,0,4,0
0,116,14,1,4,0
0,117,14,11,4,0
0,118,14,11,4,0
0,119,14,13,4,0
0,120,14,13,4,0
0,121,14,14,4,32
0,122,14,17,4,0
0,123,14,19,4,0
0,124,14,21,4,0
0,125,14,24,4,0
0,126,14,25,4,0
0,127,14,30,4,0
0,128,14,32,4,0
0,129,14,33,4,0
0,130,14,35,4,0
0,131,14,36,4,0
0,132,14,51,4,0
0,133,14,55,4,0
0,134,15,0,4,0
0,135,15,0,4,0
0,136,15,8,4,0
0,137,15,10,4,0
0,138,15,13,4,0
0,139,15,17,4,0
0,140,15,25,4,0
0,141,15,26,4,0
0,142,15,29,4,0
0,143,15,30,4,0
0,144,15,31,4,0
0,145,15,37,4,0
0,146,15,38,4,0
0,147,15,39,4,0
0,148,15,39,4,22
0,149,15,42,4,0
0,150,15,43,4,0
0,151,15,45,4,0
0,152,15,48,4,0
0,153,15,50,4,0
0,154,15,52,4,0
0,155,15,54,4,0
0,156,15,59,4,0
0,157,16,12,4,0
0,158,16,13,4,0
0,159,16,13,4,0
0,160,16,14,4,0
0,161,16,20,4,0
0,162,16,22,4,0
0,163,16,34,4,0
0,164,16,35,4,0
0,165,16,43,4,0
0,166,16,51,4,0
0,167,16,51,4,0
0,168,16,52,4,0
0,169,16,53,4,0
0,170,16,53,4,0
0,171,17,2,4,0
0,172,17,4,4,0
0,173,17,10,4,0
0,174,17,12,4,0
0,175,17,16,4,0
0,176,17,20,4,0
0,177,17,26,4,0
0,178,17,37,4,0
0,179,17,43,4,0
0,180,17,45,4,0
0,181,17,48,4,0
0,183,17,57,4,0
0,1,8,0,0,0
0,2,8,4,0,0
0,3,8,14,0,0
0,4,8,22,0,0
0,5,8,24,0,0
0,6,8,27,0,0
0,7,8,31,0,0
0,8,8,45,0,0
0,9,8,46,0,0
0,10,8,50,0,0
0,11,8,51,0,0
0,12,8,52,0,0
0,13,8,52,0,0
0,14,8,53,0,0
0,15,8,58,0,0
0,16,9,9,0,0
0,17,9,12,0,0
0,18,9,14,0,0
0,19,9,22,0,0
0,20,9,26,0,0
0,21,9,27,0,0
0,22,9,32,0,0
0,23,9,33,0,0
0,24,9,33,0,0
0,25,9,35,0,0
0,26,9,37,0,0
0,27,9,41,0,0
0,28,9,42,0,0
0,29,9,48,0,0
0,30,9,55,0,0
0,31,9,56,0,0
0,32,9,57,0,0
0,33,10,4,0,0
0,34,10,5,0,0
0,35,10,6,0,0
0,36,10,15,0,0
0,37,10,18,0,0
0,38,10,18,0,0
0,39,10,18,0,0
0,40,10,20,0,0
0,41,10,29,0,0
0,42,10,44,0,0
0,43,10,46,0,0
0,44,10,55,0,0
0,45,10,56,0,0
0,46,10,57,0,0
0,47,11,1,0,0
0,48,11,6,0,0
0,49,11,11,0,0
0,50,11,12,0,0
0,51,11,17,0,0
0,52,11,19,0,0
0,53,11,22,0,0
0,54,11,23,0,0
0,55,11,26,0,0
0,56,11,27,0,0
0,57,11,34,0,0
0,58,11,44,0,0
0,59,11,51,0,0
0,60,12,1,0,0
0,61,12,2,0,0
0,62,12,6,0,0
0,63,12,7,0,0
0,64,12,13,0,0
0,65,12,16,0,0
0,66,12,20,0,0
0,67,12,26,0,0
0,68,12,28,0,0
0,69,12,31,0,0
0,70,12,32,0,0
0,71,12,42,0,0
0,72,12,45,0,0
0,73,12,51,0,0
0,74,12,51,0,0
0,75,12,55,0,0
0,76,12,56,0,0
0,77,12,58,0,0
0,78,13,0,0,0
0,79,13,1,0,0
0,80,13,2,0,0
0,81,13,9,0,0
0,82,13,17,0,0
0,83,13,18,0,0
0,84,13,19,0,0
0,85,13,20,0,0
0,86,13,24,0,0
0,87,13,25,0,0
0,88,13,34,0,0
0,89,13,35,0,0
0,90,13,37,0,0
0,91,13,42,0,0
0,92,13,44,0,0
0,93,13,48,0,0
0,94,13,54,0,0
0,95,13,54,0,0
0,96,14,2,0,0
0,97,14,2,0,0
0,98,14,4,0,0
0,99,14,10,0,0
0,100,14,13,0,0
0,101,14,14,0,0
0,102,14,16,0,0
0,103,14,17,0,0
0,104,14,20,0,0
0,105,14,29,0,0
0,106,14,37,0,0
0,107,14,40,0,0
0,108,14,40,0,0
0,109,14,51,0,0
0,110,14,53,0,0
0,111,14,53,0,0
0,112,14,54,0,0
0,113,14,54,0,0
0,114,14,55,0,0
0,115,14,57,0,0
0,116,14,59,0,0
0,117,15,7,0,0
0,118,15,9,0,0
0,119,15,11,0,0
0,120,15,12,0,0
0,121,15,23,0,0
0,122,15,26,0,0
0,123,15,27,0,0
0,124,15,27,0,0
0,125,15,29,0,0
0,126,15,30,0,20
0,127,15,33,0,0
0,128,15,36,0,0
0,129,15,38,0,0
0,130,15,45,0,0
0,131,15,50,0,0
0,132,15,55,0,0
0,133,15,58,0,0
0,134,15,58,0,0
0,135,16,1,0,0
0,136,16,4,0,0
0,137,16,4,0,0
0,138,16,4,0,136
0,139,16,15,0,0
0,140,16,15,0,0
0,141,16,17,0,0
0,142,16,20,0,0
0,143,16,28,0,0
0,144,16,29,0,0
0,145,16,30,0,0
0,146,16,31,0,0
0,147,16,34,0,0
0,148,16,38,0,0
0,149,16,43,0,0
0,150,16,45,0,0
0,151,16,46,0,0
0,152,16,48,0,0
0,153,16,54,0,0
0,154,16,56,0,0
0,155,16,59,0,0
0,156,17,4,0,0
0,157,17,5,0,0
0,158,17,6,0,0
0,159,17,7,0,0
0,160,17,7,0,0
0,161,17,16,0,0
0,162,17,19,0,0
0,163,17,26,0,0
0,164,17,26,0,0
0,165,17,29,0,0
0,166,17,30,0,0
0,167,17,31,0,0
0,169,17,45,0,0
0,170,17,47,0,0
0,171,17,53,0,0
0,173,17,54,0,0
0,1,8,0,1,0
0,2,8,3,1,0
0,3,8,15,1,0
0,4,8,22,1,0
0,5,8,23,1,0
0,6,8,34,1,0
0,7,8,37,1,0
0,8,8,39,1,0
0,9,8,40,1,0
0,10,8,42,1,0
0,11,8,43,1,0
0,12,8,49,1,0
0,13,8,55,1,0
0,14,8,55,1,0
0,15,8,55,1,0
0,16,8,57,1,0
0,17,8,58,1,0
0,18,9,3,1,0
0,19,9,7,1,0
0,20,9,16,1,0
0,21,9,19,1,0
0,22,9,20,1,0
0,23,9,24,1,0
0,24,9,25,1,0
0,25,9,30,1,0
0,26,9,30,1,0
0,27,9,36,1,0
0,28,9,43,1,0
0,29,9,46,1,0
0,30,9,49,1,0
0,31,9,53,1,0
0,32,9,54,1,0
0,33,9,54,1,0
0,34,9,56,1,0
0,35,9,58,1,0
0,36,10,0,1,0
0,37,10,1,1,0
0,38,10,2,1,0
0,39,10,4,1,0
0,40,10,8,1,0
0,41,10,10,1,0
0,42,10,11,1,0
0,43,10,12,1,0
0,44,10,13,1,0
0,45,10,15,1,24
0,46,10,29,1,0
0,47,10,30,1,0
0,48,10,32,1,0
0,49,10,34,1,0
0,50,10,44,1,0
0,51,10,57,1,0
0,52,10,59,1,0
0,53,11,2,1,0
0,54,11,10,1,0
0,55,11,11,1,0
0,56,11,14,1,0
0,57,11,18,1,0
0,58,11,24,1,0
0,59,11,34,1,0
0,60,11,37,1,0
0,61,11,39,1,0
0,62,11,40,1,0
0,63,11,41,1,0
0,64,11,50,1,0
0,65,11,50,1,0
0,66,11,51,1,0
0,67,11,51,1,0
0,68,11,52,1,81
0,69,11,53,1,115
1,70,11,54,1,161
0,71,11,58,1,23
0,72,11,59,1,72
1,73,12,0,1,17
0,74,12,3,1,0
0,75,12,4,1,0
0,76,12,12,1,0
0,77,12,13,1,0
0,78,12,15,1,0
0,79,12,16,1,0
0,80,12,18,1,0
0,81,12,21,1,0
0,82,12,22,1,0
0,83,12,31,1,0
0,84,12,32,1,0
0,85,12,35,1,0
0,86,12,40,1,0
0,87,12,45,1,0
0,88,12,50,1,0
0,89,12,57,1,0
0,90,13,1,1,0
0,91,13,8,1,0
0,92,13,11,1,0
0,93,13,12,1,0
0,94,13,14,1,0
0,95,13,19,1,0
0,96,13,20,1,0
0,97,13,24,1,0
0,98,13,26,1,0
0,99,13,37,1,0
0,100,13,41,1,0
0,101,13,41,1,0
0,102,13,43,1,0
0,103,13,47,1,0
0,104,13,47,1,0
0,105,13,48,1,0
0,106,13,54,1,0
0,107,14,7,1,0
0,108,14,9,1,0
0,109,14,12,1,0
0,110,14,14,1,0
0,111,14,18,1,0
0,112,14,22,1,0
0,113,14,25,1,0
0,114,14,25,1,0
0,115,14,32,1,0
0,116,14,35,1,0
0,117,14,39,1,0
0,118,14,43,1,0
0,119,14,45,1,0
0,120,14,52,1,0
0,121,14,56,1,0
0,122,14,59,1,0
0,123,15,0,1,0
0,124,15,18,1,0
0,125,15,19,1,0
0,126,15,24,1,0
0,127,15,25,1,0
0,128,15,25,1,8
0,129,15,30,1,0
0,130,15,31,1,0
0,131,15,32,1,0
0,132,15,32,1,0
0,133,15,33,1,0
0,134,15,33,1,87
1,135,15,33,1,85
2,136,15,34,1,332
3,137,15,34,1,688
1,138,15,40,1,376
2,139,15,44,1,257
2,140,15,46,1,137
0,141,15,49,1,0
0,142,15,51,1,28
0,143,15,51,1,0
0,144,15,52,1,0
0,145,15,57,1,0
0,146,16,2,1,0
0,147,16,2,1,30
1,148,16,2,1,152
0,149,16,7,1,69
1,150,16,7,1,321
1,151,16,10,1,168
0,152,16,16,1,0
0,153,16,19,1,0
0,154,16,20,1,30
1,155,16,20,1,96
0,156,16,23,1,0
0,157,16,27,1,0
0,158,16,33,1,0
0,159,16,46,1,0
0,160,17,0,1,0
0,161,17,1,1,0
0,162,17,2,1,0
0,163,17,3,1,0
0,164,17,14,1,0
0,165,17,19,1,0
0,166,17,20,1,0
0,167,17,21,1,0
0,168,17,27,1,0
0,170,17,40,1,0
0,171,17,45,1,0
0,172,17,50,1,0
0,173,17,57,1,0
0,1,8,0,2,0
0,2,8,11,2,0
0,3,8,12,2,0
0,4,8,15,2,0
0,5,8,18,2,0
0,6,8,18,2,0
0,7,8,19,2,0
0,8,8,20,2,54
1,9,8,20,2,25
0,10,8,24,2,0
0,11,8,24,2,28
0,12,8,31,2,0
0,13,8,31,2,0
0,14,8,36,2,0
0,15,8,38,2,0
0,16,8,38,2,0
0,17,8,46,2,0
0,18,8,55,2,0
0,19,8,58,2,0
0,20,9,1,2,0
0,21,9,3,2,0
0,22,9,6,2,0
0,23,9,9,2,0
0,24,9,9,2,0
0,25,9,10,2,0
0,26,9,11,2,0
0,27,9,12,2,1
0,28,9,20,2,0
0,29,9,22,2,0
0,30,9,29,2,0
0,31,9,30,2,0
0,32,9,38,2,0
0,33,9,42,2,0
0,34,9,45,2,0
0,35,9,45,2,0
0,36,9,48,2,0
0,37,9,48,2,0
0,38,9,50,2,0
0,39,9,51,2,31
0,40,9,53,2,0
0,41,10,3,2,0
0,42,10,4,2,0
0,43,10,6,2,0
0,44,10,6,2,0
0,45,10,13,2,0
0,46,10,20,2,0
0,47,10,24,2,0
0,48,10,29,2,0
0,49,10,30,2,0
0,50,10,32,2,0
0,51,10,34,2,0
0,52,10,35,2,0
0,53,10,38,2,0
0,54,10,40,2,0
0,55,10,45,2,0
0,56,10,46,2,0
0,57,10,48,2,0
0,58,10,55,2,0
0,59,10,56,2,0
0,60,11,0,2,0
0,61,11,1,2,0
0,62,11,12,2,0
0,63,11,12,2,0
0,64,11,24,2,0
0,65,11,26,2,0
0,66,11,28,2,0
0,67,11,41,2,0
0,68,11,50,2,0
0,69,11,52,2,0
0,70,11,55,2,0
0,71,11,56,2,0
0,72,12,2,2,0
0,73,12,8,2,0
0,74,12,9,2,0
0,75,12,10,2,0
0,76,12,12,2,0
0,77,12,18,2,0
0,78,12,20,2,0
0,79,12,28,2,0
0,80,12,29,2,0
0,81,12,33,2,0
0,82,12,36,2,0
0,83,12,38,2,0
0,84,12,43,2,0
0,85,12,45,2,0
0,86,12,46,2,0
0,87,12,51,2,0
0,88,12,54,2,0
0,89,12,58,2,0
0,90,13,0,2,0
0,91,13,4,2,0
0,92,13,5,2,0
0,93,13,5,2,0
0,94,13,6,2,0
0,95,13,7,2,0
0,96,13,9,2,0
0,97,13,13,2,0
0,98,13,14,2,0
0,99,13,25,2,0
0,100,13,27,2,0
0,101,13,27,2,0
0,102,13,34,2,0
0,103,13,38,2,0
0,104,13,56,2,0
0,105,13,58,2,0
0,106,13,58,2,0
0,107,14,3,2,0
0,108,14,5,2,0
0,109,14,6,2,0
0,110,14,8,2,0
0,111,14,12,2,0
0,112,14,12,2,0
0,113,14,14,2,0
0,114,14,23,2,0
0,115,14,23,2,0
0,116,14,27,2,0
0,117,14,30,2,0
0,118,14,31,2,0
0,119,14,34,2,0
0,120,14,36,2,0
0,121,14,37,2,0
0,122,14,40,2,0
0,123,14,44,2,0
0,124,14,56,2,0
0,125,14,57,2,0
0,126,15,2,2,0
0,127,15,5,2,0
0,128,15,6,2,0
0,129,15,7,2,0
0,130,15,16,2,0
0,131,15,17,2,0
0,132,15,23,2,0
0,133,15,27,2,0
0,134,15,29,2,0
0,135,15,33,2,0
0,136,15,34,2,159
1,137,15,36,2,19
0,138,15,37,2,0
0,139,15,38,2,0
0,140,15,45,2,0
0,141,15,47,2,0
0,142,15,51,2,0
0,143,15,55,2,137
1,144,15,57,2,66
0,145,15,58,2,20
1,146,15,58,2,73
0,147,16,1,2,0
0,148,16,3,2,0
0,149,16,10,2,0
0,150,16,12,2,0
0,151,16,12,2,0
0,152,16,12,2,0
0,153,16,17,2,0
0,154,16,22,2,0
0,155,16,23,2,0
0,156,16,24,2,0
0,157,16,27,2,0
0,158,16,29,2,0
0,159,16,32,2,0
0,160,16,34,2,0
0,161,16,39,2,0
0,162,16,43,2,0
0,163,16,44,2,0
0,164,16,44,2,0
0,165,16,46,2,0
0,166,16,53,2,0
0,167,16,55,2,0
0,168,16,56,2,0
0,169,16,57,2,0
0,170,16,59,2,0
0,171,17,3,2,0
0,172,17,14,2,0
0,173,17,14,2,0
0,174,17,20,2,0
0,175,17,22,2,0
0,176,17,22,2,0
0,177,17,28,2,0
0,178,17,44,2,0
0,179,17,47,2,0
0,180,17,48,2,0
0,181,17,48,2,0
0,182,17,49,2,0
0,1,8,0,3,0
0,2,8,7,3,0
0,3,8,8,3,0
0,4,8,21,3,0
0,5,8,23,3,0
0,6,8,25,3,0
0,7,8,31,3,0
0,8,8,44,3,0
0,9,8,45,3,0
0,10,8,46,3,0
0,11,8,47,3,0
0,12,8,49,3,0
0,13,8,50,3,70
0,14,8,52,3,0
0,15,8,58,3,0
0,16,8,59,3,0
0,17,9,4,3,0
0,18,9,6,3,0
0,19,9,6,3,0
0,20,9,10,3,0
0,21,9,12,3,0
0,22,9,14,3,0
0,23,9,20,3,0
0,24,9,24,3,0
0,25,9,26,3,0
0,26,9,32,3,0
0,27,9,36,3,0
0,28,9,38,3,0
0,29,9,45,3,0
0,30,9,48,3,0
0,31,9,55,3,0
0,32,9,57,3,0
0,33,10,1,3,0
0,34,10,1,3,0
0,35,10,8,3,0
0,36,10,10,3,0
0,37,10,10,3,0
0,38,10,20,3,0
0,39,10,35,3,0
0,40,10,36,3,0
0,41,10,38,3,0
0,42,10,42,3,0
0,43,10,46,3,0
0,44,10,55,3,0
0,45,10,58,3,0
0,46,11,0,3,0
0,47,11,3,3,0
0,48,11,13,3,0
0,49,11,22,3,0
0,50,11,35,3,0
0,51,11,42,3,0
0,52,11,44,3,0
0,53,11,47,3,0
0,54,11,53,3,0
0,55,11,54,3,0
0,56,11,54,3,0
0,57,11,56,3,0
0,58,11,58,3,0
0,59,12,1,3,0
0,60,12,5,3,0
0,61,12,18,3,0
0,62,12,25,3,0
0,63,12,35,3,0
0,64,12,37,3,0
0,65,12,38,3,0
0,66,12,41,3,0
0,67,12,42,3,0
0,68,12,43,3,0
0,69,12,46,3,0
0,70,12,49,3,0
0,71,12,52,3,0
0,72,12,58,3,0
0,73,12,59,3,0
0,74,13,4,3,0
0,75,13,5,3,0
0,76,13,5,3,0
0,77,13,10,3,0
0,78,13,13,3,0
0,79,13,19,3,0
0,80,13,20,3,0
0,81,13,21,3,0
0,82,13,28,3,0
0,83,13,30,3,0
0,84,13,31,3,0
0,85,13,32,3,0
0,86,13,32,3,33
0,87,13,39,3,0
0,88,13,39,3,0
0,89,13,42,3,0
0,90,13,42,3,0
0,91,13,43,3,0
0,92,13,43,3,0
0,93,13,44,3,109
0,94,13,57,3,0
0,95,14,2,3,0
0,96,14,3,3,0
0,97,14,3,3,0
0,98,14,8,3,0
0,99,14,9,3,0
0,100,14,14,3,0
0,101,14,16,3,0
0,102,14,16,3,0
0,103,14,19,3,0
0,104,14,19,3,0
0,105,14,20,3,0
0,106,14,21,3,0
0,107,14,24,3,0
0,108,14,26,3,0
0,109,14,27,3,0
0,110,14,32,3,0
0,111,14,35,3,0
0,112,14,40,3,0
0,113,14,45,3,0
0,114,14,47,3,0
0,115,14,47,3,0
0,116,14,51,3,0
0,117,14,58,3,0
0,118,15,0,3,0
0,119,15,21,3,0
0,120,15,24,3,0
0,121,15,27,3,0
0,122,15,28,3,0
0,123,15,29,3,0
0,124,15,31,3,0
0,125,15,39,3,0
0,126,15,43,3,0
0,127,15,44,3,0
0,128,15,50,3,0
0,129,15,52,3,0
0,130,15,53,3,0
0,131,15,59,3,0
0,132,16,3,3,0
0,133,16,7,3,0
0,134,16,10,3,0
0,135,16,14,3,0
0,136,16,16,3,0
0,137,16,17,3,0
0,138,16,17,3,0
0,139,16,21,3,0
0,140,16,26,3,0
0,141,16,27,3,0
0,142,16,34,3,0
0,143,16,39,3,0
0,144,16,40,3,0
0,145,16,48,3,0
0,146,16,53,3,0
0,147,16,58,3,0
0,148,17,5,3,0
0,149,17,7,3,0
0,150,17,16,3,0
0,151,17,16,3,0
0,152,17,21,3,0
0,153,17,22,3,0
0,154,17,23,3,0
0,155,17,25,3,0
0,156,17,26,3,0
0,157,17,35,3,0
0,158,17,38,3,0
0,159,17,42,3,0
0,160,17,47,3,0
0,161,17,51,3,0
0,162,17,52,3,0
0,1,8,0,4,0
0,2,8,0,4,0
0,3,8,2,4,0
0,4,8,10,4,0
0,5,8,15,4,0
0,6,8,22,4,0
0,7,8,23,4,0
0,8,8,24,4,0
0,9,8,36,4,0
0,10,8,47,4,0
0,11,8,48,4,0
0,12,8,49,4,0
0,13,8,54,4,0
0,14,8,56,4,0
0,15,8,57,4,0
0,16,8,59,4,0
0,17,8,59,4,44
1,18,9,0,4,21
0,19,9,4,4,0
0,20,9,4,4,0
0,21,9,7,4,0
0,22,9,8,4,0
0,23,9,16,4,0
0,24,9,16,4,0
0,25,9,19,4,0
0,26,9,21,4,0
0,27,9,24,4,0
0,28,9,29,4,0
0,29,9,31,4,0
0,30,9,31,4,0
0,31,9,41,4,0
0,32,9,42,4,0
0,33,9,49,4,0
0,34,9,50,4,0
0,35,9,53,4,0
0,36,9,54,4,0
0,37,10,1,4,0
0,38,10,8,4,0
0,39,10,17,4,0
0,40,10,21,4,0
0,41,10,32,4,0
0,42,10,34,4,0
0,43,10,46,4,0
0,44,10,46,4,0
0,45,10,49,4,0
0,46,10,54,4,0
0,47,10,57,4,0
0,48,11,0,4,0
0,49,11,1,4,0
0,50,11,2,4,0
0,51,11,13,4,0
0,52,11,14,4,0
0,53,11,15,4,0
0,54,11,18,4,0
0,55,11,20,4,0
0,56,11,34,4,0
0,57,11,36,4,0
0,58,11,43,4,0
0,59,11,46,4,0
0,60,11,49,4,0
0,61,11,50,4,0
0,62,11,58,4,0
0,63,11,59,4,0
0,64,12,2,4,0
0,65,12,11,4,0
0,66,12,17,4,0
0,67,12,17,4,0
0,68,12,18,4,0
0,69,12,21,4,0
0,70,12,22,4,0
0,71,12,22,4,0
0,72,12,29,4,0
0,73,12,30,4,0
0,74,12,30,4,0
0,75,12,31,4,73
0,76,12,34,4,0
0,77,12,37,4,10
0,78,12,38,4,117
1,79,12,38,4,237
2,80,12,39,4,227
0,81,12,50,4,0
0,82,12,51,4,0
0,83,12,55,4,0
0,84,12,56,4,0
0,85,12,56,4,0
0,86,13,4,4,0
0,87,13,7,4,0
0,88,13,9,4,0
0,89,13,11,4,0
0,90,13,13,4,0
0,91,13,14,4,0
0,92,13,15,4,0
0,93,13,15,4,63
1,94,13,16,4,129
0,95,13,21,4,0
0,96,13,23,4,0
0,97,13,28,4,0
0,98,13,31,4,0
0,99,13,38,4,0
0,100,13,43,4,0
0,101,13,45,4,0
0,102,13,47,4,0
0,103,13,58,4,0
0,104,14,0,4,0
0,105,14,3,4,0
0,106,14,4,4,0
0,107,14,7,4,0
0,108,14,7,4,0
0,109,14,13,4,0
0,110,14,17,4,0
0,111,14,19,4,0
0,112,14,19,4,0
0,113,14,20,4,0
0,114,14,22,4,0
0,115,14,23,4,0
0,116,14,24,4,0
0,117,14,25,4,0
0,118,14,28,4,0
0,119,14,30,4,98
1,120,14,31,4,174
0,121,14,34,4,48
0,122,14,38,4,0
0,123,14,39,4,4
0,124,14,39,4,69
0,125,14,40,4,36
0,126,14,41,4,125
0,127,14,45,4,0
0,128,14,50,4,0
0,129,14,50,4,0
0,130,14,51,4,0
0,131,14,53,4,0
0,132,14,56,4,49
0,133,15,3,4,0
0,134,15,7,4,0
0,135,15,7,4,0
0,136,15,11,4,0
0,137,15,12,4,0
0,138,15,13,4,0
0,139,15,15,4,0
0,140,15,15,4,0
0,141,15,22,4,0
0,142,15,24,4,0
0,143,15,28,4,0
0,144,15,30,4,0
0,145,15,35,4,0
0,146,15,41,4,0
0,147,15,42,4,0
0,148,15,43,4,0
0,149,15,44,4,0
0,150,15,46,4,0
0,151,15,52,4,0
0,152,15,58,4,0
0,153,16,6,4,0
0,154,16,11,4,0
0,155,16,14,4,0
0,156,16,17,4,0
0,157,16,17,4,0
0,158,16,20,4,16
0,159,16,21,4,0
0,160,16,26,4,0
0,161,16,27,4,0
0,162,16,27,4,0
0,163,16,28,4,0
0,164,16,28,4,0
0,165,16,30,4,0
0,166,16,35,4,0
0,167,16,39,4,0
0,168,16,49,4,0
0,169,16,50,4,0
0,170,16,52,4,0
0,171,16,53,4,0
0,172,16,58,4,0
0,173,17,0,4,0
0,174,17,2,4,0
0,175,17,11,4,0
0,176,17,23,4,0
0,177,17,24,4,0
0,178,17,28,4,0
0,179,17,36,4,0
0,180,17,40,4,0
0,181,17,42,4,0
0,182,17,42,4,0
0,183,17,43,4,0
0,184,17,44,4,0
0,185,17,45,4,0
0,186,17,48,4,0
0,187,17,52,4,0
0,1,8,0,0,0
0,2,8,5,0,0
0,3,8,5,0,0
0,4,8,6,0,0
0,5,8,8,0,0
0,6,8,9,0,0
0,7,8,11,0,0
0,8,8,11,0,0
0,9,8,17,0,0
0,10,8,19,0,0
0,11,8,20,0,0
0,12,8,20,0,0
0,13,8,24,0,0
0,14,8,31,0,0
0,15,8,31,0,0
0,16,8,33,0,0
0,17,8,34,0,0
0,18,8,45,0,0
0,19,8,45,0,0
0,20,8,48,0,0
0,21,8,50,0,0
0,22,8,58,0,0
0,23,9,9,0,0
0,24,9,10,0,0
0,25,9,15,0,0
0,26,9,16,0,0
0,27,9,18,0,0
0,28,9,21,0,0
0,29,9,24,0,0
0,30,9,25,0,0
0,31,9,27,0,0
0,32,9,33,0,0
0,33,9,48,0,0
0,34,9,52,0,0
0,35,9,55,0,0
0,36,10,7,0,0
0,37,10,8,0,0
0,38,10,11,0,0
0,39,10,15,0,0
0,40,10,19,0,0
0,41,10,25,0,0
0,42,10,31,0,0
0,43,10,32,0,0
0,44,10,40,0,0
0,45,10,46,0,0
0,46,10,47,0,0
0,47,10,51,0,0
0,48,10,51,0,0
0,49,10,52,0,0
0,50,11,3,0,0
0,51,11,10,0,0
0,52,11,12,0,0
0,53,11,21,0,0
0,54,11,24,0,0
0,55,11,26,0,0
0,56,11,26,0,0
0,57,11,29,0,0
0,58,11,34,0,0
0,59,11,34,0,0
0,60,11,37,0,0
0,61,11,38,0,0
0,62,11,42,0,0
0,63,11,42,0,0
0,64,11,42,0,0
0,65,11,50,0,0
0,66,11,54,0,0
0,67,11,55,0,0
0,68,11,57,0,0
0,69,11,59,0,0
0,70,12,3,0,0
0,71,12,3,0,53
0,72,12,13,0,0
0,73,12,15,0,0
0,74,12,19,0,0
0,75,12,27,0,0
0,76,12,31,0,0
0,77,12,32,0,0
0,78,12,40,0,0
0,79,12,45,0,0
0,80,12,49,0,0
0,81,12,58,0,0
0,82,12,58,0,0
0,83,13,9,0,0
0,84,13,10,0,0
0,85,13,18,0,0
0,86,13,20,0,0
0,87,13,22,0,0
0,88,13,27,0,0
0,89,13,34,0,0
0,90,13,35,0,0
0,91,13,35,0,0
0,92,13,37,0,0
0,93,13,42,0,0
0,94,13,43,0,0
0,95,13,46,0,0
0,96,13,48,0,0
0,97,13,50,0,0
0,98,13,57,0,0
0,99,14,14,0,0
0,100,14,18,0,0
0,101,14,20,0,0
0,102,14,26,0,0
0,103,14,28,0,0
0,104,14,34,0,0
0,105,14,39,0,0
0,106,14,41,0,0
0,107,14,41,0,0
0,108,14,55,0,0
0,109,14,58,0,0
0,110,15,7,0,0
0,111,15,7,0,0
0,112,15,7,0,0
0,113,15,13,0,0
0,114,15,17,0,0
0,115,15,22,0,0
0,116,15,28,0,0
0,117,15,32,0,0
0,118,15,35,0,0
0,119,15,35,0,0
0,120,15,37,0,0
0,121,15,49,0,0
0,122,15,52,0,0
0,123,15,54,0,0
0,124,15,55,0,0
0,125,16,4,0,0
0,126,16,10,0,0
0,127,16,11,0,0
0,128,16,12,0,0
0,129,16,15,0,0
0,130,16,15,0,0
0,131,16,17,0,0
0,132,16,26,0,0
0,133,16,30,0,0
0,134,16,36,0,0
0,135,16,36,0,0
0,136,16,36,0,0
0,137,16,40,0,0
0,138,16,41,0,0
0,139,16,42,0,0
0,140,16,46,0,0
0,141,16,51,0,0
0,142,16,52,0,0
0,143,17,8,0,0
0,144,17,10,0,0
0,145,17,11,0,0
0,146,17,12,0,0
0,147,17,18,0,0
0,148,17,21,0,0
0,149,17,24,0,0
0,150,17,26,0,0
0,151,17,28,0,0
0,152,17,29,0,0
0,153,17,30,0,0
0,154,17,31,0,0
0,155,17,34,0,0
0,156,17,47,0,0
0,157,17,47,0,0
0,158,17,48,0,0
0,159,17,49,0,0
0,160,17,53,0,0
0,161,17,54,0,0
0,162,17,59,0,0
0,1,8,0,1,0
0,2,8,2,1,0
0,3,8,4,1,0
0,4,8,4,1,0
0,5,8,5,1,0
0,6,8,14,1,0
0,7,8,17,1,0
0,8,8,22,1,0
0,9,8,25,1,0
0,10,8,28,1,0
0,11,8,34,1,0
0,12,8,35,1,0
0,13,8,39,1,0
0,14,8,39,1,0
0,15,8,42,1,0
0,16,8,43,1,0
0,17,8,43,1,0
0,18,8,49,1,0
0,19,8,51,1,0
0,20,8,52,1,0
0,21,8,56,1,0
0,22,9,0,1,0
0,23,9,2,1,0
0,24,9,3,1,0
0,25,9,7,1,0
0,26,9,8,1,0
0,27,9,8,1,0
0,28,9,8,1,0
0,29,9,14,1,0
0,30,9,19,1,0
0,31,9,20,1,0
0,32,9,22,1,0
0,33,9,24,1,0
0,34,9,26,1,0
0,35,9,31,1,0
0,36,9,32,1,0
0,37,9,35,1,0
0,38,9,36,1,0
0,39,9,41,1,0
0,40,9,43,1,0
0,41,9,45,1,0
0,42,9,45,1,0
0,43,9,47,1,85
0,44,9,49,1,0
0,45,9,51,1,0
0,46,9,52,1,72
0,47,9,54,1,0
0,48,9,54,1,21
0,49,9,58,1,0
0,50,9,59,1,89
0,51,10,2,1,0
0,52,10,4,1,32
0,53,10,5,1,135
1,54,10,6,1,73
0,55,10,13,1,0
0,56,10,15,1,0
0,57,10,17,1,0
0,58,10,24,1,0
0,59,10,27,1,0
0,60,10,30,1,0
0,61,10,39,1,0
0,62,10,42,1,0
0,63,10,44,1,0
0,64,10,50,1,0
0,65,10,55,1,0
0,66,11,4,1,0
0,67,11,7,1,0
0,68,11,8,1,0
0,69,11,14,1,0
0,70,11,15,1,0
0,71,11,16,1,0
0,72,11,16,1,0
0,73,11,21,1,0
0,74,11,29,1,0
0,75,11,35,1,0
0,76,11,39,1,0
0,77,11,41,1,0
0,78,11,43,1,0
0,79,11,44,1,0
0,80,11,46,1,0
0,81,11,46,1,0
0,82,11,47,1,0
0,83,11,48,1,0
0,84,11,52,1,0
0,85,11,53,1,0
0,86,11,56,1,0
0,87,11,58,1,0
0,88,12,2,1,0
0,89,12,6,1,0
0,90,12,17,1,0
0,91,12,21,1,0
0,92,12,24,1,0
0,93,12,26,1,0
0,94,12,28,1,0
0,95,12,37,1,0
0,96,12,49,1,0
0,97,12,54,1,0
0,98,12,54,1,0
0,99,12,55,1,0
0,100,12,55,1,0
0,101,12,56,1,0
0,102,12,56,1,343
1,103,12,57,1,351
2,104,13,1,1,184
2,105,13,3,1,122
0,106,13,8,1,0
0,107,13,24,1,0
0,108,13,35,1,0
0,109,13,41,1,0
0,110,13,42,1,0
0,111,13,43,1,0
0,112,13,44,1,0
0,113,13,45,1,83
1,114,13,45,1,123
0,115,13,50,1,0
0,116,13,52,1,0
0,117,13,58,1,0
0,118,13,59,1,0
0,119,13,59,1,0
0,120,14,0,1,0
0,121,14,2,1,0
0,122,14,3,1,0
0,123,14,7,1,0
0,124,14,12,1,0
0,125,14,15,1,0
0,126,14,16,1,0
0,127,14,21,1,0
0,128,14,22,1,0
0,129,14,27,1,0
0,130,14,37,1,0
0,131,14,41,1,0
0,132,14,44,1,0
0,133,14,44,1,0
0,134,14,47,1,0
0,135,14,52,1,0
0,136,14,57,1,0
0,137,14,59,1,0
0,138,14,59,1,0
0,139,15,0,1,0
0,140,15,2,1,89
0,141,15,4,1,0
0,142,15,12,1,0
0,143,15,15,1,0
0,144,15,22,1,0
0,145,15,28,1,0
0,146,15,28,1,0
0,147,15,31,1,0
0,148,15,32,1,0
0,149,15,33,1,0
0,150,15,36,1,80
0,151,15,39,1,0
0,152,15,42,1,0
0,153,15,47,1,0
0,154,15,47,1,0
0,155,15,50,1,0
0,156,15,54,1,0
0,157,15,58,1,0
0,158,16,3,1,0
0,159,16,4,1,0
0,160,16,4,1,0
0,161,16,13,1,0
0,162,16,14,1,0
0,163,16,19,1,0
0,164,16,20,1,0
0,165,16,28,1,0
0,166,16,30,1,0
0,167,16,30,1,10
0,168,16,31,1,0
0,169,16,32,1,0
0,170,16,35,1,0
0,171,16,36,1,0
0,172,16,37,1,0
0,173,16,38,1,0
0,174,16,48,1,0
0,175,16,56,1,0
0,176,16,59,1,0
0,177,17,0,1,0
0,178,17,1,1,0
0,179,17,1,1,0
0,180,17,2,1,121
1,181,17,2,1,202
0,182,17,18,1,0
0,183,17,20,1,0
0,184,17,21,1,0
0,185,17,21,1,0
0,186,17,21,1,0
0,187,17,23,1,0
0,188,17,25,1,0
0,189,17,25,1,0
0,190,17,26,1,0
0,191,17,30,1,0
0,192,17,31,1,0
0,193,17,34,1,0
0,194,17,41,1,0
0,195,17,46,1,0
0,196,17,48,1,0
0,197,17,48,1,0
0,1,8,0,2,0
0,2,8,1,2,0
0,3,8,9,2,0
0,4,8,10,2,0
0,5,8,16,2,0
0,6,8,30,2,0
0,7,8,31,2,0
0,8,8,41,2,0
0,9,8,44,2,0
0,10,8,46,2,0
0,11,8,58,2,0
0,12,8,59,2,0
0,13,9,1,2,0
0,14,9,3,2,0
0,15,9,3,2,0
0,16,9,4,2,0
0,17,9,5,2,0
0,18,9,10,2,0
0,19,9,11,2,58
0,20,9,14,2,9
0,21,9,16,2,49
0,22,9,18,2,111
0,23,9,24,2,0
0,24,9,33,2,0
0,25,9,40,2,0
0,26,9,40,2,0
0,27,9,42,2,0
0,28,9,42,2,0
0,29,9,43,2,0
0,30,9,45,2,0
0,31,9,57,2,0
0,32,10,8,2,0
0,33,10,11,2,0
0,34,10,12,2,0
0,35,10,12,2,0
0,36,10,14,2,0
0,37,10,18,2,0
0,38,10,22,2,0
0,39,10,31,2,0
0,40,10,34,2,0
0,41,10,36,2,0
0,42,10,36,2,0
0,43,10,37,2,0
0,44,10,42,2,0
0,45,10,44,2,0
0,46,10,44,2,5
0,47,10,46,2,0
0,48,10,46,2,0
0,49,10,49,2,0
0,50,10,49,2,9
0,51,11,0,2,0
0,52,11,3,2,0
0,53,11,4,2,0
0,54,11,14,2,0
0,55,11,17,2,0
0,56,11,17,2,0
0,57,11,19,2,0
0,58,11,21,2,0
0,59,11,28,2,0
0,60,11,30,2,0
0,61,11,35,2,0
0,62,11,36,2,0
0,63,11,40,2,0
0,64,11,44,2,0
0,65,11,54,2,0
0,66,12,3,2,0
0,67,12,9,2,0
0,68,12,9,2,0
0,69,12,10,2,0
0,70,12,10,2,0
0,71,12,14,2,0
0,72,12,22,2,0
0,73,12,38,2,0
0,74,12,43,2,0
0,75,12,50,2,0
0,76,12,51,2,0
0,77,13,4,2,0
0,78,13,10,2,0
0,79,13,17,2,0
0,80,13,19,2,0
0,81,13,21,2,0
0,82,13,22,2,0
0,83,13,30,2,0
0,84,13,35,2,0
0,85,13,36,2,0
0,86,13,36,2,0
0,87,13,38,2,0
0,88,13,38,2,116
1,89,13,40,2,66
0,90,13,41,2,71
0,91,13,46,2,0
0,92,13,47,2,0
0,93,13,48,2,0
0,94,13,49,2,95
0,95,13,54,2,0
0,96,13,57,2,0
0,97,14,3,2,0
0,98,14,3,2,0
0,99,14,3,2,0
0,100,14,4,2,0
0,101,14,4,2,0
0,102,14,8,2,0
0,103,14,12,2,0
0,104,14,18,2,0
0,105,14,22,2,0
0,106,14,27,2,0
0,107,14,28,2,0
0,108,14,28,2,0
0,109,14,53,2,0
0,110,15,2,2,0
0,111,15,15,2,0
0,112,15,19,2,0
0,113,15,22,2,0
0,114,15,26,2,0
0,115,15,27,2,0
0,116,15,28,2,0
0,117,15,30,2,0
0,118,15,33,2,0
0,119,15,35,2,0
0,120,15,44,2,0
0,121,15,55,2,0
0,122,16,2,2,0
0,123,16,4,2,0
0,124,16,5,2,0
0,125,16,11,2,0
0,126,16,11,2,0
0,127,16,13,2,0
0,128,16,13,2,0
0,129,16,14,2,0
0,130,16,15,2,0
0,131,16,20,2,0
0,132,16,21,2,0
0,133,16,24,2,0
0,134,16,24,2,0
0,135,16,33,2,0
0,136,16,34,2,0
0,137,16,43,2,0
0,138,16,44,2,0
0,139,16,45,2,0
0,140,16,46,2,0
0,141,16,49,2,0
0,142,16,50,2,0
0,143,16,51,2,0
0,144,16,52,2,0
0,145,16,58,2,0
0,146,17,5,2,0
0,147,17,9,2,0
0,148,17,12,2,0
0,149,17,14,2,0
0,150,17,19,2,0
0,151,17,20,2,0
0,152,17,21,2,0
0,153,17,31,2,0
0,154,17,31,2,0
0,155,17,32,2,0
0,156,17,33,2,0
0,157,17,37,2,0
0,158,17,41,2,0
0,159,17,47,2,0
0,160,17,47,2,0
0,161,17,48,2,0
0,162,17,48,2,0
0,163,17,50,2,0
0,165,17,54,2,0
0,1,8,0,3,0
0,2,8,5,3,0
0,3,8,5,3,0
0,4,8,7,3,0
0,5,8,10,3,0
0,6,8,10,3,0
0,7,8,16,3,0
0,8,8,24,3,0
0,9,8,30,3,0
0,10,8,32,3,0
0,11,8,39,3,0
0,12,8,40,3,0
0,13,8,52,3,0
0,14,8,58,3,0
0,15,9,1,3,0
0,16,9,2,3,0
0,17,9,6,3,0
0,18,9,14,3,0
0,19,9,15,3,0
0,20,9,15,3,0
0,21,9,15,3,0
0,22,9,19,3,0
0,23,9,20,3,0
0,24,9,23,3,0
0,25,9,24,3,0
0,26,9,25,3,0
0,27,9,30,3,0
0,28,9,33,3,0
0,29,9,37,3,0
0,30,9,40,3,0
0,31,9,46,3,0
0,32,9,46,3,0
0,33,9,49,3,0
0,34,9,50,3,0
0,35,9,50,3,0
0,36,9,51,3,0
0,37,9,52,3,69
0,38,9,55,3,298
0,39,10,4,3,0
0,40,10,4,3,0
0,41,10,6,3,0
0,42,10,6,3,0
0,43,10,9,3,0
0,44,10,13,3,0
0,45,10,13,3,20
0,46,10,14,3,180
0,47,10,18,3,0
0,48,10,20,3,0
0,49,10,26,3,0
0,50,10,27,3,0
0,51,10,28,3,0
0,52,10,35,3,0
0,53,10,38,3,0
0,54,10,40,3,0
0,55,10,49,3,0
0,56,10,49,3,0
0,57,10,49,3,0
0,58,11,5,3,0
0,59,11,8,3,0
0,60,11,16,3,0
0,61,11,16,3,0
0,62,11,23,3,0
0,63,11,32,3,0
0,64,11,33,3,0
0,65,11,34,3,0
0,66,11,40,3,0
0,67,11,41,3,0
0,68,11,43,3,0
0,69,11,46,3,0
0,70,11,46,3,0
0,71,11,50,3,0
0,72,11,50,3,0
0,73,12,1,3,0
0,74,12,1,3,0
0,75,12,4,3,0
0,76,12,11,3,0
0,77,12,16,3,0
0,78,12,18,3,0
0,79,12,18,3,0
0,80,12,19,3,0
0,81,12,31,3,0
0,82,12,38,3,0
0,83,12,53,3,0
0,84,12,54,3,0
0,85,12,56,3,0
0,86,13,4,3,0
0,87,13,6,3,0
0,88,13,8,3,0
0,89,13,13,3,0
0,90,13,14,3,0
0,91,13,24,3,0
0,92,13,24,3,0
0,93,13,25,3,0
0,94,13,25,3,18
0,95,13,27,3,0
0,96,13,30,3,0
0,97,13,32,3,0
0,98,13,33,3,0
0,99,13,36,3,0
0,100,13,50,3,0
0,101,13,51,3,0
0,102,13,52,3,0
0,103,13,53,3,0
0,104,13,55,3,0
0,105,14,2,3,0
0,106,14,3,3,0
0,107,14,15,3,0
0,108,14,15,3,0
0,109,14,15,3,0
0,110,14,16,3,0
0,111,14,21,3,0
0,112,14,22,3,0
0,113,14,24,3,0
0,114,14,39,3,0
0,115,14,50,3,0
0,116,14,57,3,0
0,117,15,7,3,0
0,118,15,12,3,0
0,119,15,13,3,0
0,120,15,15,3,0
0,121,15,16,3,0
0,122,15,17,3,0
0,123,15,18,3,0
0,124,15,22,3,0
0,125,15,23,3,0
0,126,15,29,3,0
0,127,15,29,3,0
0,128,15,32,3,0
0,129,15,32,3,0
0,130,15,42,3,0
0,131,15,44,3,0
0,132,16,11,3,0
0,133,16,12,3,0
0,134,16,15,3,0
0,135,16,15,3,0
0,136,16,15,3,0
0,137,16,16,3,256
1,138,16,18,3,116
0,139,16,20,3,5
0,140,16,21,3,234
1,141,16,24,3,139
1,142,16,26,3,110
1,143,16,27,3,55
0,144,16,28,3,91
1,145,16,29,3,140
0,146,16,41,3,0
0,147,16,42,3,0
0,148,16,42,3,0
0,149,16,52,3,0
0,150,16,54,3,0
0,151,17,1,3,0
0,152,17,4,3,0
0,153,17,14,3,0
0,154,17,15,3,0
0,155,17,17,3,0
0,156,17,18,3,0
0,157,17,31,3,0
0,158,17,33,3,0
0,159,17,34,3,0
0,160,17,34,3,0
0,162,17,41,3,0
0,163,17,42,3,0
0,164,17,47,3,0
0,165,17,47,3,0
0,166,17,50,3,0
0,167,17,56,3,0
0,169,17,57,3,0
0,1,8,0,4,0
0,2,8,4,4,0
0,3,8,7,4,0
0,4,8,13,4,0
0,5,8,13,4,0
0,6,8,15,4,0
0,7,8,17,4,0
0,8,8,17,4,5
0,9,8,22,4,0
0,10,8,23,4,0
0,11,8,23,4,178
1,12,8,24,4,183
0,13,8,29,4,0
0,14,8,34,4,0
0,15,8,34,4,0
0,16,8,40,4,0
0,17,8,45,4,0
0,18,8,54,4,0
0,19,8,54,4,0
0,20,8,57,4,0
0,21,8,59,4,0
0,22,9,8,4,0
0,23,9,9,4,0
0,24,9,12,4,0
0,25,9,12,4,0
0,26,9,16,4,0
0,27,9,19,4,0
0,28,9,22,4,0
0,29,9,24,4,0
0,30,9,26,4,0
0,31,9,30,4,0
0,32,9,34,4,0
0,33,9,37,4,0
0,34,9,43,4,0
0,35,9,46,4,0
0,36,9,49,4,0
0,37,9,49,4,0
0,38,9,51,4,0
0,39,9,54,4,0
0,40,10,0,4,0
0,41,10,1,4,0
0,42,10,2,4,0
0,43,10,18,4,0
0,44,10,18,4,0
0,45,10,19,4,0
0,46,10,21,4,0
0,47,10,26,4,0
0,48,10,38,4,0
0,49,10,39,4,0
0,50,10,45,4,0
0,51,10,54,4,0
0,52,10,55,4,0
0,53,10,58,4,0
0,54,10,58,4,0
0,55,10,59,4,0
0,56,11,3,4,0
0,57,11,7,4,0
0,58,11,8,4,0
0,59,11,10,4,0
0,60,11,14,4,0
0,61,11,16,4,0
0,62,11,17,4,0
0,63,11,20,4,0
0,64,11,22,4,0
0,65,11,23,4,0
0,66,11,24,4,0
0,67,11,28,4,0
0,68,11,28,4,0
0,69,11,29,4,0
0,70,11,31,4,0
0,71,11,35,4,0
0,72,11,37,4,0
0,73,11,37,4,0
0,74,11,39,4,0
0,75,11,40,4,0
0,76,11,42,4,0
0,77,11,48,4,0
0,78,11,55,4,0
0,79,12,4,4,0
0,80,12,9,4,0
0,81,12,10,4,0
0,82,12,10,4,0
0,83,12,12,4,0
0,84,12,14,4,212
0,85,12,19,4,0
0,86,12,19,4,74
1,87,12,19,4,97
1,88,12,21,4,59
0,89,12,22,4,90
1,90,12,23,4,121
0,91,12,25,4,19
0,92,12,29,4,0
0,93,12,29,4,155
1,94,12,29,4,173
0,95,12,37,4,0
0,96,12,41,4,0
0,97,12,41,4,0
0,98,12,51,4,0
0,99,12,53,4,0
0,100,13,0,4,0
0,101,13,1,4,0
0,102,13,1,4,0
0,103,13,36,4,0
0,104,13,40,4,0
0,105,13,43,4,0
0,106,13,45,4,0
0,107,13,46,4,0
0,108,14,14,4,0
0,109,14,16,4,0
0,110,14,17,4,0
0,111,14,31,4,0
0,112,14,55,4,0
0,113,14,57,4,0
0,114,15,2,4,0
0,115,15,2,4,0
0,116,15,3,4,0
0,117,15,7,4,0
0,118,15,12,4,0
0,119,15,15,4,0
0,120,15,15,4,0
0,121,15,15,4,5
0,122,15,17,4,32
0,123,15,20,4,0
0,124,15,24,4,0
0,125,15,28,4,0
0,126,15,28,4,0
0,127,15,31,4,0
0,128,15,34,4,0
0,129,15,42,4,0
0,130,15,45,4,0
0,131,15,58,4,0
0,132,15,59,4,0
0,133,16,0,4,0
0,134,16,4,4,0
0,135,16,5,4,0
0,136,16,14,4,0
0,137,16,16,4,0
0,138,16,18,4,0
0,139,16,19,4,0
0,140,16,24,4,0
0,141,16,34,4,0
0,142,16,38,4,0
0,143,16,38,4,0
0,144,16,40,4,0
0,145,16,43,4,0
0,146,16,43,4,0
0,147,16,43,4,0
0,148,16,45,4,0
0,149,16,46,4,0
0,150,16,47,4,0
0,151,16,49,4,0
0,152,16,55,4,0
0,153,16,57,4,0
0,154,16,58,4,0
0,155,17,3,4,0
0,156,17,14,4,0
0,157,17,20,4,0
0,158,17,21,4,0
0,159,17,23,4,0
0,160,17,26,4,0
0,161,17,34,4,0
0,162,17,34,4,0
0,163,17,35,4,0
0,164,17,41,4,0
0,165,17,46,4,0
0,166,17,48,4,0
0,168,17,50,4,0
0,169,17,51,4,0
0,170,17,52,4,0
0,171,17,54,4,0
0,1,8,0,0,0
0,2,8,0,0,0
0,3,8,2,0,0
0,4,8,2,0,0
0,5,8,3,0,0
0,6,8,7,0,0
0,7,8,9,0,0
0,8,8,11,0,0
0,9,8,12,0,0
0,10,8,13,0,0
0,11,8,14,0,0
0,12,8,14,0,0
0,13,8,16,0,0
0,14,8,20,0,0
0,15,8,24,0,0
0,16,8,25,0,0
0,17,8,27,0,0
0,18,8,33,0,0
0,19,8,33,0,0
0,20,8,38,0,0
0,21,8,41,0,0
0,22,8,43,0,0
0,23,8,44,0,0
0,24,8,47,0,0
0,25,8,53,0,0
0,26,8,56,0,0
0,27,8,58,0,0
0,28,9,3,0,0
0,29,9,6,0,0
0,30,9,14,0,0
0,31,9,18,0,0
0,32,9,18,0,0
0,33,9,20,0,0
0,34,9,21,0,0
0,35,9,23,0,0
0,36,9,27,0,0
0,37,9,27,0,0
0,38,9,28,0,0
0,39,9,29,0,0
0,40,9,30,0,0
0,41,9,33,0,0
0,42,9,46,0,0
0,43,9,50,0,0
0,44,9,52,0,0
0,45,9,55,0,0
0,46,9,57,0,0
0,47,9,59,0,0
0,48,10,0,0,0
0,49,10,0,0,94
1,50,10,1,0,96
1,51,10,3,0,188
1,52,10,5,0,50
2,53,10,5,0,48
3,54,10,6,0,48
0,55,10,10,0,0
0,56,10,12,0,0
0,57,10,14,0,0
0,58,10,16,0,0
0,59,10,18,0,0
0,60,10,20,0,0
0,61,10,23,0,0
0,62,10,26,0,0
0,63,10,28,0,0
0,64,10,28,0,0
0,65,10,30,0,0
0,66,10,30,0,45
0,67,10,31,0,13
0,68,10,33,0,109
1,69,10,34,0,95
2,70,10,34,0,162
0,71,10,40,0,0
0,72,10,42,0,0
0,73,10,43,0,0
0,74,10,45,0,0
0,75,10,50,0,0
0,76,10,53,0,0
0,77,10,56,0,0
0,78,10,57,0,0
0,79,10,57,0,0
0,80,11,1,0,0
0,81,11,9,0,0
0,82,11,12,0,0
0,83,11,15,0,0
0,84,11,18,0,0
0,85,11,19,0,0
0,86,11,20,0,0
0,87,11,23,0,0
0,88,11,23,0,4
0,89,11,24,0,0
0,90,11,24,0,49
0,91,11,26,0,0
0,92,11,27,0,160
0,93,11,39,0,0
0,94,11,39,0,0
0,95,11,41,0,0
0,96,11,44,0,0
0,97,11,46,0,0
0,98,11,49,0,0
0,99,11,50,0,0
0,100,11,53,0,0
0,101,11,54,0,0
0,102,11,55,0,0
0,103,11,56,0,0
0,104,11,57,0,6
0,105,11,57,0,226
1,106,11,59,0,155
2,107,12,1,0,154
2,108,12,1,0,216
0,109,12,5,0,78
1,110,12,6,0,237
1,111,12,8,0,145
2,112,12,9,0,340
2,113,12,10,0,283
2,114,12,12,0,161
3,115,12,12,0,231
0,116,12,19,0,3
0,117,12,24,0,0
0,118,12,27,0,0
0,119,12,28,0,0
0,120,12,30,0,0
0,121,12,40,0,0
0,122,12,42,0,0
0,123,12,46,0,0
0,124,12,47,0,0
0,125,12,52,0,0
0,126,12,52,0,0
0,127,12,56,0,0
0,128,12,58,0,0
0,129,12,59,0,0
0,130,13,0,0,0
0,131,13,15,0,0
0,132,13,15,0,0
0,133,13,23,0,0
0,134,13,27,0,0
0,135,13,36,0,0
0,136,13,50,0,0
0,137,13,54,0,0
0,138,13,55,0,0
0,139,13,57,0,0
0,140,13,58,0,0
0,141,14,0,0,0
0,142,14,1,0,0
0,143,14,4,0,0
0,144,14,12,0,0
0,145,14,12,0,0
0,146,14,13,0,0
0,147,14,15,0,0
0,148,14,16,0,0
0,149,14,19,0,0
0,150,14,21,0,0
0,151,14,21,0,0
0,152,14,22,0,0
0,153,14,24,0,0
0,154,14,24,0,10
0,155,14,31,0,0
0,156,14,33,0,0
0,157,14,33,0,0
0,158,14,38,0,0
0,159,14,39,0,0
0,160,14,43,0,0
0,161,14,50,0,0
0,162,14,54,0,0
0,163,14,57,0,0
0,164,14,59,0,0
0,165,15,2,0,0
0,166,15,11,0,0
0,167,15,11,0,0
0,168,15,17,0,0
0,169,15,17,0,0
0,170,15,20,0,0
0,171,15,33,0,0
0,172,15,35,0,0
0,173,15,35,0,0
0,174,15,36,0,0
0,175,15,40,0,0
0,176,15,42,0,0
0,177,15,43,0,0
0,178,15,44,0,0
0,179,15,44,0,11
0,180,15,45,0,160
1,181,15,46,0,243
0,182,15,50,0,166
1,183,15,52,0,189
1,184,15,54,0,102
2,185,15,54,0,75
0,186,15,58,0,0
0,187,15,59,0,0
0,188,16,2,0,0
0,189,16,6,0,0
0,190,16,11,0,0
0,191,16,18,0,0
0,192,16,18,0,0
0,193,16,41,0,0
0,194,16,42,0,0
0,195,16,48,0,0
0,196,16,51,0,0
0,197,16,57,0,0
0,198,17,8,0,0
0,199,17,25,0,0
0,200,17,28,0,0
0,201,17,29,0,0
0,202,17,32,0,0
0,203,17,35,0,0
0,204,17,36,0,0
0,206,17,39,0,0
0,207,17,40,0,0
0,208,17,46,0,0
0,209,17,49,0,0
0,210,17,50,0,0
0,211,17,53,0,0
0,212,17,54,0,96
0,213,17,58,0,0
0,1,8,0,1,0
0,2,8,6,1,0
0,3,8,8,1,0
0,4,8,12,1,0
0,5,8,20,1,0
0,6,8,21,1,0
0,7,8,21,1,0
0,8,8,28,1,0
0,9,8,36,1,0
0,10,8,37,1,0
0,11,8,40,1,0
0,12,8,44,1,0
0,13,8,48,1,0
0,14,8,49,1,0
0,15,8,54,1,0
0,16,9,0,1,0
0,17,9,6,1,0
0,18,9,9,1,0
0,19,9,16,1,0
0,20,9,20,1,0
0,21,9,28,1,0
0,22,9,45,1,0
0,23,9,49,1,0
0,24,9,49,1,0
0,25,9,53,1,0
0,26,10,0,1,0
0,27,10,7,1,0
0,28,10,9,1,0
0,29,10,13,1,0
0,30,10,21,1,0
0,31,10,29,1,0
0,32,10,31,1,0
0,33,10,40,1,0
0,34,10,41,1,0
0,35,10,44,1,0
0,36,10,46,1,0
0,37,10,50,1,0
0,38,10,51,1,0
0,39,10,53,1,0
0,40,10,54,1,0
0,41,10,57,1,0
0,42,11,1,1,0
0,43,11,3,1,0
0,44,11,4,1,0
0,45,11,5,1,0
0,46,11,7,1,0
0,47,11,8,1,0
0,48,11,15,1,0
0,49,11,15,1,0
0,50,11,19,1,0
0,51,11,23,1,0
0,52,11,24,1,0
0,53,11,25,1,0
0,54,11,28,1,0
0,55,11,29,1,0
0,56,11,33,1,0
0,57,11,42,1,0
0,58,11,43,1,0
0,59,11,50,1,0
0,60,11,50,1,0
0,61,11,52,1,0
0,62,11,53,1,0
0,63,11,57,1,0
0,64,12,2,1,0
0,65,12,4,1,0
0,66,12,8,1,0
0,67,12,10,1,0
0,68,12,16,1,0
0,69,12,25,1,0
0,70,12,26,1,0
0,71,12,27,1,0
0,72,12,31,1,0
0,73,12,33,1,0
0,74,12,35,1,0
0,75,12,41,1,0
0,76,12,46,1,0
0,77,12,52,1,0
0,78,12,55,1,0
0,79,13,1,1,0
0,80,13,5,1,0
0,81,13,7,1,0
0,82,13,9,1,0
0,83,13,12,1,0
0,84,13,12,1,0
0,85,13,21,1,0
0,86,13,24,1,0
0,87,13,25,1,0
0,88,13,26,1,0
0,89,13,30,1,0
0,90,13,32,1,0
0,91,13,36,1,0
0,92,13,38,1,0
0,93,13,40,1,32
0,94,13,48,1,0
0,95,13,51,1,0
0,96,13,55,1,0
0,97,13,55,1,0
0,98,14,4,1,0
0,99,14,5,1,0
0,100,14,5,1,0
0,101,14,6,1,0
0,102,14,7,1,0
0,103,14,11,1,0
0,104,14,14,1,0
0,105,14,15,1,0
0,106,14,22,1,0
0,107,14,26,1,0
0,108,14,28,1,0
0,109,14,32,1,0
0,110,14,35,1,0
0,111,14,38,1,0
0,112,14,45,1,0
0,113,14,45,1,0
0,114,14,48,1,0
0,115,14,48,1,0
0,116,14,49,1,0
0,117,14,50,1,0
0,118,14,53,1,0
0,119,14,53,1,0
0,120,15,0,1,0
0,121,15,2,1,0
0,122,15,3,1,0
0,123,15,6,1,0
0,124,15,6,1,0
0,125,15,8,1,0
0,126,15,9,1,0
0,127,15,9,1,450
1,128,15,10,1,441
2,129,15,16,1,234
0,130,15,24,1,0
0,131,15,25,1,129
1,132,15,26,1,150
2,133,15,26,1,454
1,134,15,33,1,27
0,135,15,35,1,11
0,136,15,42,1,0
0,137,15,44,1,0
0,138,15,47,1,0
0,139,15,48,1,0
0,140,15,55,1,0
0,141,16,2,1,0
0,142,16,10,1,0
0,143,16,12,1,0
0,144,16,16,1,0
0,145,16,27,1,0
0,146,16,31,1,0
0,147,16,32,1,0
0,148,16,33,1,0
0,149,16,34,1,0
0,150,16,38,1,0
0,151,16,43,1,0
0,152,16,45,1,0
0,153,16,47,1,0
0,154,16,47,1,0
0,155,16,50,1,49
0,156,16,52,1,0
0,157,16,53,1,0
0,158,16,55,1,0
0,159,16,56,1,0
0,160,16,57,1,0
0,161,16,58,1,19
0,162,17,2,1,0
0,163,17,8,1,0
0,164,17,8,1,0
0,165,17,10,1,0
0,166,17,14,1,0
0,167,17,30,1,0
0,168,17,31,1,0
0,169,17,32,1,0
0,170,17,33,1,0
0,171,17,40,1,0
0,172,17,44,1,0
0,173,17,55,1,0
0,174,17,56,1,0
0,1,8,0,2,0
0,2,8,20,2,0
0,3,8,22,2,0
0,4,8,24,2,0
0,5,8,29,2,0
0,6,8,34,2,0
0,7,8,35,2,0
0,8,8,41,2,0
0,9,8,48,2,0
0,10,8,52,2,0
0,11,8,56,2,0
0,12,8,59,2,0
0,13,9,0,2,0
0,15,9,7,2,0
0,14,9,7,2,0
0,16,9,10,2,0
0,17,9,11,2,0
0,18,9,12,2,0
0,19,9,14,2,0
0,20,9,24,2,0
0,21,9,24,2,0
0,22,9,32,2,0
0,23,9,34,2,0
0,24,9,35,2,0
0,25,9,36,2,0
0,26,9,42,2,0
0,27,9,59,2,0
0,28,10,5,2,0
0,29,10,14,2,0
0,30,10,15,2,0
0,31,10,19,2,0
0,32,10,28,2,0
0,33,10,31,2,0
0,34,10,31,2,0
0,35,10,38,2,0
0,36,10,39,2,0
0,37,10,40,2,0
0,38,10,45,2,0
0,39,10,45,2,0
0,40,10,46,2,0
0,41,10,48,2,0
0,42,10,56,2,0
0,43,11,2,2,0
0,44,11,12,2,0
0,45,11,14,2,0
0,46,11,18,2,0
0,47,11,19,2,0
0,48,11,22,2,0
0,49,11,33,2,0
0,50,11,36,2,0
0,51,11,40,2,0
0,52,11,41,2,0
0,53,11,48,2,0
0,54,11,48,2,0
0,55,11,50,2,0
0,56,11,51,2,0
0,57,11,53,2,0
0,58,11,56,2,0
0,59,12,3,2,0
0,60,12,20,2,0
0,61,12,27,2,0
0,62,12,27,2,0
0,63,12,29,2,0
0,64,12,29,2,17
0,65,12,35,2,0
0,66,12,36,2,0
0,67,12,36,2,74
0,68,12,50,2,0
0,69,12,50,2,0
0,70,12,51,2,0
0,71,12,59,2,0
0,72,13,1,2,0
0,73,13,6,2,0
0,74,13,7,2,0
0,75,13,8,2,0
0,76,13,9,2,0
0,77,13,11,2,0
0,78,13,21,2,0
0,79,13,22,2,0
0,80,13,23,2,0
0,81,13,23,2,0
0,82,13,24,2,0
0,83,13,28,2,0
0,84,13,29,2,77
0,85,13,32,2,0
0,86,13,32,2,0
0,87,13,36,2,0
0,88,13,37,2,0
0,89,13,39,2,310
1,90,13,41,2,225
0,91,13,49,2,0
0,92,13,58,2,0
0,93,14,3,2,0
0,94,14,4,2,0
0,95,14,6,2,0
0,96,14,7,2,0
0,97,14,13,2,0
0,98,14,19,2,0
0,99,14,20,2,0
0,100,14,21,2,0
0,101,14,22,2,0
0,102,14,26,2,0
0,103,14,28,2,0
0,104,14,42,2,0
0,105,14,43,2,0
0,106,14,47,2,0
0,107,14,48,2,0
0,108,14,51,2,0
0,109,14,51,2,0
0,110,14,52,2,0
0,111,14,56,2,0
0,112,14,59,2,0
0,113,15,5,2,0
0,114,15,7,2,0
0,115,15,8,2,0
0,116,15,12,2,0
0,117,15,14,2,0
0,118,15,15,2,0
0,119,15,23,2,0
0,120,15,25,2,0
0,121,15,30,2,0
0,122,15,31,2,0
0,123,15,32,2,0
0,124,15,36,2,0
0,125,15,37,2,0
0,126,15,39,2,218
0,127,15,50,2,0
0,128,15,55,2,0
0,129,15,56,2,0
0,130,16,0,2,0
0,131,16,3,2,0
0,132,16,6,2,0
0,133,16,12,2,0
0,134,16,12,2,0
0,135,16,14,2,0
0,136,16,14,2,0
0,137,16,22,2,0
0,138,16,28,2,0
0,139,16,28,2,0
0,140,16,40,2,0
0,141,16,40,2,0
0,142,16,47,2,0
0,143,16,52,2,0
0,144,17,2,2,0
0,145,17,3,2,0
0,146,17,3,2,0
0,147,17,7,2,0
0,148,17,11,2,0
0,149,17,14,2,0
0,150,17,15,2,0
0,151,17,18,2,0
0,152,17,19,2,0
0,153,17,26,2,0
0,154,17,32,2,0
0,155,17,32,2,0
0,156,17,33,2,0
0,157,17,33,2,3
0,158,17,36,2,0
0,159,17,42,2,0
0,160,17,43,2,0
0,161,17,48,2,0
0,162,17,50,2,0
0,164,17,51,2,0
0,165,17,53,2,0
0,168,17,57,2,25
0,1,8,0,3,0
0,2,8,3,3,0
0,3,8,3,3,0
0,4,8,5,3,0
0,5,8,5,3,0
0,6,8,6,3,0
0,7,8,15,3,0
0,8,8,38,3,0
0,9,8,41,3,0
0,10,8,46,3,0
0,11,8,48,3,0
0,12,8,53,3,0
0,13,8,53,3,0
0,14,8,57,3,0
0,15,9,0,3,0
0,16,9,9,3,0
0,17,9,11,3,0
0,18,9,13,3,0
0,19,9,14,3,0
0,20,9,16,3,60
0,21,9,17,3,0
0,22,9,18,3,0
0,23,9,19,3,5
0,24,9,23,3,0
0,25,9,25,3,0
0,26,9,26,3,0
0,27,9,33,3,0
0,28,9,34,3,0
0,29,9,39,3,0
0,30,9,40,3,0
0,31,9,41,3,0
0,32,9,45,3,0
0,33,9,47,3,0
0,34,9,51,3,55
0,35,9,55,3,3
0,36,9,56,3,0
0,37,10,0,3,0
0,38,10,1,3,0
0,39,10,2,3,0
0,40,10,2,3,0
0,41,10,4,3,0
0,42,10,12,3,0
0,43,10,17,3,0
0,44,10,20,3,0
0,45,10,22,3,0
0,46,10,31,3,0
0,47,10,38,3,0
0,48,10,48,3,0
0,49,10,48,3,0
0,50,10,48,3,0
0,51,10,53,3,0
0,52,10,54,3,0
0,53,11,2,3,0
0,54,11,2,3,0
0,55,11,6,3,0
0,56,11,6,3,10
0,57,11,11,3,0
0,58,11,14,3,0
0,59,11,18,3,0
0,60,11,31,3,0
0,61,11,36,3,0
0,62,11,37,3,0
0,63,11,42,3,0
0,64,11,48,3,0
0,65,11,52,3,0
0,66,11,55,3,0
0,67,12,0,3,0
0,68,12,0,3,0
0,69,12,5,3,0
0,70,12,7,3,0
0,71,12,13,3,0
0,72,12,14,3,0
0,73,12,28,3,0
0,74,12,32,3,0
0,75,12,40,3,0
0,76,12,47,3,0
0,77,12,51,3,0
0,78,12,56,3,0
0,79,13,4,3,0
0,80,13,11,3,0
0,81,13,13,3,0
0,82,13,28,3,0
0,83,13,33,3,0
0,84,13,43,3,0
0,85,13,43,3,0
0,86,13,47,3,0
0,87,13,47,3,0
0,88,13,54,3,0
0,89,13,55,3,0
0,90,13,58,3,0
0,91,13,58,3,0
0,92,13,58,3,48
0,93,14,1,3,13
0,94,14,1,3,90
1,95,14,1,3,204
2,96,14,1,3,189
3,97,14,2,3,197
0,98,14,7,3,8
0,99,14,8,3,0
0,100,14,23,3,0
0,101,14,23,3,0
0,102,14,26,3,0
0,103,14,27,3,0
0,104,14,30,3,0
0,105,14,31,3,0
0,106,14,38,3,0
0,107,14,43,3,0
0,108,14,44,3,0
0,109,14,44,3,0
0,110,14,48,3,0
0,111,14,49,3,0
0,112,14,52,3,0
0,113,14,59,3,0
0,114,15,0,3,0
0,115,15,2,3,0
0,116,15,3,3,0
0,117,15,9,3,0
0,118,15,9,3,0
0,119,15,15,3,0
0,120,15,17,3,0
0,121,15,17,3,0
0,122,15,18,3,0
0,123,15,19,3,0
0,124,15,19,3,0
0,125,15,30,3,0
0,126,15,30,3,0
0,127,15,31,3,0
0,128,15,31,3,0
0,129,15,41,3,0
0,130,15,42,3,0
0,131,15,47,3,0
0,132,15,48,3,0
0,133,15,49,3,0
0,134,15,52,3,0
0,135,15,59,3,0
0,136,16,0,3,0
0,137,16,1,3,0
0,138,16,6,3,0
0,139,16,8,3,0
0,140,16,10,3,0
0,141,16,10,3,0
0,142,16,18,3,0
0,143,16,28,3,0
0,144,16,30,3,0
0,145,16,31,3,0
0,146,16,33,3,0
0,147,16,41,3,0
0,148,16,49,3,0
0,149,16,51,3,0
0,150,16,51,3,0
0,151,16,52,3,0
0,152,16,57,3,0
0,153,17,0,3,0
0,154,17,3,3,0
0,155,17,10,3,0
0,156,17,17,3,0
0,157,17,19,3,0
0,158,17,27,3,0
0,159,17,31,3,0
0,160,17,43,3,0
0,161,17,45,3,0
0,162,17,47,3,0
0,164,17,54,3,0
0,1,8,0,4,0
0,2,8,1,4,0
0,3,8,1,4,0
0,4,8,5,4,0
0,5,8,7,4,0
0,6,8,14,4,0
0,7,8,15,4,0
0,8,8,20,4,0
0,9,8,28,4,0
0,10,8,35,4,0
0,11,8,36,4,0
0,12,8,41,4,0
0,13,8,42,4,0
0,14,8,46,4,0
0,15,8,53,4,0
0,16,8,59,4,0
0,17,9,1,4,0
0,18,9,2,4,0
0,19,9,11,4,0
0,20,9,12,4,0
0,21,9,16,4,0
0,22,9,20,4,0
0,23,9,27,4,0
0,24,9,36,4,0
0,25,9,36,4,0
0,26,9,40,4,0
0,27,9,47,4,0
0,28,9,48,4,0
0,29,9,51,4,0
0,30,9,52,4,0
0,31,9,52,4,0
0,32,9,55,4,0
0,33,9,56,4,0
0,34,9,59,4,0
0,35,10,0,4,0
0,36,10,10,4,0
0,37,10,13,4,0
0,38,10,15,4,0
0,39,10,16,4,0
0,40,10,22,4,0
0,41,10,22,4,0
0,42,10,28,4,0
0,43,10,30,4,0
0,44,10,31,4,0
0,45,10,35,4,0
0,46,10,42,4,0
0,47,10,45,4,0
0,48,10,46,4,0
0,49,10,50,4,0
0,50,10,53,4,0
0,51,11,9,4,0
0,52,11,18,4,0
0,53,11,18,4,0
0,54,11,22,4,0
0,55,11,23,4,0
0,56,11,28,4,0
0,57,11,28,4,0
0,58,11,29,4,0
0,59,11,30,4,0
0,60,11,32,4,0
0,61,11,36,4,0
0,62,11,37,4,0
0,63,11,39,4,0
0,64,11,42,4,0
0,65,11,44,4,4
0,66,11,44,4,117
0,67,11,48,4,0
0,68,11,50,4,0
0,69,11,54,4,0
0,70,11,55,4,0
0,71,11,55,4,0
0,72,11,56,4,0
0,73,11,56,4,0
0,74,12,3,4,0
0,75,12,3,4,0
0,76,12,7,4,0
0,77,12,8,4,0
0,78,12,12,4,0
0,79,12,14,4,0
0,80,12,15,4,0
0,81,12,19,4,0
0,82,12,20,4,0
0,83,12,24,4,0
0,84,12,26,4,0
0,85,12,29,4,0
0,86,12,30,4,0
0,87,12,35,4,0
0,88,12,42,4,0
0,89,12,43,4,0
0,90,12,45,4,0
0,91,12,49,4,0
0,92,12,49,4,0
0,93,12,51,4,0
0,94,12,58,4,0
0,95,13,0,4,0
0,96,13,3,4,0
0,97,13,7,4,0
0,98,13,9,4,0
0,99,13,11,4,0
0,100,13,13,4,0
0,101,13,18,4,0
0,102,13,29,4,0
0,103,13,31,4,0
0,104,13,33,4,0
0,105,13,39,4,0
0,106,13,41,4,0
0,107,13,45,4,0
0,108,13,54,4,0
0,109,13,58,4,0
0,110,14,2,4,0
0,111,14,23,4,0
0,112,14,25,4,0
0,113,14,31,4,0
0,114,14,32,4,0
0,115,14,34,4,0
0,116,14,42,4,0
0,117,14,46,4,0
0,118,14,50,4,0
0,119,14,56,4,0
0,120,14,58,4,0
0,121,15,11,4,0
0,122,15,16,4,0
0,123,15,25,4,0
0,124,15,25,4,0
0,125,15,26,4,0
0,126,15,28,4,0
0,127,15,33,4,0
0,128,15,35,4,0
0,129,15,36,4,0
0,130,15,38,4,0
0,131,15,40,4,0
0,132,15,45,4,0
0,133,15,50,4,0
0,134,15,58,4,0
0,135,15,58,4,0
0,136,16,0,4,0
0,137,16,2,4,0
0,138,16,6,4,0
0,139,16,8,4,0
0,140,16,9,4,0
0,141,16,10,4,0
0,142,16,10,4,0
0,143,16,11,4,57
0,144,16,15,4,0
0,145,16,21,4,0
0,146,16,22,4,0
0,147,16,26,4,0
0,148,16,26,4,0
0,149,16,28,4,0
0,150,16,29,4,0
0,151,16,31,4,0
0,152,16,33,4,0
0,153,16,34,4,0
0,154,16,35,4,0
0,155,16,35,4,57
1,156,16,35,4,265
2,157,16,35,4,265
2,158,16,36,4,241
3,159,16,36,4,276
4,160,16,37,4,266
2,161,16,41,4,110
0,162,16,43,4,120
0,163,16,47,4,0
0,164,16,49,4,0
0,165,16,49,4,285
1,166,16,51,4,215
1,167,16,54,4,59
2,168,16,55,4,50
0,169,17,0,4,0
0,170,17,6,4,0
0,171,17,10,4,0
0,172,17,10,4,0
0,173,17,11,4,0
0,174,17,12,4,45
0,175,17,14,4,0
0,176,17,15,4,0
0,177,17,17,4,0
0,178,17,21,4,0
0,179,17,22,4,0
0,180,17,24,4,0
0,181,17,26,4,0
0,182,17,30,4,0
0,183,17,33,4,0
0,184,17,34,4,0
0,185,17,37,4,0
0,186,17,40,4,0
0,187,17,41,4,0
0,188,17,42,4,74
0,190,17,46,4,138
0,192,17,52,4,0
0,193,17,53,4,0
0,1,8,0,0,0
0,2,8,13,0,0
0,3,8,15,0,0
0,4,8,16,0,0
0,5,8,18,0,0
0,6,8,25,0,0
0,7,8,31,0,0
0,8,8,34,0,0
0,9,8,34,0,0
0,10,8,38,0,0
0,11,8,41,0,0
0,12,8,43,0,0
0,13,8,45,0,0
0,14,8,55,0,0
0,15,8,58,0,0
0,16,8,59,0,0
0,17,9,4,0,0
0,18,9,5,0,0
0,19,9,15,0,0
0,20,9,18,0,0
0,21,9,20,0,0
0,22,9,22,0,0
0,23,9,23,0,0
0,24,9,28,0,0
0,25,9,31,0,0
0,26,9,35,0,0
0,27,9,38,0,0
0,28,9,39,0,0
0,29,9,44,0,0
0,30,9,47,0,0
0,31,9,48,0,0
0,32,9,52,0,0
0,33,9,53,0,0
0,34,9,53,0,3
0,35,9,56,0,0
0,36,9,58,0,0
0,37,10,3,0,0
0,38,10,10,0,0
0,39,10,12,0,0
0,40,10,12,0,0
0,41,10,14,0,0
0,42,10,15,0,134
1,43,10,17,0,102
0,44,10,21,0,0
0,45,10,27,0,0
0,46,10,29,0,0
0,47,10,30,0,0
0,48,10,31,0,0
0,49,10,34,0,0
0,50,10,36,0,0
0,51,10,48,0,0
0,52,10,49,0,0
0,53,10,53,0,0
0,54,10,59,0,0
0,55,11,1,0,0
0,56,11,4,0,0
0,57,11,6,0,0
0,58,11,8,0,0
0,59,11,14,0,0
0,60,11,22,0,0
0,61,11,23,0,0
0,62,11,26,0,0
0,63,11,31,0,0
0,64,11,37,0,0
0,65,11,39,0,0
0,66,11,41,0,0
0,67,11,45,0,0
0,68,11,47,0,0
0,69,11,52,0,0
0,70,11,54,0,0
0,71,11,54,0,0
0,72,11,57,0,0
0,73,11,58,0,0
0,74,12,9,0,0
0,75,12,16,0,0
0,76,12,19,0,0
0,77,12,24,0,0
0,78,12,26,0,0
0,79,12,39,0,0
0,80,12,39,0,0
0,81,12,46,0,0
0,82,12,48,0,0
0,83,12,53,0,0
0,84,13,4,0,0
0,85,13,7,0,0
0,86,13,12,0,0
0,87,13,24,0,0
0,88,13,26,0,0
0,89,13,28,0,0
0,90,13,35,0,0
0,91,13,47,0,0
0,92,13,49,0,0
0,93,13,58,0,0
0,94,13,59,0,0
0,95,14,0,0,0
0,96,14,5,0,0
0,97,14,9,0,0
0,98,14,11,0,0
0,99,14,11,0,0
0,100,14,13,0,0
0,101,14,15,0,0
0,102,14,16,0,0
0,103,14,18,0,0
0,104,14,19,0,0
0,105,14,25,0,0
0,106,14,25,0,0
0,107,14,27,0,0
0,108,14,32,0,0
0,109,14,51,0,0
0,110,14,53,0,0
0,111,14,54,0,0
0,112,14,56,0,0
0,113,14,56,0,0
0,114,15,3,0,0
0,115,15,8,0,0
0,116,15,10,0,0
0,117,15,20,0,0
0,118,15,21,0,0
0,119,15,23,0,0
0,120,15,24,0,0
0,121,15,31,0,0
0,122,15,36,0,0
0,123,15,36,0,0
0,124,15,38,0,0
0,125,15,42,0,0
0,126,15,48,0,0
0,127,15,50,0,0
0,128,15,52,0,0
0,129,15,55,0,0
0,130,16,8,0,0
0,131,16,9,0,0
0,132,16,11,0,0
0,133,16,15,0,0
0,134,16,22,0,0
0,135,16,24,0,0
0,136,16,24,0,0
0,137,16,26,0,0
0,138,16,30,0,0
0,139,16,31,0,0
0,140,16,35,0,0
0,141,16,40,0,0
0,142,16,41,0,0
0,143,16,53,0,0
0,144,16,56,0,0
0,145,17,5,0,0
0,146,17,5,0,0
0,147,17,7,0,0
0,148,17,8,0,0
0,149,17,10,0,0
0,150,17,18,0,0
0,151,17,19,0,0
0,152,17,19,0,0
0,153,17,29,0,0
0,154,17,47,0,0
0,155,17,48,0,0
0,156,17,49,0,0
0,157,17,50,0,0
0,158,17,50,0,0
0,159,17,53,0,0
0,1,8,0,1,0
0,2,8,9,1,0
0,3,8,9,1,0
0,4,8,9,1,0
0,5,8,9,1,0
0,6,8,11,1,0
0,7,8,11,1,40
0,8,8,14,1,0
0,9,8,20,1,0
0,10,8,21,1,0
0,11,8,22,1,0
0,12,8,27,1,0
0,13,8,32,1,0
0,14,8,34,1,0
0,15,8,34,1,0
0,16,8,37,1,0
0,17,8,40,1,0
0,18,8,43,1,0
0,19,8,44,1,0
0,20,8,46,1,0
0,21,8,47,1,99
0,22,8,51,1,0
0,23,8,51,1,0
0,24,9,2,1,0
0,25,9,3,1,0
0,26,9,6,1,0
0,27,9,8,1,0
0,28,9,9,1,0
0,29,9,11,1,0
0,30,9,17,1,0
0,31,9,18,1,0
0,32,9,28,1,0
0,33,9,28,1,0
0,34,9,28,1,0
0,35,9,32,1,0
0,36,9,34,1,0
0,37,9,42,1,0
0,38,9,47,1,0
0,39,9,51,1,0
0,40,10,1,1,0
0,41,10,2,1,0
0,42,10,6,1,0
0,43,10,20,1,0
0,44,10,22,1,0
0,45,10,25,1,0
0,46,10,32,1,0
0,47,10,40,1,0
0,48,10,44,1,0
0,49,10,44,1,0
0,50,10,46,1,0
0,51,10,47,1,0
0,52,10,55,1,0
0,53,10,56,1,0
0,54,11,1,1,0
0,55,11,3,1,0
0,56,11,7,1,0
0,57,11,7,1,0
0,58,11,20,1,0
0,59,11,22,1,0
0,60,11,32,1,0
0,61,11,33,1,0
0,62,11,33,1,0
0,63,11,33,1,0
0,64,11,36,1,0
0,65,11,37,1,0
0,66,11,41,1,0
0,67,11,50,1,0
0,68,11,50,1,0
0,69,11,52,1,0
0,70,11,56,1,0
0,71,11,56,1,0
0,72,12,0,1,0
0,73,12,1,1,0
0,74,12,2,1,0
0,75,12,4,1,0
0,76,12,11,1,0
0,77,12,15,1,0
0,78,12,21,1,0
0,79,12,22,1,0
0,80,12,23,1,0
0,81,12,23,1,0
0,82,12,24,1,0
0,83,12,27,1,0
0,84,12,28,1,0
0,85,12,30,1,0
0,86,12,30,1,0
0,87,12,30,1,0
0,88,12,33,1,0
0,89,12,34,1,0
0,90,12,35,1,0
0,91,12,37,1,65
0,92,12,38,1,32
1,93,12,39,1,41
0,94,12,41,1,0
0,95,12,44,1,0
0,96,12,49,1,0
0,97,12,53,1,0
0,98,12,58,1,0
0,99,12,59,1,0
0,100,13,2,1,0
0,101,13,7,1,0
0,102,13,12,1,0
0,103,13,13,1,0
0,104,13,17,1,0
0,105,13,19,1,0
0,106,13,20,1,0
0,107,13,24,1,0
0,108,13,30,1,0
0,109,13,31,1,0
0,110,13,31,1,0
0,111,13,33,1,0
0,112,13,33,1,0
0,113,13,34,1,0
0,114,13,36,1,0
0,115,13,37,1,0
0,116,13,39,1,0
0,117,13,44,1,0
0,118,13,48,1,0
0,119,13,48,1,0
0,120,13,50,1,0
0,121,13,51,1,0
0,122,13,59,1,0
0,123,14,0,1,0
0,124,14,16,1,0
0,125,14,16,1,0
0,126,14,20,1,0
0,127,14,26,1,0
0,128,14,27,1,0
0,129,14,27,1,0
0,130,14,29,1,0
0,131,14,36,1,0
0,132,14,38,1,0
0,133,14,40,1,0
0,134,14,45,1,0
0,135,14,49,1,0
0,136,14,53,1,0
0,137,14,57,1,0
0,138,15,8,1,0
0,139,15,8,1,0
0,140,15,11,1,0
0,141,15,12,1,0
0,142,15,17,1,0
0,143,15,24,1,0
0,144,15,26,1,0
0,145,15,26,1,0
0,146,15,29,1,0
0,147,15,29,1,0
0,148,15,33,1,0
0,149,15,35,1,0
0,150,15,47,1,0
0,151,15,48,1,0
0,152,15,58,1,0
0,153,15,59,1,0
0,154,16,4,1,0
0,155,16,5,1,0
0,156,16,7,1,0
0,157,16,10,1,0
0,158,16,10,1,130
1,159,16,11,1,147
2,160,16,12,1,358
0,161,16,23,1,0
0,162,16,24,1,0
0,163,16,26,1,0
0,164,16,37,1,0
0,165,16,37,1,0
0,166,16,38,1,0
0,167,16,41,1,0
0,168,16,43,1,0
0,169,16,48,1,0
0,170,16,49,1,0
0,171,16,53,1,0
0,172,16,54,1,0
0,173,16,56,1,0
0,174,16,58,1,0
0,175,17,2,1,0
0,176,17,3,1,0
0,177,17,9,1,0
0,178,17,9,1,0
0,179,17,9,1,0
0,180,17,15,1,0
0,181,17,17,1,0
0,182,17,20,1,0
0,183,17,22,1,0
0,184,17,25,1,0
0,185,17,32,1,0
0,186,17,32,1,0
0,187,17,35,1,0
0,188,17,37,1,0
0,189,17,40,1,0
0,190,17,40,1,0
0,191,17,41,1,18
0,193,17,48,1,0
0,194,17,53,1,0
0,195,17,55,1,0
0,196,17,57,1,0
0,1,8,0,2,0
0,2,8,3,2,0
0,3,8,8,2,0
0,4,8,12,2,0
0,5,8,14,2,0
0,6,8,15,2,0
0,7,8,19,2,0
0,8,8,20,2,0
0,9,8,21,2,0
0,10,8,33,2,0
0,11,8,37,2,0
0,12,8,38,2,0
0,13,8,43,2,0
0,14,8,43,2,0
0,15,8,58,2,0
0,16,9,0,2,0
0,17,9,1,2,0
0,18,9,2,2,0
0,19,9,6,2,0
0,20,9,6,2,0
0,21,9,9,2,0
0,22,9,9,2,0
0,23,9,14,2,0
0,24,9,19,2,0
0,25,9,21,2,0
0,26,9,23,2,0
0,27,9,27,2,0
0,28,9,40,2,0
0,29,9,40,2,0
0,30,9,43,2,0
0,31,9,43,2,0
0,32,9,44,2,0
0,33,9,45,2,0
0,34,9,48,2,0
0,35,9,49,2,0
0,36,9,55,2,0
0,37,9,58,2,0
0,38,9,58,2,0
0,39,9,58,2,0
0,40,9,59,2,0
0,41,9,59,2,16
0,42,10,0,2,0
0,43,10,1,2,49
0,44,10,2,2,134
0,45,10,6,2,10
0,46,10,9,2,0
0,47,10,12,2,0
0,48,10,15,2,0
0,49,10,18,2,0
0,50,10,20,2,0
0,51,10,22,2,0
0,52,10,29,2,0
0,53,10,40,2,0
0,54,10,48,2,0
0,55,10,49,2,0
0,56,10,49,2,0
0,57,10,49,2,0
0,58,10,51,2,0
0,59,10,52,2,0
0,60,11,4,2,0
0,61,11,5,2,0
0,62,11,6,2,0
0,63,11,10,2,0
0,64,11,14,2,0
0,65,11,17,2,0
0,66,11,26,2,0
0,67,11,27,2,0
0,68,11,27,2,0
0,69,11,28,2,0
0,70,11,29,2,0
0,71,11,30,2,14
1,72,11,30,2,77
0,73,11,34,2,0
0,74,11,34,2,0
0,75,11,37,2,0
0,76,11,53,2,0
0,77,11,53,2,0
0,78,11,54,2,0
0,79,12,0,2,0
0,80,12,13,2,0
0,81,12,13,2,0
0,82,12,15,2,0
0,83,12,17,2,0
0,84,12,25,2,0
0,85,12,30,2,0
0,86,12,30,2,0
0,87,12,31,2,0
0,88,12,40,2,0
0,89,12,40,2,0
0,90,12,45,2,0
0,91,12,48,2,0
0,92,12,52,2,0
0,93,12,54,2,0
0,94,12,54,2,0
0,95,12,57,2,0
0,96,12,58,2,0
0,97,12,59,2,0
0,98,13,0,2,0
0,99,13,4,2,0
0,100,13,6,2,0
0,101,13,10,2,0
0,102,13,14,2,0
0,103,13,14,2,0
0,104,13,15,2,0
0,105,13,21,2,0
0,106,13,23,2,0
0,107,13,24,2,0
0,108,13,25,2,0
0,109,13,27,2,0
0,110,13,27,2,0
0,111,13,27,2,25
0,112,13,28,2,0
0,113,13,29,2,11
1,114,13,29,2,45
0,115,13,30,2,139
0,116,13,39,2,0
0,117,13,40,2,0
0,118,13,41,2,0
0,119,13,46,2,109
0,120,13,52,2,0
0,121,13,54,2,0
0,122,13,55,2,0
0,123,13,59,2,0
0,124,13,59,2,0
0,125,14,1,2,0
0,126,14,4,2,0
0,127,14,8,2,0
0,128,14,11,2,0
0,129,14,12,2,0
0,130,14,16,2,0
0,131,14,17,2,0
0,132,14,17,2,0
0,133,14,29,2,0
0,134,14,34,2,0
0,135,14,34,2,0
0,136,14,34,2,0
0,137,14,34,2,0
0,138,14,36,2,0
0,139,14,40,2,0
0,140,14,42,2,0
0,141,14,45,2,0
0,142,14,48,2,0
0,143,14,51,2,0
0,144,14,54,2,0
0,145,15,3,2,0
0,146,15,5,2,0
0,147,15,8,2,0
0,148,15,10,2,0
0,149,15,14,2,0
0,150,15,24,2,0
0,151,15,28,2,0
0,152,15,29,2,0
0,153,15,34,2,0
0,154,15,34,2,0
0,155,15,36,2,0
0,156,15,36,2,0
0,157,15,41,2,0
0,158,15,44,2,0
0,159,15,47,2,0
0,160,15,50,2,0
0,161,15,54,2,0
0,162,15,57,2,0
0,163,16,0,2,0
0,164,16,1,2,0
0,165,16,1,2,0
0,166,16,12,2,0
0,167,16,17,2,0
0,168,16,23,2,0
0,169,16,24,2,0
0,170,16,29,2,0
0,171,16,30,2,0
0,172,16,31,2,1
0,173,16,33,2,0
0,174,16,34,2,0
0,175,16,35,2,109
0,176,16,40,2,0
0,177,16,44,2,0
0,178,16,46,2,0
0,179,16,47,2,0
0,180,16,49,2,0
0,181,16,49,2,0
0,182,16,52,2,0
0,183,16,54,2,0
0,184,17,2,2,0
0,185,17,3,2,0
0,186,17,4,2,0
0,187,17,11,2,0
0,188,17,14,2,0
0,189,17,15,2,0
0,190,17,16,2,0
0,191,17,19,2,0
0,192,17,21,2,0
0,193,17,28,2,0
0,194,17,34,2,0
0,195,17,37,2,0
0,196,17,41,2,0
0,197,17,43,2,0
0,198,17,43,2,0
0,199,17,44,2,0
0,201,17,47,2,0
0,200,17,47,2,0
0,202,17,48,2,0
0,204,17,57,2,0
0,1,8,0,3,0
0,2,8,2,3,0
0,3,8,4,3,0
0,4,8,7,3,0
0,5,8,7,3,0
0,6,8,9,3,0
0,7,8,13,3,0
0,8,8,16,3,0
0,9,8,23,3,0
0,10,8,36,3,0
0,11,8,37,3,0
0,12,8,38,3,0
0,13,8,45,3,0
0,14,8,46,3,0
0,15,8,48,3,0
0,16,8,49,3,0
0,17,8,54,3,0
0,18,8,54,3,0
0,19,8,56,3,0
0,20,8,57,3,0
0,21,9,9,3,0
0,22,9,17,3,0
0,23,9,19,3,0
0,24,9,23,3,0
0,25,9,30,3,0
0,26,9,30,3,0
0,27,9,32,3,0
0,28,9,33,3,0
0,29,9,33,3,0
0,30,9,47,3,0
0,31,9,49,3,0
0,32,9,50,3,0
0,33,9,53,3,0
0,34,9,53,3,2
0,35,9,56,3,0
0,36,10,0,3,0
0,37,10,4,3,0
0,38,10,6,3,0
0,39,10,7,3,0
0,40,10,9,3,0
0,41,10,19,3,0
0,42,10,27,3,0
0,43,10,29,3,0
0,44,10,29,3,0
0,45,10,31,3,0
0,46,10,33,3,0
0,47,10,36,3,0
0,48,10,38,3,0
0,49,10,40,3,0
0,50,10,41,3,0
0,51,10,42,3,0
0,52,10,52,3,0
0,53,10,52,3,0
0,54,10,57,3,0
0,55,10,58,3,0
0,56,10,58,3,187
1,57,10,59,3,171
2,58,11,1,3,91
0,59,11,5,3,0
0,60,11,7,3,0
0,61,11,10,3,0
0,62,11,11,3,0
0,63,11,15,3,0
0,64,11,17,3,0
0,65,11,19,3,0
0,66,11,21,3,0
0,67,11,34,3,0
0,68,11,35,3,0
0,69,11,36,3,0
0,70,11,37,3,0
0,71,11,45,3,0
0,72,11,50,3,0
0,73,11,57,3,0
0,74,11,59,3,0
0,75,12,3,3,0
0,76,12,4,3,0
0,77,12,4,3,0
0,78,12,12,3,0
0,79,12,12,3,0
0,80,12,14,3,0
0,81,12,17,3,0
0,82,12,26,3,0
0,83,12,30,3,0
0,84,12,35,3,0
0,85,12,36,3,0
0,86,12,38,3,0
0,87,12,39,3,0
0,88,12,49,3,0
0,89,12,53,3,0
0,90,12,57,3,0
0,91,13,0,3,0
0,92,13,2,3,0
0,93,13,3,3,0
0,94,13,7,3,0
0,95,13,8,3,0
0,96,13,8,3,0
0,97,13,11,3,0
0,98,13,11,3,0
0,99,13,13,3,0
0,100,13,17,3,118
1,101,13,17,3,166
0,102,13,21,3,87
0,103,13,24,3,0
0,104,13,25,3,0
0,105,13,33,3,0
0,106,13,41,3,0
0,107,13,41,3,0
0,108,13,44,3,0
0,109,13,44,3,0
0,110,13,44,3,0
0,111,13,46,3,0
0,112,13,59,3,0
0,113,14,1,3,0
0,114,14,4,3,0
0,115,14,5,3,0
0,116,14,17,3,0
0,117,14,24,3,0
0,118,14,26,3,0
0,119,14,26,3,0
0,120,14,28,3,0
0,121,14,32,3,0
0,122,14,33,3,0
0,123,14,34,3,44
0,124,14,35,3,55
0,125,14,41,3,0
0,126,14,44,3,0
0,127,14,47,3,0
0,128,14,51,3,0
0,129,14,53,3,0
0,130,14,59,3,0
0,131,14,59,3,0
0,132,15,0,3,0
0,133,15,2,3,0
0,134,15,3,3,0
0,135,15,4,3,0
0,136,15,11,3,0
0,137,15,14,3,0
0,138,15,14,3,0
0,139,15,16,3,0
0,140,15,18,3,0
0,141,15,19,3,0
0,142,15,19,3,0
0,143,15,19,3,0
0,144,15,34,3,0
0,145,15,39,3,0
0,146,15,41,3,0
0,147,15,47,3,0
0,148,15,52,3,0
0,149,15,56,3,0
0,150,15,58,3,0
0,151,16,4,3,0
0,152,16,5,3,0
0,153,16,6,3,0
0,154,16,11,3,0
0,155,16,12,3,0
0,156,16,18,3,0
0,157,16,24,3,0
0,158,16,26,3,0
0,159,16,27,3,0
0,160,16,28,3,0
0,161,16,32,3,0
0,162,16,36,3,0
0,163,16,37,3,0
0,164,16,41,3,0
0,165,16,45,3,0
0,166,16,45,3,91
0,167,16,46,3,97
0,168,16,51,3,78
0,169,16,55,3,0
0,170,16,56,3,0
0,171,17,6,3,0
0,172,17,6,3,0
0,173,17,8,3,0
0,174,17,14,3,0
0,175,17,16,3,0
0,176,17,17,3,0
0,177,17,26,3,0
0,178,17,29,3,0
0,179,17,32,3,0
0,180,17,40,3,0
0,181,17,43,3,0
0,182,17,44,3,0
0,183,17,44,3,0
0,184,17,44,3,0
0,185,17,47,3,0
0,186,17,53,3,0
0,1,8,0,4,0
0,2,8,4,4,0
0,3,8,16,4,0
0,4,8,17,4,0
0,5,8,19,4,0
0,6,8,20,4,0
0,7,8,25,4,0
0,8,8,26,4,0
0,9,8,31,4,0
0,10,8,35,4,0
0,11,8,37,4,0
0,12,8,40,4,0
0,13,8,41,4,0
0,14,8,42,4,0
0,15,8,49,4,0
0,16,8,55,4,0
0,17,8,58,4,0
0,18,9,0,4,0
0,19,9,14,4,0
0,20,9,15,4,0
0,21,9,19,4,0
0,22,9,22,4,0
0,23,9,25,4,0
0,24,9,29,4,0
0,25,9,34,4,0
0,26,9,37,4,0
0,27,9,39,4,0
0,28,9,40,4,0
0,29,9,41,4,0
0,30,9,42,4,0
0,31,9,48,4,0
0,32,9,49,4,0
0,33,9,49,4,34
1,34,9,50,4,197
0,35,9,58,4,0
0,36,10,2,4,0
0,37,10,3,4,0
0,38,10,4,4,0
0,39,10,5,4,33
0,40,10,12,4,0
0,41,10,16,4,0
0,42,10,17,4,0
0,43,10,29,4,0
0,44,10,34,4,0
0,45,10,34,4,0
0,46,10,41,4,0
0,47,10,50,4,0
0,48,10,55,4,0
0,49,10,57,4,0
0,50,11,0,4,0
0,51,11,5,4,0
0,52,11,6,4,0
0,53,11,8,4,0
0,54,11,9,4,0
0,55,11,14,4,0
0,56,11,14,4,0
0,57,11,20,4,0
0,58,11,21,4,0
0,59,11,22,4,0
0,60,11,24,4,32
1,61,11,24,4,79
0,62,11,29,4,0
0,63,11,32,4,0
0,64,11,37,4,0
0,65,11,38,4,0
0,66,11,38,4,0
0,67,11,40,4,0
0,68,11,45,4,0
0,69,11,48,4,0
0,70,11,57,4,0
0,71,11,58,4,0
0,72,11,59,4,0
0,73,12,1,4,0
0,74,12,6,4,0
0,75,12,7,4,0
0,76,12,8,4,0
0,77,12,19,4,0
0,78,12,20,4,0
0,79,12,22,4,0
0,80,12,25,4,0
0,81,12,25,4,0
0,82,12,27,4,0
0,83,12,30,4,0
0,84,12,32,4,0
0,85,12,39,4,0
0,86,12,47,4,0
0,87,12,47,4,0
0,88,12,49,4,0
0,89,12,49,4,0
0,90,12,52,4,0
0,91,12,58,4,0
0,92,13,0,4,0
0,93,13,1,4,0
0,94,13,4,4,0
0,95,13,8,4,0
0,96,13,10,4,0
0,97,13,21,4,0
0,98,13,29,4,0
0,99,13,29,4,0
0,100,13,30,4,0
0,101,13,30,4,0
0,102,13,35,4,0
0,103,13,36,4,0
0,104,13,36,4,0
0,105,13,38,4,0
0,106,13,39,4,0
0,107,13,40,4,0
0,108,13,41,4,0
0,109,13,41,4,0
0,110,13,43,4,0
0,111,13,51,4,0
0,112,13,56,4,0
0,113,14,1,4,0
0,114,14,4,4,0
0,115,14,7,4,0
0,116,14,15,4,0
0,117,14,17,4,0
0,118,14,19,4,0
0,119,14,20,4,0
0,120,14,21,4,0
0,121,14,21,4,0
0,122,14,21,4,0
0,123,14,22,4,0
0,124,14,26,4,0
0,125,14,27,4,0
0,126,14,27,4,0
0,127,14,27,4,0
0,128,14,28,4,82
0,129,14,34,4,0
0,130,14,34,4,0
0,131,14,35,4,0
0,132,14,39,4,0
0,133,14,44,4,0
0,134,14,48,4,0
0,135,14,49,4,0
0,136,14,51,4,0
0,137,14,57,4,0
0,138,14,59,4,0
0,139,15,4,4,0
0,140,15,15,4,0
0,141,15,19,4,0
0,142,15,21,4,0
0,143,15,26,4,0
0,144,15,27,4,0
0,145,15,29,4,0
0,146,15,37,4,0
0,147,15,38,4,0
0,148,15,43,4,0
0,149,15,48,4,0
0,150,15,48,4,0
0,151,15,53,4,0
0,152,15,54,4,0
0,153,15,54,4,0
0,154,15,54,4,49
0,155,15,59,4,0
0,156,16,0,4,0
0,157,16,1,4,0
0,158,16,3,4,84
0,159,16,7,4,0
0,160,16,9,4,0
0,161,16,10,4,0
0,162,16,11,4,157
1,163,16,12,4,148
2,164,16,13,4,102
2,165,16,14,4,220
0,166,16,18,4,51
0,167,16,21,4,0
0,168,16,22,4,0
0,169,16,26,4,0
0,170,16,26,4,0
0,171,16,33,4,0
0,172,16,35,4,0
0,173,16,38,4,0
0,174,16,40,4,0
0,175,16,41,4,0
0,176,16,42,4,0
0,177,16,44,4,0
0,178,16,48,4,0
0,179,16,50,4,0
0,180,16,56,4,0
0,181,16,57,4,0
0,182,16,59,4,0
0,183,17,0,4,0
0,184,17,9,4,0
0,185,17,11,4,0
0,186,17,15,4,0
0,187,17,15,4,0
0,188,17,16,4,0
0,189,17,17,4,180
0,190,17,23,4,0
0,191,17,23,4,18
0,192,17,24,4,20
0,193,17,25,4,0
0,194,17,25,4,61
0,195,17,27,4,242
1,196,17,29,4,297
1,197,17,31,4,358
2,198,17,32,4,399
3,199,17,33,4,348
0,200,17,42,4,0
0,201,17,48,4,0
0,203,17,57,4,0
0,1,8,0,0,0
0,2,8,0,0,0
0,3,8,7,0,0
0,4,8,11,0,0
0,5,8,14,0,0
0,6,8,17,0,0
0,7,8,24,0,0
0,8,8,24,0,0
0,9,8,26,0,0
0,10,8,26,0,0
0,11,8,27,0,0
0,12,8,28,0,0
0,13,8,29,0,0
0,14,8,35,0,0
0,15,8,35,0,0
0,16,8,37,0,0
0,17,8,38,0,0
0,18,8,38,0,21
0,19,8,50,0,0
0,20,8,50,0,0
0,21,8,51,0,0
0,22,8,52,0,0
0,23,9,4,0,0
0,24,9,6,0,0
0,25,9,7,0,0
0,26,9,8,0,0
0,27,9,11,0,0
0,28,9,13,0,223
1,29,9,16,0,231
0,30,9,21,0,137
0,31,9,31,0,0
0,32,9,31,0,0
0,33,9,32,0,0
0,34,9,32,0,0
0,35,9,34,0,0
0,36,9,34,0,7
0,37,9,35,0,84
0,38,9,39,0,0
0,39,9,42,0,0
0,40,9,45,0,0
0,41,9,46,0,0
0,42,9,51,0,0
0,43,9,56,0,0
0,44,9,56,0,0
0,45,10,0,0,0
0,46,10,13,0,0
0,47,10,14,0,0
0,48,10,16,0,0
0,49,10,17,0,0
0,50,10,19,0,0
0,51,10,19,0,0
0,52,10,22,0,0
0,53,10,32,0,0
0,54,10,34,0,0
0,55,10,41,0,0
0,56,10,44,0,0
0,57,10,53,0,0
0,58,10,58,0,0
0,59,11,0,0,0
0,60,11,1,0,0
0,61,11,4,0,0
0,62,11,11,0,0
0,63,11,12,0,0
0,64,11,13,0,0
0,65,11,16,0,0
0,66,11,18,0,0
0,67,11,21,0,0
0,68,11,28,0,0
0,69,11,33,0,0
0,70,11,41,0,0
0,71,11,46,0,0
0,72,11,52,0,0
0,73,11,52,0,0
0,74,11,53,0,0
0,75,11,59,0,0
0,76,12,3,0,0
0,77,12,4,0,0
0,78,12,5,0,0
0,79,12,9,0,0
0,80,12,13,0,0
0,81,12,16,0,0
0,82,12,19,0,0
0,83,12,21,0,0
0,84,12,22,0,0
0,85,12,23,0,0
0,86,12,25,0,0
0,87,12,25,0,0
0,88,12,26,0,0
0,89,12,26,0,24
0,90,12,34,0,0
0,91,12,37,0,0
0,92,12,38,0,0
0,93,12,38,0,0
0,94,12,39,0,177
1,95,12,40,0,198
0,96,12,45,0,15
0,97,12,47,0,0
0,98,12,49,0,0
0,99,12,56,0,0
0,100,12,57,0,0
0,101,12,58,0,0
0,102,12,58,0,59
0,103,13,10,0,0
0,104,13,12,0,0
0,105,13,13,0,0
0,106,13,15,0,0
0,107,13,18,0,0
0,108,13,22,0,0
0,109,13,27,0,0
0,110,13,28,0,0
0,111,13,29,0,0
0,112,13,31,0,0
0,113,13,32,0,61
1,114,13,32,0,378
1,115,13,33,0,349
2,116,13,35,0,242
3,117,13,36,0,207
4,118,13,36,0,218
0,119,13,41,0,109
0,120,13,45,0,0
0,121,13,52,0,0
0,122,13,54,0,0
0,123,13,54,0,0
0,124,14,0,0,0
0,125,14,1,0,0
0,126,14,4,0,0
0,127,14,10,0,0
0,128,14,24,0,0
0,129,14,27,0,0
0,130,14,29,0,0
0,131,14,37,0,0
0,132,14,39,0,0
0,133,14,41,0,0
0,134,14,41,0,0
0,135,14,47,0,0
0,136,14,48,0,0
0,137,14,49,0,0
0,138,14,51,0,0
0,139,14,51,0,23
0,140,14,54,0,0
0,141,14,56,0,0
0,142,15,0,0,0
0,143,15,3,0,0
0,144,15,5,0,0
0,145,15,9,0,0
0,146,15,17,0,0
0,147,15,26,0,0
0,148,15,30,0,0
0,149,15,35,0,0
0,150,15,38,0,0
0,151,15,41,0,0
0,152,15,43,0,0
0,153,15,45,0,0
0,154,15,46,0,0
0,155,15,47,0,0
0,156,15,51,0,0
0,157,15,55,0,0
0,158,15,58,0,0
0,159,16,4,0,0
0,160,16,9,0,0
0,161,16,10,0,0
0,162,16,11,0,0
0,163,16,11,0,0
0,164,16,12,0,0
0,165,16,27,0,0
0,166,16,30,0,0
0,167,16,31,0,0
0,168,16,35,0,0
0,169,16,39,0,0
0,170,16,40,0,0
0,171,16,41,0,0
0,172,16,52,0,0
0,173,17,7,0,0
0,174,17,11,0,0
0,175,17,13,0,0
0,176,17,15,0,0
0,177,17,19,0,0
0,178,17,20,0,0
0,179,17,23,0,0
0,180,17,24,0,0
0,181,17,29,0,0
0,182,17,30,0,0
0,183,17,31,0,0
0,184,17,33,0,0
0,185,17,34,0,0
0,186,17,50,0,0
0,1,8,0,1,0
0,2,8,1,1,0
0,3,8,1,1,0
0,4,8,3,1,0
0,5,8,4,1,0
0,6,8,6,1,0
0,7,8,7,1,0
0,8,8,8,1,0
0,9,8,25,1,0
0,10,8,25,1,0
0,11,8,28,1,0
0,12,8,29,1,0
0,13,8,29,1,0
0,14,8,38,1,0
0,15,8,42,1,0
0,16,8,43,1,0
0,17,8,44,1,0
0,18,8,45,1,0
0,19,8,49,1,0
0,20,8,51,1,0
0,21,8,55,1,0
0,22,8,55,1,0
0,23,9,6,1,0
0,24,9,8,1,0
0,25,9,18,1,0
0,26,9,21,1,0
0,27,9,23,1,0
0,28,9,23,1,0
0,29,9,32,1,0
0,30,9,32,1,0
0,31,9,33,1,0
0,32,9,39,1,0
0,33,9,46,1,0
0,34,9,50,1,0
0,35,9,51,1,0
0,36,9,58,1,0
0,37,10,6,1,0
0,38,10,12,1,0
0,39,10,13,1,0
0,40,10,18,1,0
0,41,10,20,1,0
0,42,10,21,1,0
0,43,10,24,1,54
0,44,10,29,1,0
0,45,10,40,1,0
0,46,10,49,1,0
0,47,10,49,1,0
0,48,10,55,1,0
0,49,10,57,1,0
0,50,10,57,1,0
0,51,11,3,1,0
0,52,11,5,1,0
0,53,11,8,1,0
0,54,11,16,1,0
0,55,11,17,1,0
0,56,11,17,1,0
0,57,11,24,1,0
0,58,11,27,1,0
0,59,11,29,1,0
0,60,11,36,1,0
0,61,11,40,1,0
0,62,11,45,1,0
0,63,11,49,1,0
0,64,11,58,1,0
0,65,12,2,1,0
0,66,12,8,1,0
0,67,12,11,1,0
0,68,12,18,1,0
0,69,12,20,1,0
0,70,12,20,1,0
0,71,12,24,1,0
0,72,12,24,1,0
0,73,12,34,1,0
0,74,12,36,1,0
0,75,12,37,1,0
0,76,12,37,1,0
0,77,12,38,1,0
0,78,12,46,1,0
0,79,12,51,1,0
0,80,12,53,1,0
0,81,12,56,1,0
0,82,13,0,1,0
0,83,13,1,1,0
0,84,13,7,1,0
0,85,13,10,1,0
0,86,13,14,1,0
0,87,13,15,1,0
0,88,13,16,1,0
0,89,13,22,1,0
0,90,13,24,1,0
0,91,13,33,1,0
0,92,13,34,1,0
0,93,13,34,1,0
0,94,13,36,1,0
0,95,13,40,1,0
0,96,13,52,1,0
0,97,13,55,1,0
0,98,13,56,1,0
0,99,14,3,1,0
0,100,14,4,1,0
0,101,14,6,1,0
0,102,14,6,1,0
0,103,14,12,1,0
0,104,14,12,1,0
0,105,14,14,1,0
0,106,14,16,1,0
0,107,14,23,1,0
0,108,14,24,1,0
0,109,14,26,1,0
0,110,14,27,1,110
1,111,14,28,1,45
0,112,14,29,1,2
0,113,14,30,1,401
1,114,14,30,1,399
2,115,14,33,1,265
3,116,14,33,1,331
0,117,14,42,1,0
0,118,14,44,1,0
0,119,14,52,1,0
0,120,14,52,1,0
0,121,14,52,1,0
0,122,14,53,1,0
0,123,14,54,1,0
0,124,14,55,1,30
0,125,15,0,1,0
0,126,15,0,1,0
0,127,15,1,1,23
0,128,15,3,1,138
0,129,15,6,1,0
0,130,15,9,1,6
0,131,15,11,1,10
0,132,15,13,1,0
0,133,15,14,1,31
0,134,15,21,1,0
0,135,15,30,1,0
0,136,15,33,1,0
0,137,15,34,1,0
0,138,15,40,1,0
0,139,15,42,1,0
0,140,15,45,1,0
0,141,15,46,1,0
0,142,15,54,1,0
0,143,15,57,1,0
0,144,16,0,1,0
0,145,16,6,1,0
0,146,16,6,1,0
0,147,16,9,1,0
0,148,16,13,1,0
0,149,16,14,1,0
0,150,16,18,1,0
0,151,16,19,1,0
0,152,16,25,1,0
0,153,16,27,1,0
0,154,16,31,1,0
0,155,16,31,1,0
0,156,16,32,1,0
0,157,16,35,1,0
0,158,16,36,1,0
0,159,16,43,1,0
0,160,16,44,1,0
0,161,16,45,1,0
0,162,16,46,1,0
0,163,16,49,1,0
0,164,16,49,1,0
0,165,16,50,1,0
0,166,16,53,1,0
0,167,16,54,1,0
0,168,16,55,1,0
0,169,16,59,1,0
0,170,17,0,1,0
0,171,17,5,1,0
0,172,17,17,1,0
0,173,17,22,1,0
0,174,17,24,1,0
0,175,17,28,1,0
0,176,17,33,1,0
0,177,17,36,1,0
0,178,17,41,1,0
0,179,17,41,1,0
0,180,17,45,1,0
0,181,17,46,1,0
0,182,17,47,1,0
0,1,8,0,2,0
0,2,8,2,2,0
0,3,8,5,2,0
0,4,8,9,2,0
0,5,8,12,2,0
0,6,8,14,2,0
0,7,8,21,2,0
0,8,8,23,2,0
0,9,8,26,2,0
0,10,8,27,2,0
0,11,8,27,2,0
0,12,8,29,2,0
0,13,8,37,2,0
0,14,8,39,2,0
0,15,8,39,2,0
0,16,8,40,2,0
0,17,8,43,2,0
0,18,8,44,2,0
0,19,8,46,2,0
0,20,8,46,2,23
0,21,8,51,2,0
0,22,8,53,2,0
0,23,9,0,2,0
0,24,9,21,2,0
0,25,9,21,2,0
0,26,9,28,2,0
0,27,9,29,2,0
0,28,9,33,2,0
0,29,9,34,2,0
0,30,9,38,2,0
0,31,9,51,2,0
0,32,9,55,2,0
0,33,9,59,2,0
0,34,9,59,2,0
0,35,10,11,2,0
0,36,10,15,2,0
0,37,10,18,2,0
0,38,10,20,2,0
0,39,10,39,2,0
0,40,10,42,2,0
0,41,10,43,2,0
0,42,10,47,2,0
0,43,10,50,2,0
0,44,10,52,2,0
0,45,10,58,2,0
0,46,11,8,2,0
0,47,11,10,2,0
0,48,11,10,2,0
0,49,11,24,2,0
0,50,11,25,2,0
0,51,11,27,2,0
0,52,11,32,2,0
0,53,11,33,2,0
0,54,11,41,2,0
0,55,11,43,2,0
0,56,11,45,2,0
0,57,11,46,2,0
0,58,11,52,2,0
0,59,11,54,2,0
0,60,11,54,2,0
0,61,11,57,2,0
0,62,11,57,2,0
0,63,12,1,2,0
0,64,12,2,2,0
0,65,12,5,2,0
0,66,12,6,2,0
0,67,12,8,2,0
0,68,12,9,2,66
0,69,12,11,2,92
0,70,12,13,2,26
0,71,12,16,2,0
0,72,12,20,2,0
0,73,12,22,2,0
0,74,12,23,2,0
0,75,12,38,2,0
0,76,12,48,2,0
0,77,12,48,2,0
0,78,12,56,2,0
0,79,12,57,2,0
0,80,12,59,2,0
0,81,13,0,2,0
0,82,13,1,2,0
0,83,13,3,2,0
0,84,13,7,2,0
0,85,13,8,2,0
0,86,13,10,2,0
0,87,13,10,2,54
0,88,13,11,2,48
0,89,13,12,2,118
0,90,13,15,2,0
0,91,13,19,2,0
0,92,13,25,2,0
0,93,13,26,2,0
0,94,13,30,2,0
0,95,13,36,2,0
0,96,13,47,2,0
0,97,13,48,2,0
0,98,13,49,2,0
0,99,13,49,2,0
0,100,13,50,2,38
0,101,13,53,2,0
0,102,13,54,2,116
1,103,13,55,2,186
1,104,13,56,2,201
2,105,13,58,2,213
0,106,14,8,2,0
0,107,14,11,2,0
0,108,14,12,2,0
0,109,14,12,2,0
0,110,14,17,2,0
0,111,14,19,2,0
0,112,14,21,2,0
0,113,14,23,2,0
0,114,14,28,2,0
0,115,14,29,2,0
0,116,14,30,2,0
0,117,14,35,2,0
0,118,14,45,2,0
0,119,14,45,2,0
0,120,14,50,2,0
0,121,14,52,2,0
0,122,15,4,2,0
0,123,15,9,2,0
0,124,15,10,2,0
0,125,15,15,2,0
0,126,15,16,2,0
0,127,15,21,2,0
0,128,15,21,2,19
0,129,15,25,2,0
0,130,15,27,2,0
0,131,15,28,2,0
0,132,15,34,2,0
0,133,15,35,2,0
0,134,15,38,2,30
0,135,15,51,2,0
0,136,15,53,2,0
0,137,15,55,2,0
0,138,15,55,2,0
0,139,15,59,2,0
0,140,16,4,2,0
0,141,16,5,2,0
0,142,16,5,2,0
0,143,16,11,2,0
0,144,16,16,2,0
0,145,16,19,2,0
0,146,16,20,2,0
0,147,16,21,2,0
0,148,16,30,2,0
0,149,16,36,2,0
0,150,16,41,2,0
0,151,16,44,2,0
0,152,16,46,2,0
0,153,16,48,2,0
0,154,16,52,2,0
0,155,16,56,2,0
0,156,16,56,2,0
0,157,16,59,2,0
0,158,17,2,2,0
0,159,17,6,2,0
0,160,17,8,2,0
0,161,17,9,2,0
0,162,17,10,2,0
0,163,17,14,2,0
0,164,17,21,2,0
0,165,17,25,2,0
0,166,17,27,2,0
0,167,17,28,2,0
0,168,17,30,2,0
0,169,17,38,2,0
0,170,17,44,2,0
0,171,17,46,2,0
0,172,17,48,2,0
0,173,17,48,2,0
0,174,17,55,2,0
0,176,17,58,2,0
0,1,8,0,3,0
0,2,8,0,3,0
0,3,8,1,3,0
0,4,8,2,3,0
0,5,8,4,3,8
0,6,8,9,3,0
0,7,8,17,3,0
0,8,8,22,3,0
0,9,8,22,3,23
0,10,8,25,3,0
0,11,8,30,3,0
0,12,8,31,3,0
0,13,8,40,3,0
0,14,8,45,3,0
0,15,8,50,3,0
0,16,8,58,3,0
0,17,9,7,3,0
0,18,9,7,3,0
0,19,9,20,3,0
0,20,9,21,3,0
0,21,9,22,3,0
0,22,9,24,3,0
0,23,9,24,3,0
0,24,9,26,3,0
0,25,9,29,3,0
0,26,9,51,3,0
0,27,9,51,3,0
0,28,9,52,3,0
0,29,10,0,3,0
0,30,10,16,3,0
0,31,10,17,3,0
0,32,10,28,3,0
0,33,10,28,3,0
0,34,10,31,3,0
0,35,10,31,3,0
0,36,10,32,3,0
0,37,10,32,3,0
0,38,10,34,3,0
0,39,10,38,3,0
0,40,10,50,3,0
0,41,10,50,3,0
0,42,10,52,3,0
0,43,10,54,3,0
0,44,11,9,3,0
0,45,11,11,3,0
0,46,11,14,3,0
0,47,11,16,3,0
0,48,11,16,3,0
0,49,11,17,3,0
0,50,11,28,3,0
0,51,11,31,3,0
0,52,11,33,3,0
0,53,11,34,3,0
0,54,11,38,3,0
0,55,11,41,3,0
0,56,11,44,3,0
0,57,11,47,3,0
0,58,11,50,3,0
0,59,11,52,3,0
0,60,11,56,3,0
0,61,11,59,3,0
0,62,12,1,3,0
0,63,12,2,3,0
0,64,12,3,3,0
0,65,12,13,3,0
0,66,12,18,3,0
0,67,12,24,3,0
0,68,12,26,3,0
0,69,12,29,3,0
0,70,12,36,3,0
0,71,12,38,3,0
0,72,12,42,3,0
0,73,12,45,3,0
0,74,12,52,3,0
0,75,12,56,3,0
0,76,13,7,3,0
0,77,13,10,3,0
0,78,13,16,3,0
0,79,13,17,3,0
0,80,13,20,3,0
0,81,13,24,3,0
0,82,13,24,3,0
0,83,13,25,3,0
0,84,13,25,3,0
0,85,13,27,3,0
0,86,13,32,3,0
0,87,13,32,3,0
0,88,13,32,3,0
0,89,13,33,3,3
0,90,13,33,3,0
0,91,13,35,3,0
0,92,13,36,3,52
1,93,13,36,3,68
0,94,13,39,3,0
0,95,13,53,3,0
0,96,14,4,3,0
0,97,14,5,3,0
0,98,14,11,3,0
0,99,14,12,3,0
0,100,14,20,3,0
0,101,14,20,3,0
0,102,14,21,3,0
0,103,14,25,3,0
0,104,14,31,3,0
0,105,14,35,3,0
0,106,14,38,3,0
0,107,14,39,3,0
0,108,14,39,3,0
0,109,14,45,3,0
0,110,14,49,3,0
0,111,14,51,3,0
0,112,14,52,3,0
0,113,14,56,3,0
0,114,15,3,3,0
0,115,15,5,3,0
0,116,15,7,3,0
0,117,15,10,3,0
0,118,15,10,3,47
0,119,15,11,3,289
0,120,15,19,3,0
0,121,15,21,3,0
0,122,15,22,3,0
0,123,15,25,3,0
0,124,15,25,3,0
0,125,15,26,3,0
0,126,15,45,3,0
0,127,15,48,3,0
0,128,15,50,3,0
0,129,15,50,3,0
0,130,15,53,3,0
0,131,15,53,3,3
0,132,15,55,3,0
0,133,16,2,3,0
0,134,16,4,3,0
0,135,16,5,3,0
0,136,16,6,3,0
0,137,16,7,3,0
0,138,16,7,3,138
0,139,16,16,3,0
0,140,16,21,3,0
0,141,16,22,3,0
0,142,16,23,3,0
0,143,16,29,3,0
0,144,16,31,3,0
0,145,16,32,3,0
0,146,16,42,3,0
0,147,16,42,3,0
0,148,16,42,3,0
0,149,16,43,3,0
0,150,16,43,3,0
0,151,16,55,3,0
0,152,17,9,3,0
0,153,17,17,3,0
0,154,17,21,3,0
0,155,17,22,3,0
0,156,17,24,3,0
0,157,17,25,3,0
0,158,17,29,3,0
0,159,17,32,3,0
0,160,17,35,3,0
0,161,17,39,3,0
0,162,17,45,3,0
0,163,17,46,3,0
0,1,8,0,4,0
0,2,8,0,4,0
0,3,8,3,4,0
0,4,8,8,4,0
0,5,8,12,4,0
0,6,8,14,4,0
0,7,8,20,4,0
0,8,8,24,4,0
0,9,8,24,4,0
0,10,8,26,4,0
0,11,8,29,4,0
0,12,8,30,4,0
0,13,8,32,4,0
0,14,8,32,4,0
0,15,8,33,4,0
0,16,8,37,4,0
0,17,8,46,4,0
0,18,8,50,4,0
0,19,8,52,4,0
0,20,8,54,4,0
0,21,8,58,4,0
0,22,9,1,4,0
0,23,9,2,4,0
0,24,9,7,4,0
0,25,9,8,4,0
0,26,9,9,4,0
0,27,9,16,4,0
0,28,9,17,4,0
0,29,9,19,4,0
0,30,9,19,4,0
0,31,9,24,4,0
0,32,9,26,4,0
0,33,9,27,4,0
0,34,9,30,4,0
0,35,9,32,4,0
0,36,9,34,4,0
0,37,9,43,4,0
0,38,9,44,4,0
0,39,9,45,4,0
0,40,9,46,4,0
0,41,9,47,4,0
0,42,9,48,4,0
0,43,9,52,4,0
0,44,9,52,4,0
0,45,9,54,4,0
0,46,10,1,4,0
0,47,10,3,4,0
0,48,10,3,4,0
0,49,10,4,4,257
1,50,10,5,4,279
1,51,10,9,4,127
1,52,10,11,4,18
0,53,10,14,4,0
0,54,10,18,4,0
0,55,10,19,4,11
0,56,10,21,4,0
0,57,10,25,4,0
0,58,10,26,4,0
0,59,10,36,4,0
0,60,10,38,4,0
0,61,10,42,4,0
0,62,10,44,4,0
0,63,10,46,4,0
0,64,10,50,4,0
0,65,10,51,4,0
0,66,10,54,4,0
0,67,11,20,4,0
0,68,11,22,4,0
0,69,11,25,4,0
0,70,11,33,4,0
0,71,11,34,4,0
0,72,11,38,4,0
0,73,11,41,4,0
0,74,11,41,4,0
0,75,11,42,4,0
0,76,11,47,4,0
0,77,11,49,4,0
0,78,11,58,4,0
0,79,12,2,4,0
0,80,12,5,4,0
0,81,12,9,4,0
0,82,12,11,4,0
0,83,12,11,4,0
0,84,12,12,4,152
1,85,12,12,4,150
0,86,12,14,4,125
0,87,12,20,4,0
0,88,12,25,4,0
0,89,12,25,4,0
0,90,12,33,4,0
0,91,12,34,4,0
0,92,12,36,4,0
0,93,12,38,4,0
0,94,12,41,4,0
0,95,12,43,4,0
0,96,12,44,4,0
0,97,12,46,4,0
0,98,12,47,4,0
0,99,12,49,4,0
0,100,12,52,4,0
0,101,12,53,4,0
0,102,12,56,4,0
0,103,12,59,4,0
0,104,13,2,4,0
0,105,13,2,4,0
0,106,13,11,4,0
0,107,13,18,4,0
0,108,13,18,4,0
0,109,13,22,4,0
0,110,13,29,4,0
0,111,13,31,4,0
0,112,13,34,4,0
0,113,13,34,4,46
0,114,13,38,4,19
0,115,13,42,4,0
0,116,13,45,4,0
0,117,13,51,4,0
0,118,13,52,4,0
0,119,13,56,4,0
0,120,13,57,4,0
0,121,14,4,4,0
0,122,14,13,4,0
0,123,14,17,4,0
0,124,14,21,4,0
0,125,14,30,4,0
0,126,14,31,4,0
0,127,14,31,4,0
0,128,14,32,4,0
0,129,14,32,4,0
0,130,14,33,4,5
0,131,14,44,4,0
0,132,14,48,4,0
0,133,14,51,4,0
0,134,14,56,4,0
0,135,14,57,4,0
0,136,14,57,4,2
0,137,14,57,4,1
0,138,15,0,4,0
0,139,15,0,4,0
0,140,15,4,4,120
1,141,15,5,4,130
2,142,15,6,4,76
2,143,15,6,4,202
1,144,15,9,4,80
0,145,15,14,4,0
0,146,15,15,4,85
0,147,15,20,4,0
0,148,15,26,4,0
0,149,15,26,4,0
0,150,15,31,4,0
0,151,15,32,4,0
0,152,15,34,4,0
0,153,15,42,4,0
0,154,15,42,4,0
0,155,15,46,4,0
0,156,15,48,4,0
0,157,15,49,4,0
0,158,15,52,4,0
0,159,15,56,4,0
0,160,15,59,4,0
0,161,15,59,4,0
0,162,16,6,4,0
0,163,16,10,4,0
0,164,16,23,4,0
0,165,16,23,4,0
0,166,16,25,4,0
0,167,16,38,4,0
0,168,16,47,4,0
0,169,16,49,4,0
0,170,16,50,4,0
0,171,16,52,4,0
0,172,16,52,4,0
0,173,16,53,4,0
0,174,16,54,4,0
0,175,16,56,4,0
0,176,17,2,4,0
0,177,17,8,4,0
0,178,17,13,4,0
0,179,17,21,4,0
0,180,17,23,4,0
0,181,17,23,4,0
0,182,17,25,4,0
0,183,17,41,4,0
0,184,17,42,4,0
0,185,17,46,4,0
0,186,17,51,4,0
0,187,17,52,4,0
0,1,8,0,0,0
0,2,8,3,0,0
0,3,8,9,0,0
0,4,8,13,0,0
0,5,8,14,0,0
0,6,8,30,0,0
0,7,8,31,0,0
0,8,8,38,0,0
0,9,8,39,0,0
0,10,8,49,0,0
0,11,8,54,0,0
0,12,8,55,0,0
0,13,8,58,0,0
0,14,9,10,0,0
0,15,9,25,0,0
0,16,9,29,0,0
0,17,9,30,0,0
0,18,9,34,0,0
0,19,9,36,0,0
0,20,9,38,0,0
0,21,9,46,0,0
0,22,9,52,0,0
0,23,9,53,0,0
0,24,9,57,0,0
0,25,10,2,0,0
0,26,10,4,0,0
0,27,10,5,0,0
0,28,10,6,0,0
0,29,10,9,0,0
0,30,10,12,0,0
0,31,10,12,0,0
0,32,10,13,0,3
0,33,10,18,0,0
0,34,10,18,0,0
0,35,10,19,0,0
0,36,10,19,0,3
0,37,10,19,0,0
0,38,10,27,0,0
0,39,10,31,0,0
0,40,10,35,0,0
0,41,10,37,0,0
0,42,10,37,0,0
0,43,10,39,0,0
0,44,10,40,0,0
0,45,10,46,0,0
0,46,10,46,0,0
0,47,10,50,0,0
0,48,10,51,0,0
0,49,10,51,0,0
0,50,10,54,0,0
0,51,10,57,0,0
0,52,11,10,0,0
0,53,11,14,0,0
0,54,11,15,0,0
0,55,11,16,0,0
0,56,11,17,0,0
0,57,11,27,0,0
0,58,11,28,0,0
0,59,11,33,0,0
0,60,11,35,0,0
0,61,11,40,0,0
0,62,11,47,0,0
0,63,11,55,0,0
0,64,12,1,0,0
0,65,12,3,0,0
0,66,12,7,0,0
0,67,12,8,0,0
0,68,12,11,0,0
0,69,12,13,0,0
0,70,12,16,0,0
0,71,12,19,0,0
0,72,12,19,0,0
0,73,12,22,0,0
0,74,12,27,0,0
0,75,12,28,0,0
0,76,12,31,0,0
0,77,12,32,0,0
0,78,12,38,0,0
0,79,12,40,0,0
0,80,12,44,0,0
0,81,12,44,0,0
0,82,12,46,0,0
0,83,12,48,0,0
0,84,12,48,0,0
0,85,12,53,0,0
0,86,12,53,0,0
0,87,12,58,0,0
0,88,13,4,0,0
0,89,13,5,0,0
0,90,13,9,0,0
0,91,13,17,0,0
0,92,13,17,0,0
0,93,13,19,0,0
0,94,13,22,0,0
0,95,13,24,0,0
0,96,13,25,0,0
0,97,13,38,0,0
0,98,13,42,0,0
0,99,13,44,0,0
0,100,13,44,0,0
0,101,13,48,0,0
0,102,13,52,0,0
0,103,13,56,0,0
0,104,13,58,0,0
0,105,14,5,0,0
0,106,14,14,0,0
0,107,14,19,0,0
0,108,14,21,0,0
0,109,14,26,0,0
0,110,14,28,0,0
0,111,14,31,0,0
0,112,14,36,0,0
0,113,14,38,0,0
0,114,14,45,0,0
0,115,14,46,0,0
0,116,14,48,0,65
0,117,14,57,0,0
0,118,15,4,0,0
0,119,15,5,0,0
0,120,15,8,0,0
0,121,15,10,0,0
0,122,15,18,0,0
0,123,15,18,0,0
0,124,15,21,0,0
0,125,15,23,0,0
0,126,15,26,0,0
0,127,15,26,0,0
0,128,15,31,0,0
0,129,15,36,0,0
0,130,15,38,0,0
0,131,15,42,0,0
0,132,15,44,0,0
0,133,15,44,0,0
0,134,15,46,0,0
0,135,15,46,0,0
0,136,15,47,0,0
0,137,15,54,0,0
0,138,15,56,0,0
0,139,16,4,0,0
0,140,16,7,0,0
0,141,16,9,0,0
0,142,16,11,0,0
0,143,16,17,0,0
0,144,16,17,0,0
0,145,16,17,0,0
0,146,16,18,0,31
0,147,16,21,0,0
0,148,16,23,0,0
0,149,16,29,0,0
0,150,16,32,0,0
0,151,16,34,0,0
0,152,16,36,0,0
0,153,16,39,0,0
0,154,16,41,0,0
0,155,16,53,0,0
0,156,16,54,0,0
0,157,16,55,0,0
0,158,16,58,0,0
0,159,17,4,0,0
0,160,17,7,0,0
0,161,17,9,0,0
0,162,17,14,0,0
0,163,17,23,0,0
0,164,17,23,0,0
0,165,17,27,0,0
0,166,17,30,0,0
0,167,17,30,0,0
0,168,17,37,0,0
0,170,17,41,0,0
0,171,17,43,0,0
0,173,17,46,0,231
1,174,17,49,0,162
0,175,17,53,0,0
0,176,17,55,0,0
0,1,8,0,1,0
0,2,8,1,1,0
0,3,8,15,1,0
0,4,8,16,1,0
0,5,8,20,1,0
0,6,8,26,1,0
0,7,8,29,1,0
0,8,8,29,1,0
0,9,8,31,1,0
0,10,8,32,1,0
0,11,8,39,1,0
0,12,8,40,1,0
0,13,8,41,1,0
0,14,8,45,1,0
0,15,8,46,1,0
0,16,8,46,1,0
0,17,8,47,1,0
0,18,8,52,1,0
0,19,8,54,1,0
0,20,8,54,1,0
0,21,8,55,1,0
0,22,8,56,1,68
0,23,8,57,1,2
0,24,8,58,1,0
0,25,9,0,1,0
0,26,9,4,1,0
0,27,9,10,1,0
0,28,9,11,1,0
0,29,9,13,1,0
0,30,9,15,1,156
1,31,9,16,1,116
2,32,9,16,1,126
3,33,9,17,1,140
1,34,9,19,1,231
2,35,9,20,1,249
2,36,9,22,1,442
2,37,9,23,1,427
2,38,9,28,1,217
1,39,9,31,1,107
0,40,9,33,1,0
0,41,9,34,1,29
0,42,9,36,1,0
0,43,9,40,1,0
0,44,9,41,1,0
0,45,9,43,1,0
0,46,9,45,1,0
0,47,9,51,1,0
0,48,9,57,1,0
0,49,9,58,1,0
0,50,10,0,1,0
0,51,10,3,1,0
0,52,10,6,1,0
0,53,10,6,1,0
0,54,10,11,1,0
0,55,10,15,1,0
0,56,10,20,1,0
0,57,10,22,1,0
0,58,10,24,1,0
0,59,10,25,1,0
0,60,10,34,1,0
0,61,10,40,1,0
0,62,10,41,1,0
0,63,10,54,1,0
0,64,10,56,1,0
0,65,11,1,1,0
0,66,11,11,1,0
0,67,11,14,1,0
0,68,11,18,1,0
0,69,11,18,1,0
0,70,11,19,1,0
0,71,11,25,1,0
0,72,11,25,1,0
0,73,11,27,1,0
0,74,11,27,1,0
0,75,11,31,1,0
0,76,11,37,1,0
0,77,11,39,1,0
0,78,11,43,1,0
0,79,11,44,1,0
0,80,11,47,1,0
0,81,11,49,1,0
0,82,11,49,1,61
0,83,11,52,1,0
0,84,11,54,1,0
0,85,11,58,1,0
0,86,12,0,1,0
0,87,12,1,1,0
0,88,12,1,1,18
0,89,12,4,1,0
0,90,12,4,1,0
0,91,12,8,1,0
0,92,12,9,1,0
0,93,12,11,1,0
0,94,12,12,1,0
0,95,12,18,1,0
0,96,12,23,1,0
0,97,12,24,1,0
0,98,12,28,1,0
0,99,12,29,1,0
0,100,12,40,1,0
0,101,12,41,1,0
0,102,12,46,1,0
0,103,12,57,1,0
0,104,13,1,1,0
0,105,13,4,1,0
0,106,13,6,1,0
0,107,13,6,1,0
0,108,13,7,1,0
0,109,13,14,1,0
0,110,13,18,1,0
0,111,13,29,1,0
0,112,13,32,1,0
0,113,13,38,1,0
0,114,13,45,1,0
0,115,13,46,1,0
0,116,13,53,1,0
0,117,14,2,1,0
0,118,14,6,1,0
0,119,14,7,1,0
0,120,14,10,1,0
0,121,14,22,1,0
0,122,14,28,1,0
0,123,14,28,1,0
0,124,14,39,1,0
0,125,14,40,1,0
0,126,14,45,1,0
0,127,14,48,1,0
0,128,14,50,1,0
0,129,14,51,1,0
0,130,14,56,1,0
0,131,15,0,1,0
0,132,15,8,1,0
0,133,15,18,1,0
0,134,15,21,1,0
0,135,15,22,1,0
0,136,15,27,1,0
0,137,15,30,1,0
0,138,15,31,1,0
0,139,15,43,1,0
0,140,15,48,1,0
0,141,15,50,1,0
0,142,15,51,1,0
0,143,15,53,1,0
0,144,16,2,1,0
0,145,16,6,1,0
0,146,16,6,1,0
0,147,16,7,1,0
0,148,16,9,1,118
1,149,16,9,1,196
2,150,16,10,1,241
3,151,16,10,1,246
0,152,16,17,1,0
0,153,16,26,1,0
0,154,16,27,1,0
0,155,16,27,1,0
0,156,16,29,1,0
0,157,16,32,1,0
0,158,16,33,1,0
0,159,16,36,1,0
0,160,16,42,1,0
0,161,16,46,1,0
0,162,16,46,1,0
0,163,16,49,1,0
0,164,16,49,1,0
0,165,16,50,1,0
0,166,16,51,1,0
0,167,16,54,1,0
0,168,16,55,1,0
0,169,16,56,1,0
0,170,17,2,1,0
0,171,17,3,1,0
0,172,17,8,1,0
0,173,17,8,1,0
0,174,17,14,1,0
0,175,17,15,1,0
0,176,17,15,1,0
0,177,17,23,1,0
0,178,17,23,1,0
0,179,17,27,1,0
0,180,17,41,1,0
0,181,17,41,1,0
0,182,17,44,1,0
0,183,17,51,1,0
0,184,17,52,1,0
0,186,17,59,1,0
0,1,8,0,2,0
0,2,8,4,2,0
0,3,8,7,2,0
0,4,8,10,2,0
0,5,8,14,2,0
0,6,8,16,2,0
0,7,8,16,2,0
0,8,8,17,2,0
0,9,8,21,2,0
0,10,8,28,2,0
0,11,8,28,2,0
0,12,8,32,2,0
0,13,8,33,2,0
0,14,8,35,2,0
0,15,8,36,2,40
0,16,8,38,2,0
0,17,8,38,2,19
0,18,8,43,2,0
0,19,8,44,2,130
0,20,8,50,2,0
0,21,8,51,2,0
0,22,8,55,2,0
0,23,8,57,2,0
0,24,8,59,2,0
0,25,8,59,2,0
0,26,9,3,2,0
0,27,9,7,2,0
0,28,9,8,2,0
0,29,9,10,2,0
0,30,9,10,2,0
0,31,9,13,2,0
0,32,9,18,2,0
0,33,9,18,2,0
0,34,9,19,2,0
0,35,9,20,2,2
0,36,9,23,2,0
0,37,9,26,2,0
0,38,9,29,2,0
0,39,9,33,2,0
0,40,9,40,2,0
0,41,9,44,2,0
0,42,9,44,2,0
0,43,9,47,2,0
0,44,9,50,2,0
0,45,9,54,2,0
0,46,9,56,2,0
0,47,10,11,2,0
0,48,10,14,2,0
0,49,10,19,2,0
0,50,10,21,2,0
0,51,10,21,2,0
0,52,10,22,2,0
0,53,10,29,2,0
0,54,10,42,2,0
0,55,10,43,2,0
0,56,10,49,2,0
0,57,10,56,2,0
0,58,10,58,2,0
0,59,11,2,2,0
0,60,11,2,2,0
0,61,11,11,2,0
0,62,11,12,2,0
0,63,11,13,2,81
1,64,11,14,2,37
0,65,11,14,2,63
1,66,11,15,2,92
1,67,11,15,2,166
0,68,11,25,2,0
0,69,11,27,2,0
0,70,11,28,2,0
0,71,11,30,2,0
0,72,11,32,2,0
0,73,11,32,2,0
0,74,11,36,2,0
0,75,11,37,2,120
1,76,11,38,2,197
2,77,11,39,2,161
3,78,11,39,2,363
1,79,11,43,2,146
2,80,11,45,2,129
0,81,11,59,2,0
0,82,12,10,2,0
0,83,12,11,2,0
0,84,12,12,2,0
0,85,12,12,2,0
0,86,12,13,2,0
0,87,12,16,2,0
0,88,12,17,2,0
0,89,12,20,2,0
0,90,12,23,2,0
0,91,12,23,2,0
0,92,12,23,2,186
0,93,12,29,2,13
0,94,12,34,2,0
0,95,12,35,2,0
0,96,12,43,2,0
0,97,12,43,2,0
0,98,12,44,2,0
0,99,12,45,2,0
0,100,12,45,2,0
0,101,12,56,2,0
0,102,12,57,2,0
0,103,12,58,2,0
0,104,12,58,2,0
0,105,13,1,2,0
0,106,13,2,2,0
0,107,13,2,2,0
0,108,13,3,2,0
0,109,13,4,2,0
0,110,13,5,2,44
0,111,13,6,2,27
1,112,13,6,2,64
0,113,13,8,2,135
0,114,13,13,2,0
0,115,13,15,2,0
0,116,13,16,2,0
0,117,13,18,2,0
0,118,13,20,2,0
0,119,13,21,2,0
0,120,13,22,2,0
0,121,13,22,2,0
0,122,13,25,2,0
0,123,13,25,2,68
0,124,13,27,2,0
0,125,13,28,2,0
0,126,13,36,2,0
0,127,13,41,2,0
0,128,13,41,2,0
0,129,13,42,2,0
0,130,13,45,2,0
0,131,14,2,2,0
0,132,14,7,2,0
0,133,14,9,2,0
0,134,14,9,2,0
0,135,14,13,2,0
0,136,14,15,2,0
0,137,14,19,2,0
0,138,14,23,2,0
0,139,14,24,2,0
0,140,14,31,2,0
0,141,14,34,2,0
0,142,14,36,2,0
0,143,14,38,2,0
0,144,14,39,2,0
0,145,14,40,2,0
0,146,14,44,2,0
0,147,14,50,2,0
0,148,14,53,2,0
0,149,14,55,2,0
0,150,14,59,2,0
0,151,15,0,2,0
0,152,15,1,2,0
0,153,15,1,2,63
0,154,15,6,2,0
0,155,15,9,2,0
0,156,15,10,2,0
0,157,15,11,2,0
0,158,15,17,2,0
0,159,15,20,2,0
0,160,15,20,2,0
0,161,15,22,2,0
0,162,15,23,2,0
0,163,15,24,2,0
0,164,15,29,2,0
0,165,15,30,2,0
0,166,15,31,2,0
0,167,15,34,2,0
0,168,15,41,2,0
0,169,15,55,2,0
0,170,15,57,2,0
0,171,15,59,2,0
0,172,16,3,2,0
0,173,16,4,2,0
0,174,16,16,2,0
0,175,16,22,2,0
0,176,16,25,2,0
0,177,16,31,2,0
0,178,16,39,2,0
0,179,16,42,2,0
0,180,16,44,2,0
0,181,16,45,2,0
0,182,16,51,2,0
0,183,16,51,2,0
0,184,16,54,2,0
0,185,16,56,2,0
0,186,16,59,2,0
0,187,17,4,2,0
0,188,17,6,2,0
0,189,17,11,2,0
0,190,17,13,2,0
0,191,17,14,2,0
0,192,17,18,2,0
0,193,17,25,2,0
0,194,17,26,2,0
0,195,17,29,2,0
0,196,17,30,2,0
0,197,17,31,2,0
0,198,17,31,2,0
0,199,17,32,2,386
0,200,17,39,2,0
0,201,17,39,2,205
1,202,17,43,2,103
0,203,17,47,2,0
0,204,17,49,2,0
0,205,17,49,2,62
0,206,17,53,2,0
0,207,17,54,2,0
0,1,8,0,3,0
0,2,8,0,3,0
0,3,8,8,3,0
0,4,8,8,3,0
0,5,8,9,3,0
0,6,8,19,3,0
0,7,8,23,3,0
0,8,8,27,3,0
0,9,8,29,3,0
0,10,8,29,3,0
0,11,8,41,3,0
0,12,8,42,3,0
0,13,8,47,3,0
0,14,8,53,3,0
0,15,8,56,3,0
0,16,8,56,3,0
0,17,9,0,3,0
0,18,9,3,3,0
0,19,9,4,3,0
0,20,9,5,3,0
0,21,9,8,3,0
0,22,9,10,3,0
0,23,9,12,3,0
0,24,9,14,3,0
0,25,9,15,3,0
0,26,9,18,3,0
0,27,9,20,3,0
0,28,9,31,3,0
0,29,9,32,3,0
0,30,9,33,3,0
0,31,9,33,3,0
0,32,9,39,3,0
0,33,9,40,3,0
0,34,9,45,3,0
0,35,9,46,3,0
0,36,9,51,3,0
0,37,10,6,3,0
0,38,10,7,3,0
0,39,10,13,3,0
0,40,10,14,3,0
0,41,10,16,3,0
0,42,10,19,3,0
0,43,10,22,3,0
0,44,10,24,3,0
0,45,10,27,3,0
0,46,10,30,3,0
0,47,10,33,3,0
0,48,10,37,3,0
0,49,10,38,3,0
0,50,10,55,3,0
0,51,10,59,3,0
0,52,11,3,3,0
0,53,11,4,3,0
0,54,11,7,3,0
0,55,11,11,3,0
0,56,11,15,3,0
0,57,11,25,3,0
0,58,11,29,3,0
0,59,11,35,3,0
0,60,11,36,3,0
0,61,11,40,3,0
0,62,11,41,3,0
0,63,11,51,3,0
0,64,11,58,3,0
0,65,11,59,3,0
0,66,11,59,3,0
0,67,12,5,3,0
0,68,12,10,3,0
0,69,12,13,3,0
0,70,12,14,3,0
0,71,12,22,3,0
0,72,12,22,3,0
0,73,12,24,3,0
0,74,12,29,3,0
0,75,12,29,3,0
0,76,12,41,3,0
0,77,12,55,3,0
0,78,12,57,3,0
0,79,13,0,3,0
0,80,13,1,3,0
0,81,13,3,3,0
0,82,13,3,3,0
0,83,13,5,3,0
0,84,13,11,3,0
0,85,13,14,3,0
0,86,13,17,3,0
0,87,13,21,3,0
0,88,13,25,3,0
0,89,13,25,3,0
0,90,13,32,3,0
0,91,13,32,3,0
0,92,13,33,3,0
0,93,13,34,3,0
0,94,13,49,3,0
0,95,13,50,3,0
0,96,13,59,3,0
0,97,14,6,3,0
0,98,14,10,3,0
0,99,14,12,3,0
0,100,14,16,3,0
0,101,14,17,3,86
0,102,14,21,3,0
0,103,14,22,3,0
0,104,14,28,3,0
0,105,14,31,3,0
0,106,14,34,3,0
0,107,14,35,3,0
0,108,14,44,3,0
0,109,14,46,3,0
0,110,14,48,3,0
0,111,14,51,3,0
0,112,14,55,3,0
0,113,14,56,3,0
0,114,14,57,3,0
0,115,14,59,3,0
0,116,15,6,3,0
0,117,15,14,3,0
0,118,15,16,3,0
0,119,15,17,3,0
0,120,15,18,3,0
0,121,15,18,3,0
0,122,15,30,3,0
0,123,15,32,3,0
0,124,15,33,3,0
0,125,15,35,3,0
0,126,15,36,3,0
0,127,15,41,3,0
0,128,15,56,3,0
0,129,16,2,3,0
0,130,16,4,3,0
0,131,16,5,3,0
0,132,16,6,3,0
0,133,16,8,3,0
0,134,16,10,3,128
1,135,16,11,3,130
0,136,16,14,3,17
0,137,16,21,3,0
0,138,16,23,3,0
0,139,16,28,3,0
0,140,16,32,3,0
0,141,16,39,3,0
0,142,16,43,3,0
0,143,16,44,3,0
0,144,16,46,3,0
0,145,16,47,3,0
0,146,16,49,3,0
0,147,16,49,3,0
0,148,16,58,3,0
0,149,17,3,3,0
0,150,17,9,3,0
0,151,17,16,3,0
0,152,17,17,3,0
0,153,17,17,3,0
0,154,17,30,3,0
0,155,17,32,3,0
0,156,17,35,3,0
0,157,17,35,3,0
0,158,17,39,3,0
0,159,17,40,3,0
0,160,17,48,3,0
0,161,17,49,3,0
0,162,17,53,3,0
0,163,17,57,3,0
0,164,17,57,3,0
0,1,8,0,4,0
0,2,8,0,4,0
0,3,8,0,4,0
0,4,8,3,4,0
0,5,8,3,4,9
0,6,8,8,4,0
0,7,8,9,4,0
0,8,8,16,4,0
0,9,8,18,4,0
0,10,8,23,4,0
0,11,8,30,4,0
0,12,8,31,4,0
0,13,8,33,4,0
0,14,8,34,4,0
0,15,8,36,4,0
0,16,8,39,4,0
0,17,8,44,4,0
0,18,8,46,4,0
0,19,8,51,4,0
0,20,8,56,4,0
0,21,8,57,4,0
0,22,8,58,4,0
0,23,8,59,4,0
0,24,9,0,4,0
0,25,9,6,4,0
0,26,9,6,4,0
0,27,9,8,4,0
0,28,9,11,4,0
0,29,9,12,4,0
0,30,9,14,4,0
0,31,9,14,4,0
0,32,9,16,4,0
0,33,9,22,4,0
0,34,9,22,4,0
0,35,9,22,4,0
0,36,9,28,4,0
0,37,9,31,4,0
0,38,9,32,4,0
0,39,9,35,4,0
0,40,9,37,4,0
0,41,9,45,4,0
0,42,9,49,4,0
0,43,9,49,4,0
0,44,9,50,4,0
0,45,9,51,4,0
0,46,9,52,4,0
0,47,9,55,4,0
0,48,9,56,4,0
0,49,9,57,4,0
0,50,10,4,4,0
0,51,10,5,4,0
0,52,10,5,4,0
0,53,10,8,4,0
0,54,10,9,4,0
0,55,10,9,4,115
0,56,10,18,4,0
0,57,10,19,4,0
0,58,10,31,4,0
0,59,10,42,4,0
0,60,10,42,4,0
0,61,10,45,4,0
0,62,10,48,4,0
0,63,10,49,4,0
0,64,10,51,4,0
0,65,10,53,4,0
0,66,10,54,4,0
0,67,10,57,4,0
0,68,10,58,4,0
0,69,11,1,4,0
0,70,11,7,4,0
0,71,11,10,4,0
0,72,11,11,4,0
0,73,11,26,4,0
0,74,11,29,4,0
0,75,11,33,4,0
0,76,11,38,4,0
0,77,11,47,4,0
0,78,11,48,4,0
0,79,11,50,4,0
0,80,11,51,4,0
0,81,11,55,4,0
0,82,12,0,4,0
0,83,12,10,4,0
0,84,12,15,4,0
0,85,12,19,4,0
0,86,12,21,4,0
0,87,12,27,4,0
0,88,12,31,4,0
0,89,12,31,4,0
0,90,12,32,4,0
0,91,12,39,4,0
0,92,12,51,4,0
0,93,12,52,4,0
0,94,12,54,4,0
0,95,12,54,4,0
0,96,12,55,4,76
1,97,12,55,4,255
1,98,12,57,4,242
0,99,13,6,4,0
0,100,13,7,4,0
0,101,13,8,4,0
0,102,13,8,4,0
0,103,13,13,4,0
0,104,13,16,4,0
0,105,13,19,4,0
0,106,13,20,4,0
0,107,13,20,4,0
0,108,13,23,4,0
0,109,13,25,4,0
0,110,13,27,4,0
0,111,13,32,4,0
0,112,13,33,4,0
0,113,13,34,4,0
0,114,13,35,4,71
1,115,13,35,4,174
0,116,13,48,4,0
0,117,13,50,4,0
0,118,13,51,4,0
0,119,13,53,4,0
0,120,14,3,4,0
0,121,14,5,4,0
0,122,14,6,4,0
0,123,14,7,4,131
1,124,14,8,4,216
1,125,14,11,4,4
0,126,14,14,4,0
0,127,14,15,4,0
0,128,14,17,4,0
0,129,14,17,4,18
0,130,14,19,4,0
0,131,14,21,4,0
0,132,14,22,4,0
0,133,14,24,4,0
0,134,14,27,4,0
0,135,14,32,4,0
0,136,14,32,4,0
0,137,14,34,4,0
0,138,14,35,4,0
0,139,14,35,4,0
0,140,14,35,4,97
1,141,14,36,4,104
0,142,14,39,4,0
0,143,14,43,4,0
0,144,14,50,4,0
0,145,14,51,4,0
0,146,14,51,4,0
0,147,14,58,4,0
0,148,14,59,4,0
0,149,15,8,4,0
0,150,15,11,4,0
0,151,15,12,4,0
0,152,15,13,4,0
0,153,15,14,4,0
0,154,15,15,4,0
0,155,15,20,4,0
0,156,15,23,4,0
0,157,15,34,4,0
0,158,15,41,4,0
0,159,15,41,4,0
0,160,15,46,4,0
0,161,15,47,4,0
0,162,15,53,4,0
0,163,15,53,4,0
0,164,15,59,4,0
0,165,16,3,4,0
0,166,16,14,4,0
0,167,16,17,4,0
0,168,16,19,4,0
0,169,16,19,4,0
0,170,16,23,4,0
0,171,16,28,4,0
0,172,16,30,4,0
0,173,16,33,4,0
0,174,16,33,4,17
0,175,16,34,4,0
0,176,16,36,4,0
0,177,16,37,4,0
0,178,16,39,4,0
0,179,16,40,4,0
0,180,16,43,4,66
0,181,16,50,4,0
0,182,16,52,4,0
0,183,16,52,4,0
0,184,16,55,4,0
0,185,16,55,4,0
0,186,16,58,4,0
0,187,17,1,4,0
0,188,17,2,4,0
0,189,17,2,4,0
0,190,17,3,4,0
0,191,17,5,4,0
0,192,17,9,4,0
0,193,17,10,4,0
0,194,17,18,4,0
0,195,17,18,4,0
0,196,17,22,4,0
0,197,17,27,4,0
0,198,17,32,4,0
0,199,17,34,4,0
0,200,17,34,4,0
0,201,17,35,4,0
0,202,17,37,4,0
0,203,17,37,4,0
0,204,17,44,4,0
0,205,17,49,4,0
0,206,17,53,4,0
0,1,8,0,0,0
0,2,8,5,0,0
0,3,8,6,0,0
0,4,8,9,0,0
0,5,8,10,0,0
0,6,8,20,0,0
0,7,8,22,0,0
0,8,8,29,0,0
0,9,8,35,0,0
0,10,8,37,0,0
0,11,8,38,0,0
0,12,8,51,0,0
0,13,8,53,0,0
0,14,8,54,0,0
0,15,8,56,0,0
0,16,9,5,0,0
0,17,9,6,0,0
0,18,9,7,0,0
0,19,9,12,0,0
0,20,9,12,0,0
0,21,9,15,0,0
0,22,9,24,0,0
0,23,9,24,0,0
0,24,9,32,0,0
0,25,9,43,0,0
0,26,9,46,0,0
0,27,9,51,0,0
0,28,9,53,0,0
0,29,9,58,0,0
0,30,10,6,0,0
0,31,10,6,0,0
0,32,10,8,0,0
0,33,10,9,0,0
0,34,10,13,0,0
0,35,10,13,0,0
0,36,10,16,0,0
0,37,10,19,0,0
0,38,10,20,0,0
0,39,10,20,0,0
0,40,10,23,0,0
0,41,10,24,0,0
0,42,10,30,0,0
0,43,10,35,0,0
0,44,10,39,0,0
0,45,10,42,0,0
0,46,10,44,0,0
0,47,10,44,0,0
0,48,10,52,0,0
0,49,10,59,0,0
0,50,11,2,0,0
0,51,11,4,0,0
0,52,11,11,0,0
0,53,11,14,0,0
0,54,11,18,0,0
0,55,11,18,0,0
0,56,11,21,0,0
0,57,11,28,0,0
0,58,11,29,0,0
0,59,11,34,0,0
0,60,11,35,0,0
0,61,11,35,0,0
0,62,11,36,0,3
0,63,11,37,0,0
0,64,11,55,0,0
0,65,11,55,0,0
0,66,11,56,0,0
0,67,11,57,0,0
0,68,11,58,0,0
0,69,12,1,0,0
0,70,12,3,0,0
0,71,12,4,0,508
1,72,12,9,0,186
2,73,12,11,0,246
3,74,12,11,0,227
4,75,12,12,0,349
3,76,12,13,0,324
2,77,12,15,0,242
2,78,12,18,0,120
0,79,12,23,0,0
0,80,12,23,0,0
0,81,12,23,0,87
0,82,12,25,0,7
0,83,12,27,0,0
0,84,12,28,0,29
0,85,12,32,0,0
0,86,12,33,0,0
0,87,12,33,0,0
0,88,12,41,0,0
0,89,12,44,0,0
0,90,12,53,0,0
0,91,13,0,0,0
0,92,13,0,0,0
0,93,13,1,0,0
0,94,13,9,0,0
0,95,13,10,0,0
0,96,13,10,0,0
0,97,13,10,0,54
1,98,13,11,0,142
0,99,13,14,0,0
0,100,13,15,0,0
0,101,13,19,0,0
0,102,13,23,0,0
0,103,13,28,0,0
0,104,13,31,0,0
0,105,13,34,0,0
0,106,13,36,0,0
0,107,13,46,0,0
0,108,13,54,0,0
0,109,13,54,0,0
0,110,13,57,0,0
0,111,14,0,0,0
0,112,14,19,0,0
0,113,14,19,0,0
0,114,14,22,0,0
0,115,14,30,0,0
0,116,14,31,0,0
0,117,14,35,0,0
0,118,14,38,0,0
0,119,14,38,0,0
0,120,14,43,0,0
0,121,14,59,0,0
0,122,15,0,0,0
0,123,15,2,0,0
0,124,15,2,0,0
0,125,15,2,0,42
0,126,15,5,0,0
0,127,15,5,0,104
0,128,15,8,0,0
0,129,15,10,0,0
0,130,15,10,0,3
0,131,15,15,0,0
0,132,15,15,0,0
0,133,15,16,0,0
0,134,15,18,0,0
0,135,15,26,0,0
0,136,15,29,0,0
0,137,15,40,0,0
0,138,15,42,0,0
0,139,15,43,0,0
0,140,15,45,0,0
0,141,15,47,0,0
0,142,15,48,0,0
0,143,15,55,0,0
0,144,16,6,0,0
0,145,16,10,0,0
0,146,16,13,0,0
0,147,16,16,0,0
0,148,16,18,0,0
0,149,16,19,0,0
0,150,16,24,0,0
0,151,16,26,0,0
0,152,16,29,0,0
0,153,16,32,0,0
0,154,16,32,0,0
0,155,16,37,0,0
0,156,16,39,0,0
0,157,16,42,0,0
0,158,16,43,0,0
0,159,16,45,0,0
0,160,16,48,0,0
0,161,16,51,0,0
0,162,16,52,0,0
0,163,16,55,0,0
0,164,17,11,0,0
0,165,17,16,0,0
0,166,17,16,0,0
0,167,17,17,0,0
0,168,17,19,0,0
0,169,17,21,0,0
0,170,17,28,0,0
0,171,17,34,0,0
0,172,17,34,0,0
0,173,17,37,0,0
0,174,17,41,0,0
0,175,17,42,0,0
0,176,17,43,0,0
0,177,17,45,0,0
0,178,17,46,0,23
0,179,17,54,0,0
0,181,17,56,0,0
0,1,8,0,1,0
0,2,8,0,1,0
0,3,8,1,1,0
0,4,8,3,1,0
0,5,8,5,1,0
0,6,8,13,1,0
0,7,8,14,1,0
0,8,8,18,1,0
0,9,8,22,1,0
0,10,8,28,1,0
0,11,8,34,1,0
0,12,8,39,1,0
0,13,8,44,1,0
0,14,8,44,1,0
0,15,8,46,1,0
0,16,8,46,1,0
0,17,8,47,1,0
0,18,8,51,1,0
0,19,8,51,1,0
0,20,9,0,1,0
0,21,9,8,1,0
0,22,9,8,1,0
0,23,9,8,1,0
0,24,9,9,1,0
0,25,9,14,1,0
0,26,9,15,1,0
0,27,9,16,1,0
0,28,9,18,1,0
0,29,9,21,1,0
0,30,9,23,1,0
0,31,9,23,1,0
0,32,9,28,1,0
0,33,9,28,1,0
0,34,9,30,1,0
0,35,9,31,1,0
0,36,9,41,1,0
0,37,9,51,1,0
0,38,9,51,1,0
0,39,9,52,1,0
0,40,9,57,1,0
0,41,9,59,1,0
0,42,10,3,1,0
0,43,10,3,1,0
0,44,10,6,1,0
0,45,10,9,1,0
0,46,10,12,1,0
0,47,10,14,1,0
0,48,10,17,1,0
0,49,10,18,1,0
0,50,10,20,1,82
1,51,10,21,1,48
0,52,10,24,1,109
0,53,10,33,1,0
0,54,10,34,1,0
0,55,10,36,1,0
0,56,10,36,1,79
0,57,10,39,1,0
0,58,10,41,1,0
0,59,10,50,1,0
0,60,10,52,1,0
0,61,10,57,1,0
0,62,10,57,1,0
0,63,11,11,1,0
0,64,11,14,1,0
0,65,11,29,1,0
0,66,11,33,1,0
0,67,11,34,1,0
0,68,11,36,1,0
0,69,11,38,1,0
0,70,11,38,1,0
0,71,11,39,1,0
0,72,11,48,1,0
0,73,11,53,1,0
0,74,11,55,1,0
0,75,11,57,1,0
0,76,11,57,1,0
0,77,12,0,1,0
0,78,12,7,1,0
0,79,12,7,1,0
0,80,12,9,1,0
0,81,12,9,1,16
0,82,12,11,1,0
0,83,12,12,1,85
1,84,12,13,1,62
2,85,12,13,1,109
2,86,12,14,1,123
2,87,12,14,1,112
0,88,12,18,1,0
0,89,12,18,1,0
0,90,12,29,1,0
0,91,12,36,1,0
0,92,12,36,1,0
0,93,12,37,1,0
0,94,12,49,1,0
0,95,12,58,1,0
0,96,13,2,1,0
0,97,13,5,1,0
0,98,13,7,1,0
0,99,13,7,1,0
0,100,13,9,1,0
0,101,13,12,1,0
0,102,13,18,1,0
0,103,13,18,1,0
0,104,13,19,1,0
0,105,13,25,1,0
0,106,13,29,1,0
0,107,13,30,1,0
0,108,13,35,1,0
0,109,13,36,1,0
0,110,13,38,1,0
0,111,13,39,1,0
0,112,13,41,1,0
0,113,13,49,1,0
0,114,13,52,1,0
0,115,13,52,1,0
0,116,13,55,1,0
0,117,13,57,1,0
0,118,13,57,1,0
0,119,13,58,1,0
0,120,14,1,1,0
0,121,14,2,1,0
0,122,14,2,1,0
0,123,14,12,1,0
0,124,14,14,1,0
0,125,14,15,1,0
0,126,14,15,1,0
0,127,14,17,1,0
0,128,14,22,1,0
0,129,14,32,1,0
0,130,14,39,1,0
0,131,14,42,1,0
0,132,14,43,1,0
0,133,14,48,1,0
0,134,14,50,1,0
0,135,14,52,1,0
0,136,15,0,1,0
0,137,15,1,1,0
0,138,15,2,1,0
0,139,15,7,1,0
0,140,15,9,1,0
0,141,15,9,1,0
0,142,15,11,1,117
0,143,15,15,1,42
0,144,15,21,1,0
0,145,15,24,1,0
0,146,15,25,1,0
0,147,15,26,1,0
0,148,15,31,1,0
0,149,15,32,1,0
0,150,15,33,1,0
0,151,15,33,1,0
0,152,15,34,1,63
0,153,15,38,1,0
0,154,15,38,1,0
0,155,15,48,1,0
0,156,15,51,1,0
0,157,15,57,1,0
0,158,16,12,1,0
0,159,16,15,1,0
0,160,16,15,1,0
0,161,16,17,1,0
0,162,16,24,1,0
0,163,16,24,1,0
0,164,16,24,1,0
0,165,16,28,1,0
0,166,16,43,1,0
0,167,16,44,1,0
0,168,16,46,1,0
0,169,16,53,1,0
0,170,16,54,1,0
0,171,17,0,1,0
0,172,17,3,1,0
0,173,17,3,1,0
0,174,17,4,1,0
0,175,17,4,1,0
0,176,17,7,1,0
0,177,17,24,1,0
0,178,17,24,1,0
0,179,17,24,1,0
0,180,17,27,1,0
0,181,17,40,1,0
0,182,17,42,1,0
0,183,17,47,1,0
0,184,17,49,1,0
0,185,17,55,1,0
0,186,17,57,1,0
0,1,8,0,2,0
0,2,8,3,2,0
0,3,8,3,2,0
0,4,8,4,2,0
0,5,8,4,2,0
0,6,8,5,2,0
0,7,8,6,2,0
0,8,8,6,2,114
0,9,8,10,2,0
0,10,8,10,2,76
1,11,8,11,2,184
2,12,8,11,2,175
2,13,8,13,2,110
0,14,8,18,2,0
0,15,8,18,2,0
0,16,8,22,2,0
0,17,8,28,2,0
0,18,8,41,2,0
0,19,8,57,2,0
0,20,9,3,2,0
0,21,9,3,2,0
0,22,9,8,2,0
0,23,9,8,2,0
0,24,9,14,2,0
0,25,9,20,2,0
0,26,9,22,2,0
0,27,9,22,2,0
0,28,9,28,2,0
0,29,9,30,2,0
0,30,9,35,2,0
0,31,9,42,2,0
0,32,9,49,2,0
0,33,9,55,2,0
0,34,9,57,2,0
0,35,10,4,2,0
0,36,10,5,2,0
0,37,10,10,2,0
0,38,10,10,2,0
0,39,10,12,2,0
0,40,10,15,2,0
0,41,10,15,2,0
0,42,10,18,2,0
0,43,10,23,2,0
0,44,10,26,2,0
0,45,10,34,2,0
0,46,10,38,2,0
0,47,10,40,2,0
0,48,10,47,2,0
0,49,10,48,2,0
0,50,10,59,2,0
0,51,11,6,2,0
0,52,11,7,2,0
0,53,11,8,2,0
0,54,11,9,2,58
0,55,11,13,2,0
0,56,11,13,2,0
0,57,11,18,2,0
0,58,11,23,2,0
0,59,11,33,2,0
0,60,11,34,2,0
0,61,11,35,2,0
0,62,11,40,2,0
0,63,11,42,2,0
0,64,11,43,2,0
0,65,11,46,2,0
0,66,11,49,2,0
0,67,12,2,2,0
0,68,12,3,2,0
0,69,12,6,2,0
0,70,12,12,2,0
0,71,12,13,2,0
0,72,12,15,2,0
0,73,12,19,2,0
0,74,12,20,2,0
0,75,12,25,2,0
0,76,12,25,2,0
0,77,12,28,2,0
0,78,12,28,2,0
0,79,12,39,2,0
0,80,12,39,2,0
0,81,12,43,2,0
0,82,12,48,2,0
0,83,12,49,2,0
0,84,12,52,2,0
0,85,12,56,2,0
0,86,13,0,2,0
0,87,13,1,2,0
0,88,13,4,2,0
0,89,13,5,2,0
0,90,13,12,2,0
0,91,13,13,2,0
0,92,13,17,2,0
0,93,13,17,2,0
0,94,13,18,2,0
0,95,13,19,2,135
0,96,13,22,2,0
0,97,13,26,2,0
0,98,13,29,2,0
0,99,13,35,2,0
0,100,13,37,2,0
0,101,13,38,2,0
0,102,13,41,2,0
0,103,13,49,2,0
0,104,13,55,2,0
0,105,13,57,2,0
0,106,13,57,2,0
0,107,13,58,2,0
0,108,13,58,2,75
1,109,13,59,2,113
0,110,14,1,2,136
1,111,14,3,2,37
0,112,14,11,2,0
0,113,14,11,2,0
0,114,14,14,2,0
0,115,14,15,2,211
1,116,14,18,2,128
1,117,14,19,2,222
1,118,14,21,2,220
2,119,14,21,2,261
2,120,14,23,2,267
3,121,14,24,2,323
3,122,14,25,2,276
0,123,14,32,2,0
0,124,14,39,2,0
0,125,14,40,2,0
0,126,14,42,2,0
0,127,14,44,2,0
0,128,14,48,2,0
0,129,14,53,2,0
0,130,14,54,2,0
0,131,14,54,2,0
0,132,14,57,2,0
0,133,14,58,2,0
0,134,15,3,2,0
0,135,15,3,2,158
1,136,15,5,2,21
0,137,15,7,2,19
0,138,15,20,2,0
0,139,15,21,2,0
0,140,15,22,2,0
0,141,15,23,2,0
0,142,15,29,2,0
0,143,15,32,2,0
0,144,15,34,2,0
0,145,15,36,2,0
0,146,15,43,2,0
0,147,15,59,2,0
0,148,16,2,2,0
0,149,16,7,2,0
0,150,16,8,2,0
0,151,16,8,2,0
0,152,16,10,2,0
0,153,16,15,2,0
0,154,16,20,2,0
0,155,16,20,2,0
0,156,16,20,2,0
0,157,16,25,2,0
0,158,16,26,2,0
0,159,16,37,2,0
0,160,16,41,2,0
0,161,16,42,2,0
0,162,16,44,2,0
0,163,16,46,2,0
0,164,16,46,2,0
0,165,16,49,2,16
0,166,16,56,2,0
0,167,16,58,2,0
0,168,16,59,2,0
0,169,17,3,2,0
0,170,17,3,2,0
0,171,17,8,2,0
0,172,17,9,2,0
0,173,17,11,2,0
0,174,17,12,2,0
0,175,17,12,2,2
0,176,17,27,2,0
0,177,17,30,2,0
0,178,17,32,2,0
0,179,17,32,2,0
0,180,17,35,2,0
0,181,17,36,2,0
0,182,17,39,2,0
0,183,17,40,2,0
0,185,17,46,2,0
0,186,17,48,2,0
0,187,17,48,2,0
0,1,8,0,3,0
0,2,8,5,3,0
0,3,8,11,3,0
0,4,8,19,3,0
0,5,8,20,3,0
0,6,8,24,3,0
0,7,8,26,3,0
0,8,8,28,3,0
0,9,8,32,3,0
0,10,8,34,3,0
0,11,8,34,3,0
0,12,8,39,3,0
0,13,8,43,3,0
0,14,8,48,3,0
0,15,8,54,3,0
0,16,9,2,3,0
0,17,9,3,3,0
0,18,9,6,3,0
0,19,9,8,3,0
0,20,9,11,3,0
0,21,9,13,3,0
0,22,9,14,3,0
0,23,9,18,3,0
0,24,9,20,3,0
0,25,9,20,3,0
0,26,9,25,3,0
0,27,9,25,3,0
0,28,9,34,3,0
0,29,9,35,3,0
0,30,9,35,3,0
0,31,9,44,3,0
0,32,9,49,3,0
0,33,9,58,3,0
0,34,10,5,3,0
0,35,10,12,3,0
0,36,10,22,3,0
0,37,10,23,3,0
0,38,10,28,3,0
0,39,10,29,3,0
0,40,10,29,3,0
0,41,10,31,3,0
0,42,10,35,3,0
0,43,10,35,3,0
0,44,10,38,3,0
0,45,10,45,3,0
0,46,10,45,3,0
0,47,10,49,3,0
0,48,10,56,3,0
0,49,10,58,3,0
0,50,11,1,3,0
0,51,11,6,3,0
0,52,11,11,3,0
0,53,11,17,3,0
0,54,11,26,3,0
0,55,11,26,3,0
0,56,11,28,3,0
0,57,11,28,3,15
0,58,11,29,3,187
1,59,11,30,3,180
0,60,11,35,3,311
1,61,11,35,3,382
2,62,11,40,3,191
2,63,11,41,3,124
0,64,11,48,3,0
0,65,11,49,3,0
0,66,11,52,3,0
0,67,11,52,3,0
0,68,11,53,3,0
0,69,12,8,3,0
0,70,12,9,3,0
0,71,12,11,3,0
0,72,12,12,3,0
0,73,12,13,3,0
0,74,12,15,3,0
0,75,12,20,3,0
0,76,12,22,3,0
0,77,12,24,3,0
0,78,12,26,3,0
0,79,12,30,3,0
0,80,12,32,3,0
0,81,12,34,3,0
0,82,12,38,3,0
0,83,12,41,3,0
0,84,12,43,3,0
0,85,12,45,3,0
0,86,12,47,3,0
0,87,12,49,3,0
0,88,12,51,3,0
0,89,12,53,3,0
0,90,12,54,3,0
0,91,12,55,3,0
0,92,13,0,3,0
0,93,13,4,3,0
0,94,13,9,3,0
0,95,13,17,3,0
0,96,13,22,3,0
0,97,13,22,3,0
0,98,13,26,3,0
0,99,13,27,3,0
0,100,13,32,3,0
0,101,13,34,3,0
0,102,13,46,3,0
0,103,13,51,3,0
0,104,13,52,3,0
0,105,14,1,3,0
0,106,14,1,3,0
0,107,14,2,3,0
0,108,14,3,3,0
0,109,14,4,3,0
0,110,14,4,3,0
0,111,14,4,3,44
0,112,14,5,3,76
1,113,14,5,3,86
0,114,14,9,3,0
0,115,14,14,3,0
0,116,14,20,3,0
0,117,14,34,3,0
0,118,14,39,3,0
0,119,14,43,3,0
0,120,14,52,3,0
0,121,15,5,3,0
0,122,15,8,3,0
0,123,15,9,3,0
0,124,15,10,3,0
0,125,15,23,3,0
0,126,15,24,3,0
0,127,15,25,3,0
0,128,15,27,3,0
0,129,15,27,3,0
0,130,15,29,3,0
0,131,15,32,3,0
0,132,15,32,3,158
1,133,15,34,3,74
2,134,15,35,3,79
0,135,15,45,3,0
0,136,15,46,3,0
0,137,15,51,3,0
0,138,15,51,3,0
0,139,15,55,3,0
0,140,15,57,3,0
0,141,16,4,3,0
0,142,16,6,3,0
0,143,16,7,3,0
0,144,16,7,3,0
0,145,16,9,3,0
0,146,16,9,3,0
0,147,16,11,3,0
0,148,16,13,3,0
0,149,16,14,3,0
0,150,16,15,3,54
0,151,16,19,3,0
0,152,16,22,3,0
0,153,16,25,3,0
0,154,16,28,3,0
0,155,16,34,3,0
0,156,16,36,3,0
0,157,16,36,3,0
0,158,16,48,3,0
0,159,16,55,3,0
0,160,16,58,3,0
0,161,17,3,3,0
0,162,17,7,3,0
0,163,17,12,3,0
0,164,17,17,3,0
0,165,17,21,3,0
0,166,17,30,3,0
0,167,17,30,3,0
0,168,17,31,3,0
0,169,17,33,3,0
0,170,17,41,3,0
0,171,17,45,3,0
0,172,17,49,3,0
0,1,8,0,4,0
0,2,8,3,4,0
0,3,8,15,4,0
0,4,8,16,4,0
0,5,8,23,4,0
0,6,8,24,4,0
0,7,8,25,4,0
0,8,8,25,4,201
0,9,8,37,4,0
0,10,8,37,4,0
0,11,8,38,4,0
0,12,8,39,4,0
0,13,8,47,4,0
0,14,8,56,4,0
0,15,9,1,4,0
0,16,9,1,4,0
0,17,9,5,4,0
0,18,9,5,4,0
0,19,9,9,4,0
0,20,9,9,4,0
0,21,9,9,4,44
0,22,9,11,4,373
1,23,9,14,4,204
2,24,9,14,4,182
0,25,9,18,4,0
0,26,9,21,4,0
0,27,9,22,4,0
0,28,9,27,4,0
0,29,9,28,4,0
0,30,9,28,4,48
0,31,9,30,4,36
0,32,9,32,4,60
0,33,9,41,4,0
0,34,9,52,4,0
0,35,9,56,4,0
0,36,9,57,4,0
0,37,10,1,4,0
0,38,10,6,4,0
0,39,10,23,4,0
0,40,10,32,4,0
0,41,10,34,4,0
0,42,10,39,4,0
0,43,10,43,4,0
0,44,10,44,4,0
0,45,10,46,4,0
0,46,10,47,4,0
0,47,10,51,4,0
0,48,10,53,4,0
0,49,10,54,4,0
0,50,10,56,4,0
0,51,10,59,4,0
0,52,11,5,4,0
0,53,11,18,4,0
0,54,11,21,4,0
0,55,11,24,4,0
0,56,11,25,4,0
0,57,11,31,4,0
0,58,11,33,4,0
0,59,11,34,4,0
0,60,11,34,4,0
0,61,11,35,4,0
0,62,11,35,4,0
0,63,11,41,4,0
0,64,11,43,4,0
0,65,11,43,4,0
0,66,11,43,4,0
0,67,11,44,4,4
0,68,11,48,4,0
0,69,11,53,4,0
0,70,12,1,4,0
0,71,12,17,4,0
0,72,12,20,4,0
0,73,12,22,4,0
0,74,12,22,4,0
0,75,12,24,4,0
0,76,12,29,4,0
0,77,12,29,4,0
0,78,12,30,4,0
0,79,12,31,4,0
0,80,12,33,4,0
0,81,12,44,4,0
0,82,12,45,4,0
0,83,12,45,4,0
0,84,12,48,4,0
0,85,12,49,4,0
0,86,12,56,4,0
0,87,12,56,4,0
0,88,12,57,4,0
0,89,13,0,4,0
0,90,13,2,4,0
0,91,13,2,4,0
0,92,13,3,4,0
0,93,13,12,4,0
0,94,13,15,4,0
0,95,13,19,4,0
0,96,13,23,4,0
0,97,13,25,4,0
0,98,13,39,4,0
0,99,13,40,4,0
0,100,13,44,4,0
0,101,13,46,4,0
0,102,13,52,4,0
0,103,13,59,4,0
0,104,14,0,4,0
0,105,14,3,4,0
0,106,14,3,4,0
0,107,14,6,4,0
0,108,14,6,4,0
0,109,14,9,4,0
0,110,14,13,4,0
0,111,14,13,4,7
0,112,14,18,4,0
0,113,14,21,4,0
0,114,14,25,4,0
0,115,14,26,4,0
0,116,14,28,4,0
0,117,14,34,4,0
0,118,14,35,4,0
0,119,14,44,4,0
0,120,14,45,4,0
0,121,14,45,4,0
0,122,14,45,4,0
0,123,14,52,4,0
0,124,14,53,4,0
0,125,15,3,4,0
0,126,15,6,4,0
0,127,15,11,4,0
0,128,15,14,4,0
0,129,15,18,4,0
0,130,15,21,4,0
0,131,15,24,4,0
0,132,15,27,4,0
0,133,15,29,4,0
0,134,15,29,4,0
0,135,15,32,4,0
0,136,15,34,4,0
0,137,15,37,4,0
0,138,15,43,4,0
0,139,15,48,4,0
0,140,15,56,4,0
0,141,16,10,4,0
0,142,16,11,4,0
0,143,16,15,4,0
0,144,16,16,4,0
0,145,16,21,4,0
0,146,16,21,4,0
0,147,16,26,4,0
0,148,16,29,4,0
0,149,16,40,4,0
0,150,16,42,4,0
0,151,16,45,4,0
0,152,16,48,4,0
0,153,16,56,4,0
0,154,16,57,4,0
0,155,17,3,4,0
0,156,17,5,4,0
0,157,17,9,4,0
0,158,17,11,4,0
0,159,17,24,4,0
0,160,17,28,4,0
0,161,17,33,4,0
0,162,17,35,4,0
0,163,17,41,4,0
0,164,17,45,4,0
0,165,17,49,4,0
0,166,17,51,4,0
0,1,8,0,0,0
0,2,8,2,0,0
0,3,8,2,0,0
0,4,8,13,0,0
0,5,8,14,0,0
0,6,8,19,0,0
0,7,8,22,0,0
0,8,8,28,0,0
0,9,8,31,0,0
0,10,8,34,0,0
0,11,8,35,0,0
0,12,8,37,0,0
0,13,8,48,0,0
0,14,8,48,0,0
0,15,8,52,0,0
0,16,8,53,0,0
0,17,8,53,0,0
0,18,8,58,0,0
0,19,9,2,0,0
0,20,9,6,0,0
0,21,9,9,0,0
0,22,9,13,0,0
0,23,9,15,0,0
0,24,9,19,0,0
0,25,9,19,0,0
0,26,9,23,0,0
0,27,9,34,0,0
0,28,9,44,0,0
0,29,9,45,0,0
0,30,9,47,0,0
0,31,9,48,0,0
0,32,9,50,0,0
0,33,9,58,0,0
0,34,10,8,0,0
0,35,10,10,0,0
0,36,10,13,0,0
0,37,10,19,0,0
0,38,10,24,0,0
0,39,10,29,0,0
0,40,10,29,0,0
0,41,10,30,0,0
0,42,10,34,0,0
0,43,10,37,0,0
0,44,10,38,0,0
0,45,10,38,0,0
0,46,10,39,0,0
0,47,10,42,0,0
0,48,10,44,0,0
0,49,10,45,0,0
0,50,10,47,0,0
0,51,11,0,0,0
0,52,11,2,0,0
0,53,11,5,0,0
0,54,11,10,0,0
0,55,11,10,0,0
0,56,11,13,0,0
0,57,11,15,0,0
0,58,11,15,0,0
0,59,11,17,0,0
0,60,11,17,0,0
0,61,11,25,0,0
0,62,11,29,0,0
0,63,11,30,0,0
0,64,11,31,0,0
0,65,11,31,0,0
0,66,11,40,0,0
0,67,11,47,0,0
0,68,11,54,0,0
0,69,11,54,0,0
0,70,11,56,0,0
0,71,11,59,0,0
0,72,12,5,0,0
0,73,12,8,0,0
0,74,12,12,0,0
0,75,12,15,0,0
0,76,12,17,0,0
0,77,12,24,0,0
0,78,12,24,0,0
0,79,12,25,0,0
0,80,12,28,0,0
0,81,12,34,0,0
0,82,12,35,0,0
0,83,12,40,0,0
0,84,12,41,0,0
0,85,12,42,0,0
0,86,12,43,0,56
0,87,12,44,0,0
0,88,12,47,0,0
0,89,12,49,0,0
0,90,12,49,0,0
0,91,12,50,0,0
0,92,12,52,0,0
0,93,12,52,0,116
0,94,12,54,0,35
0,95,12,55,0,1
0,96,13,0,0,0
0,97,13,7,0,0
0,98,13,9,0,0
0,99,13,11,0,0
0,100,13,14,0,0
0,101,13,22,0,0
0,102,13,22,0,0
0,103,13,23,0,0
0,104,13,25,0,0
0,105,13,27,0,0
0,106,13,37,0,0
0,107,13,40,0,0
0,108,13,49,0,0
0,109,13,53,0,0
0,110,13,57,0,0
0,111,13,58,0,0
0,112,14,3,0,0
0,113,14,6,0,0
0,114,14,8,0,0
0,115,14,11,0,0
0,116,14,12,0,0
0,117,14,15,0,0
0,118,14,22,0,0
0,119,14,22,0,0
0,120,14,24,0,0
0,121,14,25,0,0
0,122,14,26,0,0
0,123,14,33,0,0
0,124,14,35,0,0
0,125,14,36,0,0
0,126,14,42,0,0
0,127,14,44,0,0
0,128,14,47,0,0
0,129,14,49,0,0
0,130,14,49,0,0
0,131,14,50,0,0
0,132,14,51,0,0
0,133,14,54,0,0
0,134,14,56,0,0
0,135,15,3,0,0
0,136,15,3,0,0
0,137,15,10,0,0
0,138,15,12,0,0
0,139,15,17,0,0
0,140,15,21,0,0
0,141,15,21,0,0
0,142,15,22,0,0
0,143,15,24,0,0
0,144,15,30,0,0
0,145,15,34,0,0
0,146,15,35,0,0
0,147,15,39,0,0
0,148,15,46,0,0
0,149,15,47,0,0
0,150,15,53,0,0
0,151,15,55,0,0
0,152,16,0,0,0
0,153,16,5,0,0
0,154,16,8,0,0
0,155,16,9,0,0
0,156,16,21,0,0
0,157,16,29,0,0
0,158,16,48,0,0
0,159,16,50,0,0
0,160,16,50,0,0
0,161,16,54,0,0
0,162,16,56,0,0
0,163,17,4,0,0
0,164,17,11,0,0
0,165,17,12,0,0
0,166,17,14,0,0
0,167,17,20,0,0
0,168,17,33,0,0
0,169,17,34,0,0
0,170,17,36,0,0
0,171,17,38,0,0
0,172,17,41,0,0
0,173,17,45,0,0
0,174,17,51,0,0
0,176,17,53,0,42
0,1,8,0,1,0
0,2,8,2,1,0
0,3,8,4,1,0
0,4,8,7,1,0
0,5,8,9,1,0
0,6,8,14,1,0
0,7,8,17,1,0
0,8,8,17,1,0
0,9,8,20,1,0
0,10,8,20,1,0
0,11,8,47,1,0
0,12,8,53,1,0
0,13,8,58,1,0
0,14,9,0,1,0
0,15,9,1,1,0
0,16,9,5,1,0
0,17,9,7,1,0
0,18,9,9,1,0
0,19,9,15,1,0
0,20,9,17,1,0
0,21,9,26,1,0
0,22,9,31,1,0
0,23,9,40,1,0
0,24,9,41,1,0
0,25,9,42,1,0
0,26,9,43,1,0
0,27,9,52,1,0
0,28,10,0,1,0
0,29,10,1,1,0
0,30,10,2,1,0
0,31,10,3,1,0
0,32,10,4,1,0
0,33,10,7,1,0
0,34,10,9,1,0
0,35,10,19,1,0
0,36,10,23,1,0
0,37,10,29,1,0
0,38,10,30,1,0
0,39,10,34,1,0
0,40,10,35,1,0
0,41,10,44,1,0
0,42,10,48,1,0
0,43,10,49,1,0
0,44,10,53,1,0
0,45,10,56,1,0
0,46,11,3,1,0
0,47,11,7,1,0
0,48,11,7,1,0
0,50,11,8,1,0
0,49,11,8,1,0
0,51,11,9,1,0
0,52,11,11,1,0
0,53,11,12,1,0
0,54,11,12,1,0
0,55,11,21,1,0
0,56,11,29,1,0
0,57,11,34,1,0
0,58,11,37,1,0
0,59,11,50,1,0
0,60,11,55,1,0
0,61,11,56,1,0
0,62,11,58,1,0
0,63,12,0,1,0
0,64,12,0,1,0
0,65,12,2,1,0
0,66,12,6,1,0
0,67,12,7,1,0
0,68,12,20,1,0
0,69,12,21,1,0
0,70,12,22,1,0
0,71,12,23,1,0
0,72,12,29,1,0
0,73,12,32,1,0
0,74,12,34,1,0
0,75,12,34,1,0
0,76,12,42,1,0
0,77,12,45,1,0
0,78,13,4,1,0
0,79,13,14,1,0
0,80,13,14,1,0
0,81,13,16,1,0
0,82,13,21,1,0
0,83,13,24,1,0
0,84,13,31,1,0
0,85,13,31,1,0
0,86,13,32,1,0
0,87,13,43,1,0
0,88,13,46,1,0
0,89,13,52,1,0
0,90,13,53,1,0
0,91,14,1,1,0
0,92,14,2,1,0
0,93,14,4,1,0
0,94,14,6,1,0
0,95,14,7,1,75
0,96,14,14,1,0
0,97,14,19,1,0
0,98,14,35,1,0
0,99,14,36,1,0
0,100,14,37,1,0
0,101,14,42,1,0
0,102,14,44,1,0
0,103,14,50,1,0
0,104,14,51,1,0
0,105,14,52,1,0
0,106,14,53,1,0
0,107,14,54,1,0
0,108,14,56,1,0
0,109,15,2,1,0
0,110,15,8,1,0
0,111,15,11,1,0
0,112,15,11,1,0
0,113,15,12,1,0
0,114,15,18,1,0
0,115,15,19,1,0
0,116,15,25,1,0
0,117,15,26,1,0
0,118,15,30,1,0
0,119,15,31,1,0
0,120,15,33,1,0
0,121,15,38,1,0
0,122,15,38,1,0
0,123,15,40,1,0
0,124,15,50,1,0
0,125,15,52,1,0
0,126,15,55,1,0
0,127,15,55,1,0
0,128,15,58,1,0
0,129,15,59,1,0
0,130,16,0,1,0
0,131,16,0,1,0
0,132,16,1,1,34
0,133,16,1,1,149
0,134,16,11,1,0
0,135,16,13,1,0
0,136,16,19,1,0
0,137,16,21,1,0
0,138,16,26,1,0
0,139,16,27,1,0
0,140,16,29,1,0
0,141,16,31,1,0
0,142,16,34,1,0
0,143,16,37,1,0
0,144,16,38,1,0
0,145,16,38,1,91
1,146,16,39,1,105
0,147,16,43,1,0
0,148,16,43,1,1
0,149,16,47,1,0
0,150,16,50,1,0
0,151,16,51,1,0
0,152,16,56,1,0
0,153,17,5,1,0
0,154,17,7,1,0
0,155,17,24,1,0
0,156,17,29,1,0
0,157,17,42,1,0
0,158,17,44,1,0
0,159,17,53,1,0
0,160,17,53,1,0
0,161,17,56,1,0
0,1,8,0,2,0
0,2,8,3,2,0
0,3,8,4,2,0
0,4,8,7,2,0
0,5,8,9,2,0
0,6,8,10,2,0
0,7,8,12,2,0
0,8,8,16,2,0
0,9,8,21,2,0
0,10,8,22,2,0
0,11,8,32,2,0
0,12,8,35,2,0
0,13,8,35,2,0
0,14,8,35,2,0
0,15,8,39,2,0
0,16,8,40,2,0
0,17,8,41,2,0
0,18,8,42,2,0
0,19,8,42,2,30
0,20,8,44,2,0
0,21,8,44,2,0
0,22,8,45,2,0
0,23,8,46,2,81
0,24,8,54,2,0
0,25,8,56,2,0
0,26,8,57,2,0
0,27,8,58,2,0
0,28,9,4,2,0
0,29,9,17,2,0
0,30,9,23,2,0
0,31,9,27,2,0
0,32,9,30,2,0
0,33,9,31,2,0
0,34,9,34,2,0
0,35,9,38,2,0
0,36,9,52,2,0
0,37,9,53,2,0
0,38,9,53,2,0
0,39,9,55,2,0
0,40,9,57,2,0
0,41,10,1,2,0
0,42,10,7,2,0
0,43,10,9,2,0
0,44,10,13,2,0
0,45,10,14,2,0
0,46,10,15,2,0
0,47,10,17,2,0
0,48,10,17,2,73
0,49,10,20,2,0
0,50,10,20,2,49
1,51,10,21,2,213
1,52,10,22,2,171
2,53,10,23,2,434
1,54,10,25,2,367
2,55,10,26,2,325
0,56,10,32,2,11
0,57,10,38,2,0
0,58,10,39,2,0
0,59,10,44,2,0
0,60,10,47,2,0
0,61,10,48,2,0
0,62,10,53,2,0
0,63,11,3,2,0
0,64,11,4,2,0
0,65,11,15,2,0
0,66,11,16,2,0
0,67,11,26,2,0
0,68,11,32,2,0
0,69,11,34,2,0
0,70,11,35,2,0
0,71,11,35,2,0
0,72,11,38,2,0
0,73,11,40,2,0
0,74,11,43,2,0
0,75,11,47,2,0
0,76,11,52,2,0
0,77,11,58,2,0
0,78,12,4,2,0
0,79,12,12,2,0
0,80,12,17,2,0
0,81,12,22,2,0
0,82,12,27,2,0
0,83,12,30,2,0
0,84,12,32,2,0
0,85,12,33,2,11
0,86,12,33,2,0
0,87,12,34,2,153
1,88,12,37,2,64
1,89,12,37,2,82
0,90,12,40,2,0
0,91,12,42,2,227
1,92,12,42,2,338
2,93,12,45,2,254
0,94,12,49,2,54
0,95,12,52,2,0
0,96,12,52,2,0
0,97,12,57,2,0
0,98,12,58,2,0
0,99,13,3,2,0
0,100,13,7,2,0
0,101,13,10,2,0
0,102,13,10,2,0
0,103,13,13,2,0
0,104,13,16,2,0
0,105,13,16,2,0
0,106,13,20,2,0
0,107,13,23,2,0
0,108,13,23,2,0
0,109,13,28,2,0
0,110,13,30,2,0
0,111,13,32,2,0
0,112,13,40,2,0
0,113,13,41,2,0
0,114,13,44,2,0
0,115,13,47,2,0
0,116,13,56,2,0
0,117,14,0,2,0
0,118,14,1,2,0
0,119,14,3,2,0
0,120,14,6,2,0
0,121,14,7,2,0
0,122,14,8,2,0
0,123,14,8,2,0
0,124,14,11,2,0
0,125,14,15,2,0
0,126,14,24,2,0
0,127,14,25,2,0
0,128,14,38,2,0
0,129,14,43,2,0
0,130,14,44,2,0
0,131,14,47,2,0
0,132,14,51,2,0
0,133,14,58,2,0
0,134,14,59,2,0
0,135,15,3,2,0
0,136,15,15,2,0
0,137,15,16,2,0
0,138,15,16,2,0
0,139,15,17,2,0
0,140,15,18,2,0
0,141,15,20,2,0
0,142,15,29,2,0
0,143,15,32,2,0
0,144,15,36,2,0
0,145,15,43,2,0
0,146,15,43,2,0
0,147,15,49,2,0
0,148,15,53,2,0
0,149,15,59,2,0
0,150,16,7,2,0
0,151,16,14,2,0
0,152,16,15,2,0
0,153,16,17,2,0
0,154,16,22,2,0
0,155,16,27,2,0
0,156,16,28,2,0
0,157,16,28,2,0
0,158,16,41,2,0
0,159,16,44,2,0
0,160,16,46,2,0
0,161,16,47,2,0
0,162,17,5,2,0
0,163,17,10,2,0
0,164,17,13,2,0
0,165,17,16,2,0
0,166,17,16,2,0
0,167,17,24,2,0
0,168,17,26,2,0
0,169,17,33,2,0
0,170,17,50,2,0
0,171,17,51,2,0
0,1,8,0,3,0
0,2,8,0,3,0
0,3,8,1,3,0
0,4,8,1,3,0
0,5,8,12,3,0
0,6,8,14,3,0
0,7,8,23,3,0
0,8,8,25,3,0
0,9,8,26,3,0
0,10,8,27,3,0
0,11,8,30,3,0
0,12,8,33,3,0
0,13,8,37,3,0
0,14,8,37,3,0
0,15,8,38,3,0
0,16,8,44,3,0
0,17,8,45,3,0
0,18,8,46,3,0
0,19,8,52,3,0
0,20,9,0,3,0
0,21,9,3,3,0
0,22,9,7,3,0
0,23,9,9,3,0
0,24,9,11,3,0
0,25,9,22,3,0
0,26,9,26,3,0
0,27,9,26,3,0
0,28,9,30,3,0
0,29,9,35,3,0
0,30,9,35,3,0
0,31,9,35,3,0
0,32,9,37,3,0
0,33,9,39,3,0
0,34,9,43,3,0
0,35,9,43,3,0
0,36,9,44,3,0
0,37,9,58,3,0
0,38,10,0,3,0
0,39,10,2,3,0
0,40,10,2,3,0
0,41,10,5,3,0
0,42,10,9,3,0
0,43,10,11,3,0
0,44,10,13,3,0
0,45,10,14,3,0
0,46,10,24,3,0
0,47,10,25,3,0
0,48,10,33,3,0
0,49,10,36,3,0
0,50,10,37,3,0
0,51,10,39,3,0
0,52,10,42,3,0
0,53,10,43,3,0
0,54,10,49,3,0
0,55,10,49,3,0
0,56,10,51,3,0
0,57,10,51,3,0
0,58,10,57,3,0
0,59,11,0,3,0
0,60,11,2,3,0
0,61,11,7,3,0
0,62,11,8,3,0
0,63,11,10,3,0
0,64,11,15,3,0
0,65,11,17,3,0
0,66,11,18,3,116
1,67,11,18,3,102
0,68,11,23,3,0
0,69,11,25,3,0
0,70,11,30,3,0
0,71,11,37,3,0
0,72,11,38,3,0
0,73,11,44,3,0
0,74,11,47,3,0
0,75,11,47,3,0
0,76,11,49,3,0
0,77,11,51,3,0
0,78,11,57,3,0
0,79,12,6,3,0
0,80,12,8,3,0
0,81,12,16,3,0
0,82,12,21,3,0
0,83,12,24,3,0
0,84,12,24,3,0
0,85,12,25,3,0
0,86,12,28,3,0
0,87,12,28,3,0
0,88,12,36,3,0
0,89,12,37,3,0
0,90,12,39,3,0
0,91,12,40,3,0
0,92,12,41,3,0
0,93,12,44,3,0
0,94,12,45,3,0
0,95,12,45,3,0
0,96,12,46,3,0
0,97,12,48,3,0
0,98,12,48,3,21
0,99,12,51,3,20
0,100,12,57,3,0
0,101,13,4,3,0
0,102,13,5,3,0
0,103,13,7,3,0
0,104,13,11,3,0
0,105,13,12,3,0
0,106,13,19,3,0
0,107,13,21,3,0
0,108,13,27,3,0
0,109,13,29,3,0
0,110,13,30,3,94
0,111,13,33,3,156
1,112,13,33,3,150
2,113,13,34,3,90
3,114,13,34,3,137
1,115,13,36,3,78
0,116,13,39,3,0
0,117,13,39,3,94
1,118,13,41,3,99
0,119,13,44,3,0
0,120,13,44,3,0
0,121,13,49,3,0
0,122,13,58,3,0
0,123,14,0,3,0
0,124,14,2,3,0
0,125,14,4,3,103
0,126,14,8,3,0
0,127,14,17,3,0
0,128,14,22,3,0
0,129,14,34,3,0
0,130,14,37,3,0
0,131,14,38,3,0
0,132,14,41,3,0
0,133,14,44,3,0
0,134,14,46,3,0
0,135,14,53,3,0
0,136,14,53,3,0
0,137,14,56,3,0
0,138,15,0,3,0
0,139,15,1,3,0
0,140,15,1,3,0
0,141,15,5,3,0
0,142,15,6,3,0
0,143,15,11,3,0
0,144,15,17,3,0
0,145,15,19,3,0
0,146,15,22,3,0
0,147,15,23,3,0
0,148,15,26,3,0
0,149,15,33,3,0
0,150,15,34,3,0
0,151,15,37,3,0
0,152,15,41,3,0
0,153,15,41,3,0
0,154,15,42,3,0
0,155,15,43,3,0
0,156,15,43,3,0
0,157,15,49,3,0
0,158,15,54,3,0
0,159,16,1,3,0
0,160,16,2,3,0
0,161,16,5,3,0
0,162,16,9,3,0
0,163,16,9,3,0
0,164,16,10,3,0
0,165,16,11,3,291
1,166,16,13,3,156
2,167,16,14,3,169
0,168,16,18,3,33
0,169,16,20,3,0
0,170,16,28,3,0
0,171,16,32,3,0
0,172,16,36,3,0
0,173,16,37,3,0
0,174,16,39,3,0
0,175,16,41,3,0
0,176,16,47,3,0
0,177,16,49,3,0
0,178,16,51,3,0
0,179,16,51,3,0
0,180,16,55,3,0
0,181,16,56,3,0
0,182,16,59,3,0
0,183,17,2,3,0
0,184,17,2,3,0
0,185,17,4,3,0
0,186,17,5,3,0
0,187,17,11,3,0
0,188,17,12,3,0
0,189,17,19,3,0
0,190,17,21,3,0
0,191,17,22,3,65
1,192,17,22,3,84
0,193,17,24,3,0
0,194,17,24,3,26
0,195,17,25,3,7
0,196,17,29,3,0
0,197,17,29,3,0
0,198,17,34,3,0
0,199,17,38,3,0
0,200,17,38,3,0
0,201,17,40,3,0
0,202,17,40,3,0
0,203,17,49,3,0
0,204,17,50,3,0
0,205,17,53,3,0
0,1,8,0,4,0
0,2,8,0,4,0
0,3,8,3,4,0
0,4,8,18,4,0
0,5,8,21,4,0
0,6,8,22,4,0
0,7,8,23,4,0
0,8,8,24,4,0
0,9,8,27,4,0
0,10,8,28,4,0
0,11,8,32,4,0
0,12,8,39,4,0
0,13,8,41,4,0
0,14,8,41,4,0
0,15,8,42,4,0
0,16,8,45,4,0
0,17,8,46,4,0
0,18,8,50,4,0
0,19,8,50,4,0
0,20,8,51,4,0
0,21,8,53,4,0
0,22,8,59,4,0
0,23,9,3,4,0
0,24,9,4,4,0
0,25,9,5,4,0
0,26,9,12,4,0
0,27,9,14,4,0
0,28,9,15,4,0
0,29,9,21,4,0
0,30,9,23,4,0
0,31,9,26,4,0
0,32,9,26,4,0
0,33,9,28,4,0
0,34,9,33,4,0
0,35,9,36,4,0
0,36,9,41,4,0
0,37,9,46,4,0
0,38,9,59,4,0
0,39,10,2,4,0
0,40,10,4,4,0
0,41,10,5,4,0
0,42,10,7,4,0
0,43,10,9,4,0
0,44,10,16,4,0
0,45,10,16,4,0
0,46,10,21,4,0
0,47,10,40,4,0
0,48,10,42,4,0
0,49,10,45,4,0
0,50,10,47,4,0
0,51,10,47,4,0
0,52,10,49,4,0
0,53,10,50,4,0
0,54,10,51,4,0
0,55,10,53,4,0
0,56,10,57,4,0
0,57,10,57,4,0
0,58,10,58,4,0
0,59,11,0,4,0
0,60,11,6,4,0
0,61,11,6,4,0
0,62,11,9,4,0
0,63,11,9,4,0
0,64,11,17,4,0
0,65,11,20,4,0
0,66,11,21,4,0
0,67,11,24,4,0
0,68,11,24,4,14
0,69,11,29,4,0
0,70,11,31,4,0
0,71,11,31,4,0
0,72,11,35,4,0
0,73,11,57,4,0
0,74,12,1,4,0
0,75,12,4,4,0
0,76,12,9,4,0
0,77,12,9,4,0
0,78,12,10,4,0
0,79,12,22,4,0
0,80,12,22,4,0
0,81,12,26,4,0
0,82,12,28,4,0
0,83,12,30,4,0
0,84,12,32,4,0
0,85,12,33,4,0
0,86,12,34,4,0
0,87,12,36,4,0
0,88,12,36,4,141
1,89,12,37,4,107
2,90,12,38,4,134
2,91,12,39,4,123
0,92,12,45,4,0
0,93,12,47,4,0
0,94,12,50,4,0
0,95,12,50,4,0
0,96,12,51,4,0
0,97,12,55,4,0
0,98,12,57,4,0
0,99,13,5,4,0
0,100,13,10,4,0
0,101,13,15,4,0
0,102,13,15,4,0
0,103,13,17,4,0
0,104,13,19,4,0
0,105,13,25,4,0
0,106,13,31,4,0
0,107,13,32,4,0
0,108,13,48,4,0
0,109,13,48,4,0
0,110,13,52,4,0
0,111,13,53,4,0
0,112,13,56,4,0
0,113,13,56,4,0
0,114,13,57,4,32
0,115,14,4,4,0
0,116,14,9,4,0
0,117,14,12,4,0
0,118,14,12,4,0
0,119,14,19,4,0
0,120,14,23,4,0
0,121,14,24,4,0
0,122,14,25,4,0
0,123,14,29,4,0
0,124,14,31,4,0
0,125,14,33,4,0
0,126,14,35,4,0
0,127,14,39,4,0
0,128,14,41,4,0
0,129,14,43,4,0
0,130,14,46,4,0
0,131,14,47,4,0
0,132,14,52,4,0
0,133,14,55,4,0
0,134,14,56,4,0
0,135,15,0,4,0
0,136,15,1,4,0
0,137,15,8,4,0
0,138,15,11,4,0
0,139,15,14,4,0
0,140,15,25,4,0
0,141,15,31,4,0
0,142,15,39,4,0
0,143,15,40,4,0
0,144,15,44,4,0
0,145,15,50,4,0
0,146,15,54,4,0
0,147,15,56,4,0
0,148,16,3,4,0
0,149,16,5,4,0
0,150,16,9,4,0
0,151,16,11,4,0
0,152,16,12,4,0
0,153,16,12,4,0
0,154,16,14,4,5
0,155,16,20,4,0
0,156,16,24,4,0
0,157,16,32,4,0
0,158,16,40,4,0
0,159,16,42,4,0
0,160,16,47,4,0
0,161,16,47,4,0
0,162,16,47,4,0
0,163,16,52,4,0
0,164,17,4,4,0
0,165,17,8,4,0
0,166,17,17,4,0
0,167,17,21,4,0
0,168,17,21,4,0
0,169,17,24,4,0
0,170,17,26,4,0
0,171,17,29,4,0
0,172,17,29,4,0
0,173,17,32,4,0
0,174,17,36,4,0
0,175,17,37,4,0
0,176,17,38,4,0
0,177,17,44,4,0
0,178,17,47,4,0
0,181,17,48,4,178
1,182,17,48,4,266
2,183,17,49,4,309
0,1,8,0,0,0
0,2,8,1,0,0
0,3,8,3,0,0
0,4,8,9,0,0
0,5,8,9,0,0
0,6,8,11,0,0
0,7,8,12,0,0
0,8,8,14,0,307
1,9,8,17,0,164
0,10,8,30,0,0
0,11,8,32,0,0
0,12,8,32,0,0
0,13,8,35,0,0
0,14,8,39,0,0
0,15,8,39,0,0
0,16,8,43,0,0
0,17,8,44,0,0
0,18,8,54,0,0
0,19,8,56,0,0
0,20,8,59,0,0
0,21,9,0,0,0
0,22,9,1,0,0
0,23,9,4,0,0
0,24,9,11,0,0
0,25,9,12,0,0
0,26,9,13,0,0
0,27,9,14,0,0
0,28,9,17,0,0
0,29,9,18,0,0
0,30,9,19,0,23
0,31,9,21,0,0
0,32,9,23,0,0
0,33,9,26,0,0
0,34,9,27,0,0
0,35,9,30,0,0
0,36,9,31,0,0
0,37,9,36,0,0
0,38,9,38,0,0
0,39,9,38,0,0
0,40,9,43,0,0
0,41,9,43,0,0
0,42,9,44,0,0
0,43,9,44,0,1
0,44,9,44,0,26
0,45,9,50,0,0
0,46,9,50,0,0
0,47,9,51,0,0
0,48,9,54,0,0
0,49,9,56,0,0
0,50,9,58,0,0
0,51,10,4,0,0
0,52,10,5,0,0
0,53,10,5,0,0
0,54,10,7,0,0
0,55,10,10,0,0
0,56,10,16,0,0
0,57,10,24,0,0
0,58,10,28,0,0
0,59,10,32,0,0
0,60,10,38,0,0
0,61,10,53,0,0
0,62,10,56,0,0
0,63,10,59,0,0
0,64,11,2,0,0
0,65,11,2,0,0
0,66,11,5,0,0
0,67,11,7,0,0
0,68,11,8,0,0
0,69,11,14,0,0
0,70,11,14,0,0
0,71,11,20,0,0
0,72,11,25,0,0
0,73,11,34,0,0
0,74,11,36,0,0
0,75,11,46,0,0
0,76,11,46,0,0
0,77,11,49,0,0
0,78,11,51,0,0
0,79,11,53,0,0
0,80,11,54,0,0
0,81,12,1,0,0
0,82,12,4,0,0
0,83,12,6,0,0
0,84,12,13,0,0
0,85,12,18,0,0
0,86,12,20,0,0
0,87,12,21,0,0
0,88,12,31,0,0
0,89,12,31,0,0
0,90,12,33,0,0
0,91,12,35,0,0
0,92,12,35,0,0
0,93,12,37,0,0
0,94,12,42,0,0
0,95,12,51,0,0
0,96,12,54,0,0
0,97,13,1,0,0
0,98,13,1,0,0
0,99,13,5,0,0
0,100,13,6,0,0
0,101,13,8,0,0
0,102,13,12,0,0
0,103,13,18,0,0
0,104,13,21,0,0
0,105,13,22,0,0
0,106,13,23,0,0
0,107,13,24,0,0
0,108,13,26,0,0
0,109,13,26,0,0
0,110,13,26,0,20
1,111,13,26,0,53
0,112,13,33,0,0
0,113,13,37,0,0
0,114,13,44,0,0
0,115,13,50,0,0
0,116,13,53,0,0
0,117,13,55,0,0
0,118,14,5,0,0
0,119,14,9,0,0
0,120,14,17,0,0
0,121,14,18,0,0
0,122,14,18,0,0
0,123,14,19,0,0
0,124,14,22,0,0
0,125,14,27,0,0
0,126,14,32,0,0
0,127,14,33,0,0
0,128,14,34,0,0
0,129,14,34,0,65
0,130,14,39,0,0
0,131,14,44,0,0
0,132,14,46,0,0
0,133,14,46,0,0
0,134,14,51,0,0
0,135,14,51,0,0
0,136,14,52,0,0
0,137,14,53,0,0
0,138,14,54,0,0
0,139,15,0,0,0
0,140,15,1,0,0
0,141,15,1,0,42
0,142,15,2,0,19
0,143,15,3,0,33
0,144,15,4,0,0
0,145,15,5,0,0
0,146,15,17,0,0
0,147,15,17,0,0
0,148,15,22,0,0
0,149,15,25,0,0
0,150,15,30,0,0
0,151,15,32,0,0
0,152,15,35,0,0
0,153,15,36,0,0
0,154,15,41,0,0
0,155,15,41,0,0
0,156,15,43,0,0
0,157,15,47,0,0
0,158,15,50,0,0
0,159,15,55,0,0
0,160,15,55,0,0
0,161,15,57,0,0
0,162,16,0,0,0
0,163,16,2,0,0
0,164,16,4,0,0
0,165,16,14,0,0
0,166,16,18,0,0
0,167,16,30,0,0
0,168,16,34,0,0
0,169,16,35,0,0
0,170,16,41,0,0
0,171,16,51,0,0
0,172,17,0,0,0
0,173,17,2,0,0
0,174,17,21,0,0
0,175,17,25,0,0
0,176,17,29,0,0
0,177,17,33,0,0
0,178,17,37,0,0
0,179,17,42,0,0
0,180,17,45,0,0
0,181,17,48,0,0
0,183,17,48,0,0
0,1,8,0,1,0
0,2,8,1,1,0
0,3,8,10,1,0
0,4,8,11,1,0
0,5,8,14,1,0
0,6,8,16,1,0
0,7,8,18,1,0
0,8,8,22,1,0
0,9,8,23,1,0
0,10,8,24,1,0
0,11,8,24,1,0
0,12,8,32,1,0
0,13,8,35,1,0
0,14,8,37,1,0
0,15,8,41,1,0
0,16,8,47,1,0
0,17,8,51,1,0
0,18,8,59,1,0
0,19,9,7,1,0
0,20,9,10,1,0
0,21,9,12,1,0
0,22,9,13,1,0
0,23,9,15,1,0
0,24,9,16,1,0
0,25,9,21,1,0
0,26,9,24,1,0
0,27,9,28,1,0
0,28,9,28,1,0
0,29,9,31,1,0
0,30,9,34,1,0
0,31,9,36,1,0
0,32,9,41,1,0
0,33,9,42,1,0
0,34,9,44,1,0
0,35,9,49,1,0
0,36,10,2,1,0
0,37,10,5,1,0
0,38,10,7,1,0
0,39,10,8,1,0
0,40,10,9,1,29
0,41,10,11,1,159
1,42,10,11,1,176
0,43,10,17,1,0
0,44,10,19,1,53
0,45,10,21,1,0
0,46,10,25,1,0
0,47,10,34,1,0
0,48,10,35,1,0
0,49,10,36,1,0
0,50,10,36,1,0
0,51,10,38,1,0
0,52,10,39,1,0
0,53,10,41,1,0
0,54,10,41,1,94
0,55,10,44,1,0
0,56,10,56,1,0
0,57,10,57,1,0
0,58,11,1,1,0
0,59,11,3,1,0
0,60,11,3,1,0
0,61,11,6,1,0
0,62,11,16,1,0
0,63,11,17,1,0
0,64,11,18,1,0
0,65,11,20,1,0
0,66,11,26,1,0
0,67,11,28,1,0
0,68,11,35,1,0
0,69,11,36,1,0
0,70,11,39,1,0
0,71,11,49,1,0
0,72,11,49,1,0
0,73,11,49,1,0
0,74,11,50,1,0
0,75,11,51,1,78
1,76,11,52,1,104
0,77,11,57,1,0
0,78,12,5,1,0
0,79,12,5,1,25
0,80,12,8,1,0
0,81,12,10,1,1
0,82,12,11,1,116
1,83,12,11,1,195
0,84,12,21,1,0
0,85,12,22,1,0
0,86,12,30,1,0
0,87,12,33,1,0
0,88,12,38,1,0
0,89,12,39,1,0
0,90,12,39,1,0
0,91,12,44,1,0
0,92,13,0,1,0
0,93,13,6,1,0
0,94,13,11,1,0
0,95,13,13,1,0
0,96,13,18,1,0
0,97,13,25,1,0
0,98,13,30,1,0
0,99,13,41,1,0
0,100,13,47,1,0
0,101,13,47,1,0
0,102,14,6,1,0
0,103,14,8,1,0
0,104,14,10,1,0
0,105,14,12,1,0
0,106,14,13,1,0
0,107,14,15,1,0
0,108,14,19,1,0
0,109,14,25,1,0
0,110,14,31,1,0
0,111,14,37,1,0
0,112,14,42,1,0
0,113,14,48,1,0
0,114,14,49,1,0
0,115,14,54,1,0
0,116,14,54,1,0
0,117,14,56,1,0
0,118,14,59,1,0
0,119,15,6,1,0
0,120,15,8,1,0
0,121,15,12,1,0
0,122,15,14,1,0
0,123,15,15,1,0
0,124,15,16,1,0
0,125,15,21,1,0
0,126,15,22,1,0
0,127,15,23,1,0
0,128,15,24,1,94
1,129,15,25,1,189
0,130,15,31,1,0
0,131,15,31,1,0
0,132,15,32,1,0
0,133,15,40,1,0
0,134,15,42,1,0
0,135,15,47,1,0
0,136,15,49,1,0
0,137,15,51,1,0
0,138,15,51,1,0
0,139,15,54,1,0
0,140,15,57,1,0
0,141,16,3,1,0
0,142,16,5,1,0
0,143,16,5,1,0
0,144,16,11,1,0
0,145,16,16,1,0
0,146,16,17,1,0
0,147,16,22,1,0
0,148,16,22,1,0
0,149,16,24,1,0
0,150,16,25,1,0
0,151,16,28,1,0
0,152,16,32,1,0
0,153,16,34,1,0
0,154,16,35,1,0
0,155,16,35,1,0
0,156,16,36,1,0
0,157,16,41,1,0
0,158,16,42,1,0
0,159,16,42,1,0
0,160,16,42,1,35
1,161,16,42,1,177
0,162,16,47,1,0
0,163,16,48,1,0
0,164,16,49,1,39
1,165,16,50,1,51
0,166,16,53,1,0
0,167,16,55,1,0
0,168,16,57,1,85
0,169,16,59,1,153
0,170,17,2,1,129
0,171,17,8,1,0
0,172,17,11,1,0
0,173,17,17,1,0
0,174,17,19,1,0
0,175,17,22,1,0
0,176,17,26,1,0
0,177,17,29,1,0
0,178,17,34,1,0
0,179,17,43,1,0
0,180,17,44,1,0
0,1,8,0,2,0
0,2,8,1,2,0
0,3,8,6,2,0
0,4,8,8,2,0
0,5,8,8,2,0
0,6,8,8,2,0
0,7,8,11,2,0
0,8,8,11,2,0
0,9,8,11,2,0
0,10,8,12,2,10
0,11,8,12,2,299
1,12,8,17,2,289
2,13,8,17,2,423
2,14,8,21,2,187
0,15,8,24,2,113
0,16,8,26,2,36
0,17,8,34,2,0
0,18,8,34,2,0
0,19,8,34,2,217
1,20,8,36,2,137
0,21,8,40,2,75
0,22,8,42,2,0
0,23,8,43,2,125
0,24,8,45,2,38
0,25,8,46,2,52
0,26,8,47,2,33
0,27,8,48,2,92
1,28,8,48,2,103
2,29,8,49,2,82
0,30,9,0,2,0
0,31,9,12,2,0
0,32,9,21,2,0
0,33,9,22,2,0
0,34,9,22,2,0
0,35,9,22,2,0
0,36,9,24,2,0
0,37,9,31,2,0
0,38,9,32,2,0
0,39,9,39,2,0
0,40,9,43,2,0
0,41,9,45,2,266
1,42,9,46,2,227
0,43,9,51,2,0
0,44,9,54,2,0
0,45,9,55,2,0
0,46,10,1,2,0
0,47,10,3,2,0
0,48,10,11,2,0
0,49,10,16,2,0
0,50,10,19,2,0
0,51,10,25,2,0
0,52,10,27,2,0
0,53,10,30,2,0
0,54,10,30,2,0
0,55,10,30,2,0
0,56,10,34,2,0
0,57,10,36,2,0
0,58,10,38,2,0
0,59,10,39,2,0
0,60,10,40,2,0
0,61,10,41,2,0
0,62,10,42,2,29
0,63,10,42,2,70
0,64,10,44,2,10
0,65,10,45,2,0
0,66,10,45,2,270
1,67,10,46,2,498
2,68,10,46,2,512
0,69,10,56,2,0
0,70,10,56,2,4
0,71,10,57,2,53
0,72,11,1,2,0
0,73,11,3,2,0
0,74,11,8,2,0
0,75,11,11,2,0
0,76,11,11,2,0
0,77,11,13,2,0
0,78,11,13,2,267
1,79,11,16,2,193
2,80,11,17,2,279
0,81,11,22,2,45
0,82,11,23,2,0
0,83,11,28,2,0
0,84,11,35,2,0
0,85,11,40,2,0
0,86,11,40,2,0
0,87,11,41,2,0
0,88,11,41,2,60
0,89,11,42,2,162
0,90,11,50,2,0
0,91,12,0,2,0
0,92,12,0,2,0
0,93,12,4,2,0
0,94,12,5,2,0
0,95,12,19,2,0
0,96,12,21,2,0
0,97,12,22,2,0
0,98,12,23,2,77
0,99,12,24,2,300
1,100,12,25,2,282
2,101,12,25,2,381
3,102,12,25,2,642
4,103,12,28,2,488
3,104,12,29,2,444
3,105,12,32,2,276
4,106,12,34,2,214
1,107,12,37,2,93
0,108,12,39,2,13
0,109,12,40,2,3
0,110,12,41,2,0
0,111,12,43,2,0
0,112,12,44,2,0
0,113,12,46,2,0
0,114,12,48,2,0
0,115,12,55,2,0
0,116,12,56,2,0
0,117,12,58,2,0
0,118,13,10,2,0
0,119,13,11,2,0
0,120,13,15,2,0
0,121,13,18,2,0
0,122,13,24,2,0
0,123,13,25,2,0
0,124,13,26,2,0
0,125,13,28,2,0
0,126,13,29,2,0
0,127,13,33,2,0
0,128,13,34,2,0
0,129,13,35,2,0
0,130,13,37,2,0
0,131,13,43,2,0
0,132,13,45,2,0
0,133,13,48,2,0
0,134,13,50,2,0
0,135,13,50,2,0
0,136,13,51,2,0
0,137,13,52,2,0
0,138,13,53,2,0
0,139,13,55,2,0
0,140,13,58,2,0
0,141,14,3,2,0
0,142,14,4,2,12
0,143,14,4,2,42
0,144,14,8,2,0
0,145,14,12,2,0
0,146,14,14,2,0
0,147,14,16,2,0
0,148,14,20,2,0
0,149,14,20,2,0
0,150,14,20,2,0
0,151,14,22,2,0
0,152,14,23,2,0
0,153,14,25,2,0
0,154,14,28,2,140
1,155,14,29,2,116
0,156,14,33,2,0
0,157,14,34,2,0
0,158,14,34,2,100
1,159,14,36,2,20
1,160,14,36,2,25
0,161,14,49,2,0
0,162,14,55,2,0
0,163,15,1,2,0
0,164,15,5,2,0
0,165,15,7,2,0
0,166,15,7,2,0
0,167,15,7,2,33
0,168,15,21,2,0
0,169,15,22,2,0
0,170,15,23,2,0
0,171,15,23,2,0
0,172,15,29,2,0
0,173,15,32,2,0
0,174,15,38,2,0
0,175,15,41,2,0
0,176,15,42,2,0
0,177,15,47,2,0
0,178,15,51,2,0
0,179,15,53,2,0
0,180,15,56,2,0
0,181,15,58,2,0
0,182,15,59,2,0
0,183,15,59,2,0
0,184,16,1,2,0
0,185,16,1,2,26
0,186,16,9,2,0
0,187,16,9,2,0
0,188,16,13,2,0
0,189,16,16,2,0
0,190,16,19,2,0
0,191,16,23,2,0
0,192,16,25,2,0
0,193,16,28,2,0
0,194,16,28,2,0
0,195,16,30,2,0
0,196,16,31,2,0
0,197,16,31,2,32
0,198,16,40,2,0
0,199,16,41,2,0
0,200,16,42,2,0
0,201,16,44,2,0
0,202,16,45,2,0
0,203,16,54,2,0
0,204,16,54,2,0
0,205,16,58,2,0
0,206,16,59,2,0
0,207,17,1,2,0
0,208,17,2,2,0
0,209,17,2,2,62
1,210,17,3,2,77
1,211,17,4,2,142
1,212,17,5,2,274
1,213,17,8,2,170
2,214,17,9,2,186
0,215,17,13,2,56
0,216,17,15,2,246
1,217,17,19,2,254
1,218,17,20,2,214
2,219,17,21,2,374
3,220,17,22,2,324
2,221,17,24,2,216
0,222,17,29,2,78
1,223,17,30,2,133
2,224,17,31,2,324
2,225,17,31,2,306
3,226,17,32,2,395
3,227,17,33,2,398
0,229,17,43,2,0
0,230,17,48,2,0
0,231,17,48,2,0
0,232,17,52,2,0
0,233,17,54,2,0
0,1,8,0,3,0
0,2,8,3,3,0
0,3,8,4,3,0
0,4,8,12,3,0
0,5,8,20,3,0
0,6,8,20,3,0
0,7,8,22,3,0
0,8,8,23,3,0
0,9,8,25,3,0
0,10,8,28,3,0
0,11,8,33,3,0
0,12,8,34,3,0
0,13,8,36,3,0
0,14,8,37,3,0
0,15,8,40,3,0
0,16,8,41,3,0
0,17,8,41,3,0
0,18,8,42,3,0
0,19,8,45,3,0
0,20,8,50,3,0
0,21,8,53,3,0
0,22,8,55,3,0
0,23,9,0,3,0
0,24,9,7,3,0
0,25,9,8,3,0
0,26,9,9,3,0
0,27,9,14,3,0
0,28,9,15,3,0
0,29,9,19,3,0
0,30,9,20,3,0
0,31,9,20,3,153
1,32,9,20,3,179
2,33,9,22,3,89
2,34,9,23,3,52
0,35,9,25,3,0
0,36,9,29,3,0
0,37,9,30,3,0
0,38,9,40,3,0
0,39,9,43,3,0
0,40,9,45,3,0
0,41,9,50,3,0
0,42,9,59,3,0
0,43,10,0,3,0
0,44,10,2,3,0
0,45,10,5,3,0
0,46,10,8,3,0
0,47,10,17,3,0
0,48,10,18,3,0
0,49,10,24,3,0
0,50,10,25,3,0
0,51,10,28,3,0
0,52,10,29,3,0
0,53,10,37,3,0
0,54,10,38,3,2
0,55,10,39,3,0
0,56,10,44,3,0
0,57,10,45,3,0
0,58,10,48,3,0
0,59,10,49,3,0
0,60,10,55,3,0
0,61,10,56,3,0
0,62,10,57,3,0
0,63,11,0,3,0
0,64,11,6,3,0
0,65,11,13,3,0
0,66,11,20,3,0
0,67,11,22,3,0
0,68,11,23,3,0
0,69,11,27,3,0
0,70,11,32,3,0
0,71,11,36,3,0
0,72,11,47,3,0
0,73,11,50,3,0
0,74,11,54,3,0
0,75,12,0,3,0
0,76,12,2,3,0
0,77,12,5,3,0
0,78,12,6,3,0
0,79,12,7,3,0
0,80,12,12,3,0
0,81,12,20,3,0
0,82,12,21,3,0
0,83,12,25,3,0
0,84,12,29,3,0
0,85,12,30,3,0
0,86,12,32,3,0
0,87,12,34,3,0
0,88,12,35,3,0
0,89,12,37,3,0
0,90,12,38,3,2
0,91,12,40,3,0
0,92,12,41,3,0
0,93,12,42,3,0
0,94,12,42,3,34
0,95,12,49,3,0
0,96,12,53,3,0
0,97,12,53,3,0
0,98,12,55,3,0
0,99,12,56,3,0
0,100,12,57,3,0
0,101,13,10,3,0
0,102,13,11,3,0
0,103,13,16,3,0
0,104,13,18,3,0
0,105,13,24,3,0
0,106,13,27,3,0
0,107,13,29,3,0
0,108,13,29,3,0
0,109,13,30,3,0
0,110,13,36,3,0
0,111,13,38,3,0
0,112,13,42,3,0
0,113,13,45,3,0
0,114,13,46,3,0
0,115,13,47,3,0
0,116,13,55,3,0
0,117,13,58,3,0
0,118,13,58,3,0
0,119,13,59,3,0
0,120,14,1,3,0
0,121,14,3,3,0
0,122,14,5,3,0
0,123,14,5,3,110
0,124,14,8,3,36
0,125,14,11,3,0
0,126,14,11,3,0
0,127,14,12,3,0
0,128,14,17,3,0
0,129,14,19,3,0
0,130,14,24,3,0
0,131,14,24,3,0
0,132,14,24,3,0
0,133,14,25,3,32
0,134,14,29,3,0
0,135,14,30,3,12
0,136,14,34,3,0
0,137,14,35,3,12
0,138,14,35,3,33
0,140,14,39,3,0
0,139,14,39,3,0
0,141,14,42,3,0
0,142,14,45,3,0
0,143,14,47,3,0
0,144,14,47,3,4
0,145,14,51,3,0
0,146,15,1,3,0
0,147,15,3,3,0
0,148,15,7,3,0
0,149,15,9,3,0
0,150,15,12,3,0
0,151,15,19,3,0
0,152,15,26,3,0
0,153,15,28,3,0
0,154,15,29,3,0
0,155,15,33,3,0
0,156,15,41,3,0
0,157,15,41,3,0
0,158,15,42,3,0
0,159,15,44,3,0
0,160,15,48,3,0
0,161,15,54,3,0
0,162,16,0,3,0
0,163,16,9,3,0
0,164,16,13,3,0
0,165,16,13,3,0
0,166,16,15,3,0
0,167,16,16,3,0
0,168,16,19,3,0
0,169,16,21,3,0
0,170,16,21,3,0
0,171,16,27,3,0
0,172,16,34,3,0
0,173,16,36,3,0
0,174,16,36,3,0
0,175,16,38,3,0
0,176,16,41,3,0
0,177,16,44,3,0
0,178,16,52,3,0
0,179,16,55,3,0
0,180,16,56,3,0
0,181,16,56,3,0
0,182,16,58,3,0
0,183,16,58,3,0
0,184,17,1,3,0
0,185,17,2,3,0
0,186,17,3,3,0
0,187,17,10,3,0
0,188,17,12,3,0
0,189,17,13,3,0
0,190,17,16,3,0
0,191,17,18,3,0
0,192,17,18,3,0
0,193,17,22,3,0
0,194,17,24,3,0
0,195,17,25,3,0
0,196,17,25,3,0
0,197,17,27,3,0
0,198,17,36,3,0
0,199,17,36,3,0
0,200,17,38,3,0
0,201,17,39,3,0
0,202,17,43,3,0
0,1,8,0,4,0
0,2,8,1,4,0
0,3,8,2,4,0
0,4,8,4,4,0
0,5,8,12,4,0
0,6,8,14,4,0
0,7,8,16,4,0
0,8,8,18,4,0
0,9,8,18,4,0
0,10,8,20,4,0
0,11,8,24,4,0
0,12,8,24,4,0
0,13,8,25,4,0
0,14,8,27,4,0
0,15,8,31,4,0
0,16,8,38,4,0
0,17,8,38,4,87
1,18,8,38,4,114
0,19,8,41,4,0
0,20,8,42,4,0
0,21,8,46,4,0
0,22,8,47,4,0
0,23,8,57,4,0
0,24,9,2,4,0
0,25,9,3,4,0
0,26,9,5,4,0
0,27,9,10,4,0
0,28,9,16,4,0
0,29,9,20,4,0
0,30,9,22,4,0
0,31,9,25,4,0
0,32,9,25,4,0
0,33,9,28,4,0
0,34,9,29,4,0
0,35,9,31,4,0
0,36,9,33,4,0
0,37,9,35,4,0
0,38,9,47,4,0
0,39,9,48,4,0
0,40,9,53,4,0
0,41,9,54,4,0
0,42,9,54,4,0
0,43,9,58,4,0
0,44,10,0,4,0
0,45,10,7,4,0
0,46,10,9,4,0
0,47,10,11,4,0
0,48,10,12,4,0
0,49,10,12,4,22
0,50,10,13,4,26
0,51,10,18,4,0
0,52,10,19,4,0
0,53,10,21,4,0
0,54,10,24,4,109
0,55,10,26,4,167
1,56,10,26,4,185
2,57,10,28,4,99
0,58,10,33,4,0
0,59,10,33,4,0
0,60,10,34,4,0
0,61,10,34,4,0
0,62,10,36,4,0
0,63,10,36,4,0
0,64,10,37,4,0
0,65,10,48,4,0
0,66,10,49,4,0
0,67,10,52,4,0
0,68,10,54,4,0
0,69,10,57,4,0
0,70,11,9,4,0
0,71,11,10,4,0
0,72,11,12,4,0
0,73,11,18,4,0
0,74,11,19,4,0
0,75,11,25,4,0
0,76,11,27,4,0
0,77,11,28,4,0
0,78,11,30,4,0
0,79,11,33,4,0
0,80,11,42,4,0
0,81,11,44,4,0
0,82,11,51,4,0
0,83,11,54,4,0
0,84,12,2,4,0
0,85,12,7,4,0
0,86,12,18,4,0
0,87,12,23,4,0
0,88,12,23,4,0
0,89,12,24,4,0
0,90,12,26,4,0
0,91,12,27,4,0
0,92,12,35,4,0
0,93,12,37,4,0
0,94,12,40,4,0
0,95,12,45,4,0
0,96,12,46,4,0
0,97,12,46,4,0
0,98,12,48,4,0
0,99,12,52,4,0
0,100,12,54,4,0
0,101,12,59,4,0
0,102,12,59,4,0
0,103,13,0,4,0
0,104,13,0,4,42
0,105,13,7,4,0
0,106,13,19,4,0
0,107,13,21,4,0
0,108,13,28,4,0
0,109,13,32,4,0
0,110,13,35,4,0
0,111,13,36,4,0
0,112,13,37,4,0
0,113,13,39,4,0
0,114,13,40,4,16
1,115,13,40,4,43
0,116,13,42,4,0
0,117,13,47,4,0
0,118,13,48,4,0
0,119,13,54,4,0
0,120,13,57,4,0
0,121,13,59,4,0
0,122,14,0,4,0
0,123,14,0,4,0
0,124,14,11,4,0
0,125,14,11,4,0
0,126,14,12,4,0
0,127,14,13,4,0
0,128,14,14,4,0
0,129,14,14,4,221
1,130,14,15,4,324
2,131,14,16,4,308
2,132,14,20,4,118
0,133,14,23,4,84
0,134,14,29,4,0
0,135,14,31,4,0
0,136,14,31,4,0
0,137,14,33,4,0
0,138,14,34,4,0
0,139,14,35,4,4
0,140,14,36,4,37
1,141,14,37,4,35
1,142,14,37,4,100
0,143,14,40,4,37
0,144,14,51,4,0
0,145,14,52,4,0
0,146,15,2,4,0
0,147,15,6,4,0
0,148,15,8,4,0
0,149,15,15,4,0
0,150,15,20,4,0
0,151,15,22,4,0
0,152,15,28,4,0
0,153,15,28,4,0
0,154,15,30,4,0
0,155,15,31,4,0
0,156,15,33,4,0
0,157,15,35,4,0
0,158,15,35,4,0
0,159,15,41,4,0
0,160,15,41,4,0
0,161,15,46,4,0
0,162,15,46,4,0
0,163,15,47,4,0
0,164,15,48,4,0
0,165,15,48,4,0
0,166,15,58,4,0
0,167,16,1,4,0
0,168,16,8,4,0
0,169,16,14,4,0
0,170,16,17,4,0
0,171,16,18,4,0
0,172,16,19,4,0
0,173,16,25,4,0
0,174,16,26,4,0
0,175,16,27,4,0
0,176,16,31,4,0
0,177,16,33,4,0
0,178,16,35,4,0
0,179,16,35,4,0
0,180,16,36,4,0
0,181,16,36,4,0
0,182,16,43,4,0
0,183,16,43,4,0
0,184,16,43,4,141
1,185,16,44,4,209
1,186,16,46,4,103
2,187,16,47,4,139
0,188,16,51,4,0
0,189,16,53,4,66
0,190,16,56,4,0
0,191,16,57,4,0
0,192,16,59,4,0
0,193,17,1,4,389
1,194,17,1,4,423
2,195,17,5,4,224
0,196,17,15,4,0
0,197,17,17,4,0
0,198,17,19,4,0
0,199,17,20,4,86
1,200,17,20,4,198
2,201,17,20,4,210
2,202,17,22,4,79
0,203,17,26,4,0
0,204,17,28,4,0
0,205,17,30,4,0
0,206,17,32,4,0
0,207,17,35,4,19
0,208,17,35,4,11
0,209,17,37,4,0
0,210,17,39,4,0
0,211,17,44,4,0
0,212,17,45,4,0
0,213,17,46,4,0
0,214,17,47,4,0
0,1,8,0,0,0
0,2,8,1,0,0
0,3,8,4,0,0
0,4,8,5,0,0
0,5,8,8,0,0
0,6,8,9,0,0
0,7,8,15,0,0
0,8,8,19,0,0
0,9,8,20,0,0
0,10,8,22,0,0
0,11,8,27,0,0
0,12,8,37,0,0
0,13,8,39,0,0
0,14,8,51,0,0
0,15,8,54,0,0
0,16,8,55,0,0
0,17,8,57,0,0
0,18,8,59,0,0
0,19,8,59,0,0
0,20,8,59,0,0
0,21,9,0,0,4
0,22,9,2,0,0
0,23,9,6,0,0
0,24,9,11,0,0
0,25,9,13,0,0
0,26,9,14,0,0
0,27,9,16,0,0
0,28,9,17,0,0
0,29,9,18,0,0
0,30,9,22,0,0
0,31,9,22,0,0
0,32,9,31,0,0
0,33,9,31,0,0
0,34,9,31,0,0
0,35,9,33,0,0
0,36,9,35,0,0
0,37,9,41,0,0
0,38,9,44,0,0
0,39,9,48,0,0
0,40,9,57,0,0
0,41,10,9,0,0
0,42,10,9,0,0
0,43,10,12,0,0
0,44,10,16,0,0
0,45,10,20,0,0
0,46,10,20,0,0
0,47,10,23,0,0
0,48,10,25,0,0
0,49,10,27,0,0
0,50,10,35,0,0
0,51,10,35,0,0
0,52,10,35,0,0
0,53,10,35,0,0
0,54,10,38,0,0
0,55,10,40,0,0
0,56,10,40,0,0
0,57,10,44,0,0
0,58,10,48,0,0
0,59,10,55,0,0
0,60,11,1,0,0
0,61,11,2,0,0
0,62,11,2,0,0
0,63,11,4,0,43
1,64,11,4,0,50
0,65,11,11,0,0
0,66,11,13,0,0
0,67,11,13,0,182
1,68,11,14,0,205
0,69,11,18,0,80
0,70,11,26,0,0
0,71,11,28,0,0
0,72,11,35,0,0
0,73,11,37,0,0
0,74,11,40,0,0
0,75,11,46,0,0
0,76,11,54,0,0
0,77,12,7,0,0
0,78,12,14,0,0
0,79,12,16,0,0
0,80,12,16,0,0
0,81,12,18,0,0
0,82,12,19,0,0
0,83,12,21,0,0
0,84,12,25,0,0
0,85,12,25,0,0
0,86,12,30,0,0
0,87,12,34,0,0
0,88,12,34,0,0
0,89,12,44,0,0
0,90,12,49,0,0
0,91,12,51,0,0
0,92,12,54,0,0
0,93,12,55,0,0
0,94,13,5,0,0
0,95,13,6,0,0
0,96,13,6,0,0
0,97,13,8,0,1
0,98,13,10,0,0
0,99,13,10,0,62
0,100,13,15,0,0
0,101,13,16,0,0
0,102,13,16,0,37
0,103,13,20,0,0
0,104,13,23,0,0
0,105,13,25,0,0
0,106,13,26,0,0
0,107,13,29,0,0
0,108,13,30,0,0
0,109,13,35,0,0
0,110,13,36,0,121
0,111,13,40,0,0
0,112,13,41,0,0
0,113,13,42,0,0
0,114,13,45,0,0
0,115,13,47,0,0
0,116,13,48,0,0
0,117,13,48,0,125
1,118,13,50,0,122
0,119,13,56,0,0
0,120,13,59,0,0
0,121,13,59,0,0
0,122,14,2,0,0
0,123,14,6,0,0
0,124,14,7,0,0
0,125,14,13,0,0
0,126,14,34,0,0
0,127,14,37,0,0
0,128,14,44,0,0
0,129,14,45,0,0
0,130,14,45,0,0
0,131,14,47,0,0
0,132,14,51,0,0
0,133,14,55,0,0
0,134,14,57,0,0
0,135,15,1,0,0
0,136,15,4,0,0
0,137,15,5,0,0
0,138,15,8,0,0
0,139,15,10,0,0
0,140,15,13,0,0
0,141,15,13,0,0
0,142,15,15,0,0
0,143,15,15,0,0
0,144,15,17,0,0
0,145,15,17,0,0
0,146,15,19,0,0
0,147,15,21,0,0
0,148,15,22,0,19
1,149,15,22,0,60
0,150,15,26,0,0
0,151,15,27,0,0
0,152,15,27,0,0
0,153,15,28,0,0
0,154,15,30,0,0
0,155,15,30,0,0
0,156,15,39,0,0
0,157,15,42,0,0
0,158,15,44,0,0
0,159,15,46,0,0
0,160,15,48,0,0
0,161,15,50,0,0
0,162,15,55,0,0
0,163,15,57,0,0
0,164,16,5,0,0
0,165,16,9,0,0
0,166,16,10,0,0
0,167,16,13,0,0
0,168,16,14,0,0
0,169,16,22,0,0
0,170,16,25,0,0
0,171,16,31,0,0
0,172,16,32,0,0
0,173,16,33,0,0
0,174,16,38,0,0
0,175,16,45,0,0
0,176,16,46,0,0
0,177,16,46,0,0
0,178,16,48,0,0
0,179,16,48,0,0
0,180,16,49,0,0
0,181,16,52,0,0
0,182,16,53,0,0
0,183,16,54,0,0
0,184,17,4,0,0
0,185,17,6,0,0
0,186,17,9,0,0
0,187,17,17,0,0
0,188,17,20,0,0
0,189,17,20,0,0
0,190,17,21,0,0
0,191,17,27,0,0
0,192,17,31,0,0
0,193,17,32,0,0
0,194,17,39,0,0
0,195,17,42,0,0
0,196,17,42,0,0
0,197,17,42,0,0
0,199,17,48,0,0
0,200,17,49,0,0
0,201,17,51,0,0
0,202,17,53,0,0
0,1,8,0,1,0
0,2,8,0,1,0
0,3,8,0,1,0
0,4,8,1,1,0
0,5,8,1,1,205
0,6,8,10,1,0
0,7,8,13,1,0
0,8,8,21,1,0
0,9,8,22,1,0
0,10,8,25,1,0
0,11,8,34,1,0
0,12,8,34,1,0
0,13,8,39,1,0
0,14,8,43,1,0
0,15,8,50,1,0
0,16,8,54,1,0
0,17,8,54,1,0
0,18,8,56,1,0
0,19,8,56,1,0
0,20,8,58,1,0
0,21,9,3,1,0
0,22,9,7,1,0
0,23,9,20,1,0
0,24,9,23,1,0
0,25,9,23,1,0
0,26,9,26,1,0
0,27,9,30,1,0
0,28,9,33,1,0
0,29,9,36,1,0
0,30,9,38,1,0
0,31,9,39,1,0
0,32,9,39,1,121
0,33,9,41,1,88
0,34,9,44,1,0
0,35,9,45,1,0
0,36,9,49,1,0
0,37,9,50,1,0
0,38,9,55,1,0
0,39,9,58,1,0
0,40,9,58,1,0
0,41,10,2,1,0
0,42,10,5,1,0
0,43,10,6,1,0
0,44,10,9,1,0
0,45,10,11,1,0
0,46,10,12,1,0
0,47,10,13,1,74
0,48,10,14,1,40
0,49,10,17,1,0
0,50,10,17,1,66
0,51,10,19,1,105
1,52,10,20,1,50
1,53,10,21,1,60
1,54,10,22,1,50
1,55,10,22,1,108
0,56,10,24,1,0
0,57,10,24,1,161
0,58,10,27,1,28
0,59,10,30,1,0
0,60,10,35,1,0
0,61,10,41,1,0
0,62,10,47,1,0
0,63,10,50,1,0
0,64,10,54,1,0
0,65,10,55,1,0
0,66,10,56,1,0
0,67,10,59,1,0
0,68,11,2,1,0
0,69,11,3,1,0
0,70,11,5,1,0
0,71,11,6,1,0
0,72,11,12,1,0
0,73,11,13,1,0
0,74,11,15,1,0
0,75,11,18,1,0
0,76,11,19,1,0
0,77,11,26,1,0
0,78,11,29,1,0
0,79,11,32,1,0
0,80,11,35,1,0
0,81,11,35,1,0
0,82,11,36,1,0
0,83,11,39,1,0
0,84,11,39,1,0
0,85,11,46,1,0
0,86,11,49,1,0
0,87,11,53,1,0
0,88,11,54,1,0
0,89,12,2,1,0
0,90,12,25,1,0
0,91,12,28,1,0
0,92,12,30,1,0
0,93,12,32,1,0
0,94,12,45,1,0
0,95,12,48,1,0
0,96,12,52,1,0
0,97,12,52,1,0
0,98,12,55,1,0
0,99,12,56,1,0
0,100,12,56,1,0
0,101,12,57,1,46
0,102,12,58,1,0
0,103,13,2,1,0
0,104,13,2,1,0
0,105,13,7,1,0
0,106,13,16,1,0
0,107,13,17,1,0
0,108,13,18,1,0
0,109,13,20,1,0
0,110,13,24,1,0
0,111,13,24,1,0
0,112,13,44,1,0
0,113,13,44,1,0
0,114,13,46,1,0
0,115,13,49,1,0
0,116,13,50,1,0
0,117,13,56,1,0
0,118,13,56,1,0
0,119,13,57,1,115
0,120,14,0,1,0
0,121,14,0,1,25
1,122,14,1,1,45
0,123,14,5,1,0
0,124,14,6,1,0
0,125,14,8,1,0
0,126,14,19,1,0
0,127,14,20,1,0
0,128,14,23,1,0
0,129,14,27,1,0
0,130,14,27,1,0
0,131,14,28,1,0
0,132,14,30,1,0
0,133,14,34,1,0
0,134,14,36,1,0
0,135,14,37,1,0
0,136,14,40,1,0
0,137,14,41,1,0
0,138,14,42,1,0
0,139,14,45,1,0
0,140,14,47,1,0
0,141,14,48,1,0
0,142,14,51,1,0
0,143,14,51,1,0
0,144,15,12,1,0
0,145,15,14,1,0
0,146,15,19,1,0
0,147,15,22,1,0
0,148,15,25,1,0
0,149,15,29,1,0
0,150,15,35,1,0
0,151,15,38,1,0
0,152,15,45,1,0
0,153,15,45,1,0
0,154,15,50,1,0
0,155,15,52,1,0
0,156,15,53,1,0
0,157,15,53,1,0
0,158,15,56,1,0
0,159,16,1,1,0
0,160,16,8,1,0
0,161,16,14,1,0
0,162,16,15,1,0
0,163,16,16,1,0
0,164,16,23,1,0
0,165,16,26,1,0
0,166,16,32,1,0
0,167,16,34,1,0
0,168,16,34,1,0
0,169,16,36,1,0
0,170,16,46,1,0
0,171,16,47,1,0
0,172,16,52,1,0
0,173,16,53,1,0
0,174,16,56,1,0
0,175,17,2,1,0
0,176,17,4,1,0
0,177,17,12,1,0
0,178,17,16,1,0
0,179,17,19,1,0
0,180,17,21,1,0
0,181,17,22,1,0
0,182,17,26,1,0
0,183,17,30,1,0
0,184,17,30,1,0
0,185,17,31,1,0
0,186,17,32,1,0
0,187,17,39,1,0
0,188,17,40,1,0
0,189,17,46,1,0
0,190,17,51,1,0
0,191,17,59,1,0
0,1,8,0,2,0
0,2,8,1,2,0
0,3,8,2,2,0
0,4,8,2,2,0
0,5,8,3,2,0
0,6,8,3,2,0
0,7,8,4,2,85
1,8,8,5,2,71
0,9,8,7,2,0
0,10,8,10,2,0
0,11,8,12,2,0
0,12,8,13,2,0
0,13,8,17,2,0
0,14,8,20,2,0
0,15,8,21,2,0
0,16,8,23,2,0
0,17,8,23,2,0
0,18,8,25,2,0
0,19,8,33,2,0
0,20,8,33,2,0
0,21,8,35,2,0
0,22,8,35,2,0
0,23,8,40,2,0
0,24,8,43,2,0
0,25,8,45,2,0
0,26,8,47,2,0
0,27,8,51,2,0
0,28,8,57,2,0
0,29,8,58,2,0
0,30,9,1,2,0
0,31,9,4,2,0
0,32,9,5,2,0
0,33,9,9,2,0
0,34,9,9,2,0
0,35,9,12,2,0
0,36,9,14,2,0
0,37,9,16,2,0
0,38,9,16,2,0
0,39,9,16,2,19
0,40,9,19,2,0
0,41,9,20,2,0
0,42,9,33,2,0
0,43,9,37,2,0
0,44,9,41,2,0
0,45,9,46,2,0
0,46,9,47,2,0
0,47,9,49,2,0
0,48,9,50,2,0
0,49,9,50,2,25
0,50,9,51,2,149
1,51,9,51,2,172
2,52,9,53,2,100
0,53,9,59,2,0
0,54,10,2,2,0
0,55,10,3,2,0
0,56,10,7,2,0
0,57,10,8,2,0
0,58,10,16,2,0
0,59,10,28,2,0
0,60,10,35,2,0
0,61,10,38,2,0
0,62,10,46,2,0
0,63,10,49,2,0
0,64,10,54,2,0
0,65,10,54,2,0
0,66,11,0,2,0
0,67,11,6,2,0
0,68,11,8,2,0
0,69,11,15,2,0
0,70,11,16,2,0
0,71,11,19,2,0
0,72,11,20,2,0
0,73,11,22,2,0
0,74,11,26,2,0
0,75,11,31,2,0
0,76,11,33,2,0
0,77,11,36,2,0
0,78,11,36,2,0
0,79,11,38,2,0
0,80,11,42,2,0
0,81,11,46,2,0
0,82,11,51,2,0
0,83,11,52,2,0
0,84,11,52,2,0
0,85,11,53,2,0
0,86,11,53,2,163
0,87,11,57,2,0
0,88,11,58,2,0
0,89,11,59,2,0
0,90,12,3,2,0
0,91,12,4,2,0
0,92,12,5,2,0
0,93,12,9,2,0
0,94,12,10,2,0
0,95,12,12,2,0
0,96,12,15,2,0
0,97,12,17,2,0
0,98,12,21,2,0
0,99,12,24,2,0
0,100,12,29,2,0
0,101,12,30,2,0
0,102,12,34,2,0
0,103,12,37,2,0
0,104,12,38,2,0
0,105,12,39,2,0
0,106,12,43,2,0
0,107,12,48,2,0
0,108,12,50,2,0
0,109,12,52,2,0
0,110,12,55,2,0
0,111,12,59,2,0
0,112,13,0,2,0
0,113,13,0,2,0
0,114,13,8,2,0
0,115,13,8,2,0
0,116,13,10,2,0
0,117,13,10,2,0
0,118,13,12,2,0
0,119,13,13,2,0
0,120,13,15,2,0
0,121,13,16,2,0
0,122,13,18,2,0
0,123,13,20,2,0
0,124,13,21,2,0
0,125,13,23,2,0
0,126,13,27,2,0
0,127,13,27,2,0
0,128,13,33,2,0
0,129,13,36,2,0
0,130,13,42,2,0
0,131,13,42,2,0
0,132,13,43,2,0
0,133,13,56,2,0
0,134,14,0,2,0
0,135,14,1,2,0
0,136,14,3,2,0
0,137,14,3,2,0
0,138,14,4,2,0
0,139,14,7,2,0
0,140,14,8,2,0
0,141,14,16,2,0
0,142,14,17,2,0
0,143,14,19,2,0
0,144,14,29,2,0
0,145,14,30,2,0
0,146,14,31,2,0
0,147,14,34,2,96
0,148,14,36,2,35
0,149,14,37,2,0
0,150,14,38,2,29
0,151,14,51,2,0
0,152,14,51,2,0
0,153,14,52,2,0
0,154,14,53,2,0
0,155,15,0,2,0
0,156,15,0,2,0
0,157,15,2,2,0
0,158,15,13,2,0
0,159,15,18,2,0
0,160,15,26,2,0
0,161,15,32,2,0
0,162,15,34,2,0
0,163,15,37,2,0
0,164,15,38,2,219
1,165,15,40,2,147
0,166,15,48,2,0
0,167,15,53,2,0
0,168,15,53,2,0
0,169,15,55,2,0
0,170,15,59,2,0
0,171,16,6,2,0
0,172,16,6,2,0
0,173,16,10,2,0
0,174,16,18,2,0
0,175,16,18,2,0
0,176,16,19,2,0
0,177,16,23,2,240
0,178,16,27,2,123
0,179,16,48,2,0
0,180,16,55,2,0
0,181,16,56,2,0
0,182,16,57,2,0
0,183,16,58,2,0
0,184,17,0,2,0
0,185,17,4,2,0
0,186,17,4,2,0
0,187,17,7,2,0
0,188,17,8,2,0
0,189,17,9,2,0
0,190,17,11,2,0
0,191,17,13,2,0
0,192,17,13,2,13
0,193,17,18,2,0
0,194,17,20,2,0
0,195,17,21,2,3
0,196,17,21,2,92
1,197,17,22,2,47
2,198,17,22,2,206
0,199,17,35,2,0
0,200,17,36,2,0
0,201,17,43,2,0
0,202,17,43,2,0
0,203,17,43,2,0
0,204,17,45,2,0
0,205,17,51,2,0
0,206,17,51,2,0
0,207,17,55,2,0
0,1,8,0,3,0
0,2,8,2,3,0
0,3,8,4,3,0
0,4,8,7,3,0
0,5,8,7,3,0
0,6,8,11,3,0
0,7,8,12,3,0
0,8,8,17,3,0
0,9,8,21,3,0
0,10,8,25,3,0
0,11,8,31,3,0
0,12,8,37,3,0
0,13,8,37,3,0
0,14,8,38,3,0
0,15,8,57,3,0
0,16,8,57,3,0
0,17,8,59,3,0
0,18,9,0,3,0
0,19,9,2,3,60
1,20,9,3,3,275
2,21,9,3,3,323
2,22,9,4,3,397
1,23,9,9,3,256
2,24,9,9,3,296
3,25,9,9,3,326
0,26,9,20,3,0
0,27,9,25,3,0
0,28,9,26,3,0
0,29,9,28,3,0
0,30,9,30,3,0
0,31,9,30,3,0
0,32,9,31,3,0
0,33,9,34,3,0
0,34,9,34,3,0
0,35,9,40,3,0
0,36,9,40,3,0
0,37,9,41,3,0
0,38,9,43,3,0
0,39,9,46,3,0
0,40,9,57,3,0
0,41,10,0,3,0
0,42,10,0,3,0
0,43,10,2,3,0
0,44,10,7,3,0
0,45,10,9,3,0
0,46,10,18,3,0
0,47,10,18,3,0
0,48,10,29,3,0
0,49,10,33,3,0
0,50,10,34,3,0
0,51,10,34,3,22
0,52,10,35,3,46
0,53,10,39,3,0
0,54,10,39,3,0
0,55,10,40,3,0
0,56,10,45,3,0
0,57,10,46,3,0
0,58,10,49,3,0
0,59,10,51,3,0
0,60,11,0,3,0
0,61,11,4,3,0
0,62,11,4,3,0
0,63,11,9,3,0
0,64,11,10,3,0
0,65,11,11,3,0
0,66,11,17,3,0
0,67,11,22,3,0
0,68,11,22,3,0
0,69,11,23,3,0
0,70,11,23,3,25
0,71,11,26,3,0
0,72,11,28,3,0
0,73,11,37,3,0
0,74,11,40,3,0
0,75,11,40,3,0
0,76,11,42,3,0
0,77,11,43,3,0
0,78,11,50,3,0
0,79,11,51,3,0
0,80,11,52,3,0
0,81,11,54,3,0
0,82,11,56,3,13
0,83,12,1,3,34
0,84,12,3,3,49
0,85,12,4,3,44
0,86,12,10,3,0
0,87,12,14,3,0
0,88,12,17,3,0
0,89,12,20,3,0
0,90,12,20,3,0
0,91,12,21,3,0
0,92,12,25,3,0
0,93,12,25,3,2
0,94,12,38,3,0
0,95,12,40,3,0
0,96,12,41,3,0
0,97,12,41,3,0
0,98,12,45,3,0
0,99,12,46,3,0
0,100,13,2,3,0
0,101,13,3,3,0
0,102,13,5,3,0
0,103,13,6,3,0
0,104,13,7,3,0
0,105,13,8,3,0
0,106,13,10,3,0
0,107,13,10,3,39
0,108,13,12,3,115
0,109,13,17,3,0
0,110,13,17,3,0
0,111,13,17,3,0
0,112,13,24,3,0
0,113,13,26,3,0
0,114,13,38,3,0
0,115,13,39,3,0
0,116,13,41,3,0
0,117,13,47,3,0
0,118,13,48,3,0
0,119,13,48,3,0
0,120,13,48,3,0
0,121,13,54,3,0
0,122,13,55,3,0
0,123,14,4,3,0
0,124,14,5,3,0
0,125,14,8,3,0
0,126,14,15,3,0
0,127,14,18,3,0
0,128,14,18,3,0
0,129,14,21,3,0
0,130,14,25,3,0
0,131,14,25,3,0
0,132,14,28,3,0
0,133,14,30,3,0
0,134,14,37,3,0
0,135,14,43,3,0
0,136,14,44,3,0
0,137,14,46,3,0
0,138,14,50,3,0
0,139,14,51,3,0
0,140,14,52,3,0
0,141,14,52,3,0
0,142,14,53,3,0
0,143,14,58,3,0
0,144,14,59,3,0
0,145,15,0,3,90
0,146,15,4,3,0
0,147,15,4,3,0
0,148,15,4,3,0
0,149,15,7,3,0
0,150,15,15,3,0
0,151,15,20,3,0
0,152,15,26,3,0
0,153,15,27,3,0
0,154,15,28,3,0
0,155,15,37,3,0
0,156,15,44,3,0
0,157,15,50,3,0
0,158,15,50,3,0
0,159,15,50,3,0
0,160,15,50,3,0
0,161,15,50,3,39
0,162,15,52,3,2
0,163,15,56,3,0
0,164,16,0,3,0
0,165,16,1,3,0
0,166,16,5,3,0
0,167,16,9,3,0
0,168,16,10,3,0
0,169,16,25,3,0
0,170,16,27,3,0
0,171,16,28,3,0
0,172,16,30,3,0
0,173,16,32,3,0
0,174,16,33,3,0
0,175,16,47,3,0
0,176,16,48,3,0
0,177,16,48,3,0
0,178,16,48,3,0
0,179,16,48,3,166
0,180,16,52,3,0
0,181,16,54,3,0
0,182,16,56,3,16
0,183,16,57,3,0
0,184,17,3,3,0
0,185,17,4,3,0
0,186,17,5,3,0
0,187,17,7,3,0
0,188,17,8,3,0
0,189,17,9,3,3
0,190,17,10,3,0
0,191,17,12,3,0
0,192,17,12,3,24
0,193,17,13,3,55
0,194,17,17,3,0
0,195,17,21,3,0
0,196,17,25,3,0
0,197,17,27,3,0
0,198,17,30,3,0
0,199,17,31,3,0
0,200,17,37,3,0
0,201,17,39,3,0
0,202,17,43,3,0
0,1,8,0,4,0
0,2,8,0,4,0
0,3,8,1,4,0
0,4,8,3,4,0
0,5,8,7,4,0
0,6,8,7,4,0
0,7,8,11,4,0
0,8,8,11,4,0
0,9,8,14,4,0
0,10,8,20,4,0
0,11,8,20,4,0
0,12,8,22,4,0
0,13,8,23,4,0
0,14,8,23,4,0
0,15,8,24,4,0
0,16,8,25,4,0
0,17,8,30,4,0
0,18,8,35,4,0
0,19,8,39,4,0
0,20,8,39,4,37
0,21,8,45,4,0
0,22,8,47,4,0
0,23,8,55,4,0
0,24,8,55,4,0
0,25,8,57,4,0
0,26,8,58,4,0
0,27,9,0,4,0
0,28,9,0,4,0
0,29,9,0,4,0
0,30,9,2,4,0
0,31,9,4,4,0
0,32,9,5,4,0
0,33,9,5,4,65
1,34,9,6,4,107
2,35,9,6,4,134
3,36,9,6,4,138
0,37,9,12,4,0
0,38,9,13,4,0
0,39,9,19,4,0
0,40,9,20,4,0
0,41,9,23,4,0
0,42,9,26,4,0
0,43,9,27,4,0
0,44,9,31,4,0
0,45,9,36,4,0
0,46,9,37,4,0
0,47,9,38,4,0
0,48,9,40,4,0
0,49,9,40,4,13
0,50,9,48,4,0
0,51,9,50,4,0
0,52,9,55,4,0
0,53,9,58,4,0
0,54,10,2,4,0
0,55,10,6,4,0
0,56,10,9,4,0
0,57,10,10,4,0
0,58,10,11,4,0
0,59,10,11,4,0
0,60,10,14,4,0
0,61,10,14,4,0
0,62,10,24,4,0
0,63,10,28,4,0
0,64,10,29,4,0
0,65,10,30,4,0
0,66,10,33,4,0
0,67,10,34,4,0
0,68,10,38,4,0
0,69,10,39,4,0
0,70,10,42,4,0
0,71,10,42,4,0
0,72,10,44,4,0
0,73,10,46,4,0
0,74,10,46,4,0
0,75,10,52,4,0
0,76,10,54,4,0
0,77,10,56,4,0
0,78,10,56,4,81
0,79,11,7,4,0
0,80,11,7,4,0
0,81,11,10,4,0
0,82,11,14,4,0
0,83,11,15,4,0
0,84,11,18,4,0
0,85,11,19,4,0
0,86,11,23,4,0
0,87,11,29,4,0
0,88,11,30,4,0
0,89,11,33,4,0
0,90,11,41,4,0
0,91,11,43,4,0
0,92,11,46,4,0
0,93,11,49,4,0
0,94,11,52,4,0
0,95,11,58,4,0
0,96,12,0,4,0
0,97,12,1,4,0
0,98,12,2,4,90
1,99,12,2,4,186
0,100,12,9,4,0
0,101,12,11,4,0
0,102,12,11,4,0
0,103,12,16,4,0
0,104,12,18,4,0
0,105,12,18,4,0
0,106,12,20,4,0
0,107,12,23,4,0
0,108,12,26,4,0
0,109,12,27,4,0
0,110,12,27,4,0
0,111,12,35,4,0
0,112,12,38,4,0
0,113,12,48,4,0
0,114,12,53,4,0
0,115,12,55,4,0
0,116,12,56,4,0
0,117,13,2,4,0
0,118,13,4,4,0
0,119,13,5,4,0
0,120,13,6,4,0
0,121,13,8,4,0
0,122,13,12,4,0
0,123,13,16,4,0
0,124,13,17,4,0
0,125,13,26,4,0
0,126,13,28,4,0
0,127,13,29,4,0
0,128,13,29,4,0
0,129,13,30,4,0
0,130,13,31,4,0
0,131,13,34,4,0
0,132,13,44,4,0
0,133,13,46,4,0
0,134,13,55,4,0
0,135,13,56,4,0
0,136,13,57,4,0
0,137,13,57,4,0
0,138,14,2,4,0
0,139,14,5,4,0
0,140,14,7,4,0
0,141,14,7,4,0
0,142,14,10,4,0
0,143,14,11,4,0
0,144,14,12,4,0
0,145,14,17,4,0
0,146,14,19,4,0
0,147,14,19,4,0
0,148,14,23,4,0
0,149,14,27,4,0
0,150,14,28,4,430
1,151,14,30,4,328
2,152,14,31,4,314
3,153,14,35,4,87
0,154,14,38,4,81
0,155,14,47,4,0
0,156,14,50,4,0
0,157,14,50,4,0
0,158,15,0,4,0
0,159,15,4,4,0
0,160,15,4,4,0
0,161,15,7,4,0
0,162,15,10,4,0
0,163,15,10,4,0
0,164,15,10,4,0
0,165,15,12,4,0
0,166,15,13,4,0
0,167,15,15,4,0
0,168,15,16,4,0
0,169,15,20,4,0
0,170,15,22,4,0
0,171,15,25,4,0
0,172,15,26,4,0
0,173,15,28,4,0
0,174,15,34,4,0
0,175,15,44,4,0
0,176,15,46,4,0
0,177,15,47,4,0
0,178,15,48,4,0
0,179,15,48,4,0
0,180,15,50,4,0
0,181,15,51,4,0
0,182,16,0,4,0
0,183,16,2,4,0
0,184,16,3,4,0
0,185,16,6,4,0
0,186,16,6,4,0
0,187,16,7,4,0
0,188,16,7,4,75
0,189,16,9,4,21
0,190,16,10,4,19
0,191,16,17,4,0
0,192,16,19,4,0
0,193,16,21,4,0
0,194,16,28,4,0
0,195,16,29,4,0
0,196,16,33,4,0
0,197,16,35,4,0
0,198,16,37,4,0
0,199,16,37,4,0
0,200,16,39,4,0
0,201,16,40,4,0
0,202,16,42,4,0
0,203,16,44,4,0
0,204,16,50,4,0
0,205,16,53,4,0
0,206,17,6,4,0
0,207,17,13,4,0
0,208,17,15,4,0
0,209,17,18,4,0
0,210,17,20,4,0
0,211,17,22,4,0
0,212,17,31,4,0
0,213,17,32,4,0
0,214,17,32,4,0
0,215,17,43,4,0
0,216,17,51,4,0
0,217,17,52,4,0
0,218,17,52,4,0
0,219,17,52,4,8
0,222,17,57,4,0
0,1,8,0,0,0
0,2,8,6,0,0
0,3,8,11,0,0
0,4,8,12,0,0
0,5,8,14,0,0
0,6,8,14,0,0
0,7,8,14,0,43
0,8,8,18,0,0
0,9,8,20,0,0
0,10,8,24,0,0
0,11,8,28,0,0
0,12,8,28,0,0
0,13,8,31,0,0
0,14,8,32,0,0
0,15,8,35,0,0
0,16,8,42,0,0
0,17,8,44,0,0
0,18,8,55,0,0
0,19,9,0,0,0
0,20,9,1,0,0
0,21,9,1,0,0
0,22,9,7,0,0
0,23,9,10,0,0
0,24,9,11,0,0
0,25,9,14,0,0
0,26,9,16,0,0
0,27,9,16,0,0
0,28,9,20,0,0
0,29,9,22,0,0
0,30,9,24,0,0
0,31,9,25,0,0
0,32,9,25,0,0
0,33,9,38,0,0
0,34,9,41,0,0
0,35,9,47,0,0
0,36,9,48,0,0
0,37,9,49,0,0
0,38,10,4,0,0
0,39,10,6,0,0
0,40,10,12,0,0
0,41,10,12,0,0
0,42,10,15,0,0
0,43,10,18,0,0
0,44,10,24,0,0
0,45,10,25,0,0
0,46,10,27,0,0
0,47,10,29,0,0
0,48,10,30,0,0
0,49,10,37,0,0
0,50,10,44,0,0
0,51,10,45,0,0
0,52,10,52,0,0
0,53,10,55,0,0
0,54,10,56,0,0
0,55,10,58,0,0
0,56,10,59,0,0
0,57,10,59,0,0
0,58,10,59,0,7
0,59,11,0,0,0
0,60,11,1,0,39
0,61,11,4,0,0
0,62,11,18,0,0
0,63,11,28,0,0
0,64,11,34,0,0
0,65,11,34,0,0
0,66,11,43,0,0
0,67,11,44,0,0
0,68,11,46,0,0
0,69,11,48,0,0
0,70,11,49,0,0
0,71,11,56,0,0
0,72,11,57,0,0
0,73,11,58,0,0
0,74,11,58,0,0
0,75,12,8,0,0
0,76,12,10,0,0
0,77,12,15,0,0
0,78,12,18,0,0
0,79,12,19,0,0
0,80,12,19,0,0
0,81,12,23,0,0
0,82,12,27,0,0
0,83,12,31,0,0
0,84,12,32,0,0
0,85,12,32,0,0
0,86,12,36,0,0
0,87,12,38,0,0
0,88,12,41,0,0
0,89,12,42,0,0
0,90,12,42,0,0
0,91,12,43,0,48
1,92,12,43,0,36
0,93,12,44,0,11
0,94,12,49,0,0
0,95,12,52,0,0
0,96,12,53,0,0
0,97,12,56,0,0
0,98,12,59,0,0
0,99,13,4,0,0
0,100,13,5,0,0
0,101,13,12,0,0
0,102,13,14,0,0
0,103,13,14,0,0
0,104,13,17,0,0
0,105,13,21,0,0
0,106,13,21,0,0
0,107,13,21,0,0
0,108,13,22,0,0
0,109,13,23,0,0
0,110,13,26,0,0
0,111,13,31,0,0
0,112,13,36,0,0
0,113,13,36,0,0
0,114,13,37,0,0
0,115,13,44,0,0
0,116,13,45,0,0
0,117,13,46,0,0
0,118,13,47,0,0
0,119,13,48,0,25
1,120,13,48,0,86
0,121,13,52,0,0
0,122,13,53,0,0
0,123,13,54,0,82
0,124,13,56,0,0
0,125,13,58,0,0
0,126,14,0,0,0
0,127,14,3,0,0
0,128,14,4,0,115
1,129,14,4,0,129
2,130,14,4,0,127
0,131,14,8,0,0
0,132,14,11,0,0
0,133,14,17,0,0
0,134,14,17,0,0
0,135,14,18,0,0
0,136,14,25,0,0
0,137,14,30,0,0
0,138,14,41,0,0
0,139,14,42,0,0
0,140,14,46,0,0
0,141,14,49,0,0
0,142,14,49,0,0
0,143,14,52,0,0
0,144,14,58,0,0
0,145,14,59,0,0
0,146,15,1,0,0
0,147,15,2,0,0
0,148,15,5,0,0
0,149,15,7,0,0
0,150,15,7,0,0
0,151,15,14,0,0
0,152,15,31,0,0
0,153,15,34,0,0
0,154,15,36,0,0
0,155,15,37,0,0
0,156,15,38,0,0
0,157,15,40,0,0
0,158,15,53,0,0
0,159,15,56,0,0
0,160,15,58,0,0
0,161,15,59,0,0
0,162,16,0,0,0
0,163,16,3,0,0
0,164,16,7,0,0
0,165,16,11,0,0
0,166,16,14,0,0
0,167,16,15,0,0
0,168,16,20,0,0
0,169,16,22,0,0
0,170,16,26,0,0
0,171,16,29,0,0
0,172,16,31,0,0
0,173,16,39,0,0
0,174,16,44,0,0
0,175,16,45,0,0
0,176,16,47,0,0
0,177,16,47,0,0
0,178,16,51,0,0
0,179,16,51,0,0
0,180,16,52,0,2
0,181,16,53,0,0
0,182,16,55,0,0
0,183,16,58,0,0
0,184,16,59,0,0
0,185,17,0,0,0
0,186,17,2,0,0
0,187,17,8,0,0
0,188,17,11,0,0
0,189,17,13,0,0
0,190,17,15,0,0
0,191,17,16,0,0
0,192,17,21,0,0
0,193,17,22,0,0
0,194,17,23,0,0
0,195,17,32,0,0
0,196,17,35,0,0
0,197,17,36,0,0
0,198,17,39,0,0
0,199,17,45,0,0
0,200,17,48,0,0
0,201,17,51,0,0
0,202,17,54,0,0
0,1,8,0,1,0
0,2,8,1,1,0
0,3,8,3,1,0
0,4,8,6,1,0
0,5,8,12,1,0
0,6,8,15,1,0
0,7,8,17,1,0
0,8,8,19,1,0
0,9,8,22,1,0
0,10,8,24,1,0
0,11,8,25,1,62
0,12,8,26,1,86
0,13,8,29,1,0
0,14,8,33,1,0
0,15,8,40,1,0
0,16,8,41,1,0
0,17,8,44,1,0
0,18,8,48,1,0
0,19,8,57,1,0
0,20,9,1,1,0
0,21,9,4,1,0
0,22,9,11,1,0
0,23,9,11,1,0
0,24,9,19,1,0
0,25,9,20,1,0
0,26,9,25,1,0
0,27,9,25,1,0
0,28,9,27,1,0
0,29,9,28,1,0
0,30,9,29,1,0
0,31,9,31,1,0
0,32,9,32,1,0
0,33,9,32,1,0
0,34,9,33,1,59
0,35,9,36,1,0
0,36,9,39,1,0
0,37,9,41,1,0
0,38,9,43,1,0
0,39,9,45,1,32
1,40,9,45,1,59
1,41,9,46,1,106
0,42,9,49,1,0
0,43,9,51,1,0
0,44,9,52,1,157
1,45,9,53,1,104
2,46,9,53,1,111
0,47,9,59,1,0
0,48,10,1,1,0
0,49,10,1,1,0
0,50,10,2,1,49
0,51,10,3,1,4
0,52,10,3,1,114
1,53,10,4,1,134
1,54,10,6,1,11
0,55,10,7,1,0
0,56,10,10,1,0
0,57,10,15,1,0
0,58,10,16,1,0
0,59,10,16,1,0
0,60,10,19,1,0
0,61,10,21,1,0
0,62,10,22,1,0
0,63,10,23,1,0
0,64,10,26,1,0
0,65,10,43,1,0
0,66,10,46,1,0
0,67,10,51,1,0
0,68,10,54,1,0
0,69,10,59,1,0
0,70,11,1,1,0
0,71,11,4,1,0
0,72,11,7,1,0
0,73,11,13,1,0
0,74,11,15,1,0
0,75,11,15,1,0
0,76,11,26,1,0
0,77,11,32,1,0
0,78,11,38,1,0
0,79,11,38,1,0
0,80,11,41,1,0
0,81,11,42,1,0
0,82,11,46,1,0
0,83,11,48,1,0
0,84,11,54,1,0
0,85,11,59,1,0
0,86,12,1,1,0
0,87,12,3,1,0
0,88,12,4,1,0
0,89,12,8,1,0
0,90,12,9,1,0
0,91,12,9,1,0
0,92,12,13,1,0
0,93,12,16,1,0
0,94,12,19,1,0
0,95,12,21,1,0
0,96,12,23,1,0
0,97,12,36,1,0
0,98,12,36,1,0
0,99,12,42,1,0
0,100,12,42,1,0
0,101,12,47,1,0
0,102,12,51,1,0
0,103,12,53,1,0
0,104,12,54,1,0
0,105,12,54,1,0
0,106,13,0,1,0
0,107,13,0,1,0
0,108,13,5,1,0
0,109,13,6,1,0
0,110,13,7,1,0
0,111,13,12,1,0
0,112,13,13,1,0
0,113,13,14,1,0
0,114,13,15,1,0
0,115,13,15,1,0
0,116,13,17,1,0
0,117,13,19,1,53
0,118,13,21,1,68
0,119,13,29,1,0
0,120,13,29,1,129
0,121,13,37,1,0
0,122,13,37,1,0
0,123,13,40,1,104
1,124,13,41,1,202
2,125,13,42,1,152
0,126,13,47,1,0
0,127,13,48,1,0
0,128,13,50,1,0
0,129,13,52,1,0
0,130,13,54,1,0
0,131,14,12,1,0
0,132,14,14,1,0
0,133,14,16,1,0
0,134,14,16,1,0
0,135,14,20,1,0
0,136,14,22,1,0
0,137,14,25,1,0
0,138,14,26,1,0
0,139,14,26,1,6
0,140,14,28,1,0
0,141,14,33,1,0
0,142,14,35,1,0
0,143,14,35,1,0
0,144,14,42,1,0
0,145,14,45,1,0
0,146,14,46,1,0
0,147,14,50,1,0
0,148,14,51,1,0
0,149,14,55,1,0
0,150,15,0,1,0
0,151,15,8,1,0
0,152,15,9,1,0
0,153,15,10,1,0
0,154,15,15,1,0
0,155,15,20,1,0
0,156,15,21,1,0
0,157,15,22,1,0
0,158,15,28,1,0
0,159,15,28,1,0
0,160,15,44,1,0
0,161,15,52,1,0
0,162,15,55,1,0
0,163,15,59,1,0
0,164,16,1,1,0
0,165,16,3,1,34
0,166,16,8,1,0
0,167,16,14,1,0
0,168,16,16,1,0
0,169,16,26,1,0
0,170,16,28,1,0
0,171,16,28,1,0
0,172,16,29,1,0
0,173,16,30,1,175
0,174,16,36,1,0
0,175,16,40,1,0
0,176,16,42,1,0
0,177,16,47,1,0
0,178,16,48,1,0
0,179,16,48,1,0
0,180,16,56,1,0
0,181,16,58,1,0
0,182,17,5,1,0
0,183,17,10,1,0
0,184,17,13,1,0
0,185,17,15,1,0
0,186,17,17,1,0
0,187,17,20,1,0
0,188,17,22,1,0
0,189,17,24,1,0
0,190,17,25,1,0
0,191,17,29,1,0
0,192,17,32,1,0
0,193,17,34,1,0
0,194,17,42,1,0
0,195,17,46,1,0
0,196,17,49,1,0
0,198,17,58,1,0
0,1,8,0,2,0
0,2,8,0,2,0
0,3,8,4,2,0
0,4,8,10,2,0
0,5,8,11,2,0
0,6,8,11,2,0
0,7,8,12,2,0
0,8,8,14,2,0
0,9,8,16,2,0
0,10,8,25,2,0
0,11,8,33,2,0
0,12,8,35,2,0
0,13,8,37,2,0
0,14,8,38,2,0
0,15,8,39,2,0
0,16,8,40,2,0
0,17,8,44,2,0
0,18,8,46,2,0
0,19,8,49,2,0
0,20,8,52,2,0
0,21,8,55,2,0
0,22,8,56,2,0
0,23,9,8,2,0
0,24,9,10,2,0
0,25,9,13,2,0
0,26,9,15,2,0
0,27,9,16,2,0
0,28,9,17,2,0
0,29,9,17,2,0
0,30,9,18,2,0
0,31,9,19,2,0
0,32,9,20,2,0
0,33,9,22,2,0
0,34,9,22,2,31
0,35,9,23,2,50
0,36,9,25,2,0
0,37,9,30,2,0
0,38,9,32,2,0
0,39,9,36,2,0
0,40,9,37,2,0
0,41,9,37,2,0
0,42,9,39,2,0
0,43,9,53,2,0
0,44,9,54,2,0
0,45,9,55,2,0
0,46,9,55,2,0
0,47,9,57,2,0
0,48,9,58,2,0
0,49,10,4,2,0
0,50,10,5,2,0
0,51,10,6,2,0
0,52,10,7,2,0
0,53,10,7,2,15
1,54,10,8,2,39
0,55,10,11,2,0
0,56,10,13,2,0
0,57,10,14,2,0
0,58,10,15,2,30
0,59,10,16,2,0
0,60,10,27,2,0
0,61,10,33,2,0
0,62,10,34,2,0
0,63,10,40,2,0
0,64,10,42,2,0
0,65,10,44,2,0
0,66,10,45,2,0
0,67,10,45,2,0
0,68,10,47,2,0
0,69,10,47,2,0
0,70,10,52,2,0
0,71,10,53,2,0
0,72,10,56,2,0
0,73,10,58,2,0
0,74,10,58,2,0
0,75,10,59,2,0
0,76,11,2,2,0
0,77,11,3,2,0
0,78,11,10,2,0
0,79,11,16,2,0
0,80,11,16,2,0
0,81,11,27,2,0
0,82,11,34,2,0
0,83,11,34,2,0
0,84,11,35,2,0
0,85,11,37,2,0
0,86,11,37,2,15
0,87,11,46,2,0
0,88,11,52,2,0
0,89,11,59,2,0
0,90,12,0,2,0
0,91,12,3,2,0
0,92,12,15,2,0
0,93,12,16,2,0
0,94,12,18,2,0
0,95,12,21,2,0
0,96,12,24,2,0
0,97,12,24,2,0
0,98,12,26,2,0
0,99,12,29,2,0
0,100,12,35,2,0
0,101,12,35,2,0
0,102,12,38,2,0
0,103,12,42,2,0
0,104,12,46,2,0
0,105,12,46,2,0
0,106,12,47,2,0
0,107,12,49,2,71
1,108,12,49,2,177
2,109,12,50,2,221
0,110,13,2,2,0
0,111,13,4,2,0
0,112,13,6,2,0
0,113,13,7,2,0
0,114,13,9,2,0
0,115,13,10,2,0
0,116,13,11,2,0
0,117,13,13,2,0
0,118,13,13,2,0
0,119,13,14,2,0
0,120,13,30,2,0
0,121,13,38,2,0
0,122,13,40,2,0
0,123,13,41,2,0
0,124,13,42,2,0
0,125,13,43,2,0
0,126,13,50,2,0
0,127,13,51,2,0
0,128,13,52,2,0
0,129,13,57,2,0
0,130,14,2,2,0
0,131,14,10,2,0
0,132,14,14,2,0
0,133,14,26,2,0
0,134,14,38,2,0
0,135,14,39,2,0
0,136,14,40,2,0
0,137,14,41,2,0
0,138,14,42,2,0
0,139,14,45,2,0
0,140,14,47,2,0
0,141,14,57,2,0
0,142,14,57,2,0
0,143,15,4,2,0
0,144,15,13,2,0
0,145,15,13,2,0
0,146,15,15,2,0
0,147,15,18,2,0
0,148,15,21,2,0
0,149,15,21,2,0
0,150,15,23,2,0
0,151,15,33,2,0
0,152,15,39,2,0
0,153,15,42,2,0
0,154,15,53,2,0
0,155,15,58,2,0
0,156,16,5,2,0
0,157,16,7,2,0
0,158,16,9,2,0
0,159,16,12,2,0
0,160,16,12,2,1
0,161,16,15,2,0
0,162,16,16,2,40
0,163,16,18,2,0
0,164,16,27,2,0
0,165,16,27,2,0
0,166,16,29,2,0
0,167,16,30,2,0
0,168,16,32,2,0
0,169,16,34,2,0
0,170,16,36,2,0
0,171,16,41,2,0
0,172,16,43,2,0
0,173,16,46,2,0
0,174,16,48,2,0
0,175,16,49,2,0
0,176,16,54,2,0
0,177,16,54,2,0
0,178,16,58,2,0
0,179,16,59,2,0
0,180,17,0,2,0
0,181,17,3,2,0
0,182,17,4,2,0
0,183,17,6,2,0
0,184,17,6,2,0
0,185,17,7,2,0
0,186,17,8,2,135
0,187,17,15,2,0
0,188,17,15,2,109
1,189,17,17,2,27
0,190,17,18,2,0
0,191,17,18,2,65
0,192,17,20,2,81
1,193,17,21,2,218
0,194,17,25,2,53
0,195,17,26,2,0
0,196,17,36,2,0
0,197,17,37,2,0
0,198,17,39,2,0
0,199,17,40,2,0
0,200,17,56,2,0
0,201,17,56,2,0
0,1,8,0,3,0
0,2,8,6,3,0
0,3,8,9,3,0
0,4,8,12,3,0
0,5,8,13,3,0
0,6,8,23,3,0
0,7,8,29,3,0
0,8,8,30,3,0
0,9,8,33,3,0
0,10,8,36,3,0
0,11,8,37,3,0
0,12,8,42,3,0
0,13,8,44,3,0
0,14,8,47,3,0
0,15,8,53,3,0
0,16,8,57,3,0
0,17,8,57,3,0
0,18,8,59,3,0
0,19,9,0,3,0
0,20,9,4,3,0
0,21,9,5,3,0
0,22,9,7,3,0
0,23,9,8,3,0
0,24,9,10,3,0
0,25,9,12,3,0
0,26,9,14,3,0
0,27,9,25,3,0
0,28,9,25,3,0
0,29,9,27,3,0
0,30,9,28,3,0
0,31,9,36,3,0
0,32,9,41,3,0
0,33,9,57,3,0
0,34,9,58,3,0
0,35,10,0,3,0
0,36,10,2,3,0
0,37,10,2,3,0
0,38,10,6,3,0
0,39,10,6,3,0
0,40,10,8,3,0
0,41,10,10,3,0
0,42,10,10,3,0
0,43,10,12,3,24
0,44,10,20,3,0
0,45,10,21,3,0
0,46,10,22,3,0
0,47,10,25,3,0
0,48,10,25,3,0
0,49,10,34,3,0
0,50,10,37,3,0
0,51,10,38,3,0
0,52,10,45,3,0
0,53,10,48,3,0
0,54,10,49,3,0
0,55,10,53,3,0
0,56,10,58,3,0
0,57,10,58,3,0
0,58,10,59,3,0
0,59,11,1,3,0
0,60,11,2,3,0
0,61,11,8,3,0
0,62,11,11,3,0
0,63,11,15,3,0
0,64,11,18,3,0
0,65,11,19,3,0
0,66,11,19,3,0
0,67,11,23,3,0
0,68,11,24,3,0
0,69,11,27,3,0
0,70,11,29,3,0
0,71,11,29,3,0
0,72,11,30,3,0
0,73,11,37,3,0
0,74,11,37,3,0
0,75,11,43,3,0
0,76,11,49,3,0
0,77,11,55,3,0
0,78,11,55,3,0
0,79,11,55,3,0
0,80,11,59,3,0
0,81,12,9,3,0
0,82,12,11,3,0
0,83,12,14,3,0
0,84,12,16,3,0
0,85,12,25,3,0
0,86,12,27,3,0
0,87,12,30,3,0
0,88,12,31,3,0
0,89,12,33,3,0
0,90,12,34,3,0
0,91,12,36,3,0
0,92,12,38,3,120
1,93,12,40,3,107
1,94,12,40,3,146
0,95,12,52,3,0
0,96,12,55,3,0
0,97,13,0,3,0
0,98,13,1,3,0
0,99,13,2,3,0
0,100,13,5,3,0
0,101,13,5,3,0
0,102,13,7,3,0
0,103,13,15,3,0
0,104,13,16,3,0
0,105,13,22,3,0
0,106,13,23,3,0
0,107,13,24,3,0
0,108,13,24,3,0
0,109,13,25,3,0
0,110,13,45,3,0
0,111,13,46,3,0
0,112,13,46,3,0
0,113,13,51,3,0
0,114,13,55,3,0
0,115,13,59,3,0
0,116,14,2,3,0
0,117,14,9,3,0
0,118,14,15,3,0
0,119,14,16,3,0
0,120,14,22,3,0
0,121,14,22,3,0
0,122,14,25,3,0
0,123,14,26,3,0
0,124,14,27,3,0
0,125,14,36,3,0
0,126,14,36,3,0
0,127,14,40,3,0
0,128,14,44,3,0
0,129,14,45,3,0
0,130,14,48,3,0
0,131,14,48,3,0
0,132,14,57,3,0
0,133,15,1,3,0
0,134,15,2,3,0
0,135,15,10,3,0
0,136,15,15,3,0
0,137,15,16,3,0
0,138,15,18,3,0
0,139,15,24,3,0
0,140,15,29,3,0
0,141,15,37,3,0
0,142,15,45,3,0
0,143,15,46,3,0
0,144,15,47,3,0
0,145,15,48,3,0
0,146,15,52,3,0
0,147,15,53,3,0
0,148,15,53,3,0
0,149,15,54,3,78
1,150,15,55,3,302
1,151,15,56,3,230
2,152,15,58,3,182
3,153,15,59,3,241
2,154,16,1,3,141
0,155,16,5,3,0
0,156,16,8,3,0
0,157,16,10,3,97
1,158,16,10,3,386
1,159,16,13,3,198
0,160,16,25,3,0
0,161,16,30,3,0
0,162,16,42,3,0
0,163,16,43,3,0
0,164,16,44,3,0
0,165,16,45,3,0
0,166,16,47,3,0
0,167,16,47,3,90
1,168,16,47,3,149
0,169,16,52,3,0
0,170,16,52,3,0
0,171,16,52,3,0
0,172,16,58,3,0
0,173,16,59,3,0
0,174,17,1,3,0
0,175,17,5,3,0
0,176,17,7,3,0
0,177,17,17,3,0
0,178,17,20,3,0
0,179,17,21,3,0
0,180,17,25,3,0
0,181,17,31,3,0
0,182,17,33,3,0
0,183,17,36,3,0
0,185,17,42,3,0
0,186,17,43,3,0
0,187,17,44,3,0
0,188,17,44,3,0
0,189,17,46,3,136
0,190,17,49,3,0
0,191,17,52,3,0
0,192,17,58,3,0
0,1,8,0,4,0
0,2,8,2,4,0
0,3,8,3,4,0
0,4,8,4,4,0
0,5,8,8,4,0
0,6,8,12,4,0
0,7,8,18,4,0
0,8,8,23,4,0
0,9,8,26,4,0
0,10,8,29,4,0
0,11,8,38,4,0
0,12,8,39,4,0
0,13,8,40,4,0
0,14,8,41,4,0
0,15,8,43,4,0
0,16,8,46,4,0
0,17,8,50,4,0
0,18,8,55,4,0
0,19,9,2,4,0
0,20,9,6,4,0
0,21,9,8,4,0
0,22,9,9,4,0
0,23,9,9,4,0
0,24,9,12,4,0
0,25,9,14,4,0
0,26,9,20,4,0
0,27,9,21,4,0
0,28,9,23,4,0
0,29,9,28,4,0
0,30,9,32,4,0
0,31,9,37,4,0
0,32,9,40,4,0
0,33,9,42,4,0
0,34,9,46,4,0
0,35,9,47,4,0
0,36,9,48,4,0
0,37,9,50,4,0
0,38,9,51,4,41
0,39,9,53,4,108
0,40,10,4,4,0
0,41,10,5,4,0
0,42,10,9,4,0
0,43,10,17,4,0
0,44,10,19,4,0
0,45,10,19,4,0
0,46,10,21,4,0
0,47,10,22,4,0
0,48,10,25,4,0
0,49,10,26,4,0
0,50,10,26,4,0
0,51,10,34,4,0
0,52,10,34,4,0
0,53,10,35,4,0
0,54,10,36,4,0
0,55,10,37,4,0
0,56,10,37,4,0
0,57,10,41,4,0
0,58,10,41,4,0
0,59,10,42,4,0
0,60,10,44,4,54
0,61,10,52,4,0
0,62,10,54,4,0
0,63,10,55,4,0
0,64,11,1,4,0
0,65,11,7,4,0
0,66,11,9,4,0
0,67,11,11,4,0
0,68,11,16,4,0
0,69,11,17,4,0
0,70,11,20,4,0
0,71,11,26,4,0
0,72,11,28,4,0
0,73,11,31,4,0
0,74,11,32,4,0
0,75,11,33,4,0
0,76,11,40,4,0
0,77,11,45,4,0
0,78,11,49,4,0
0,79,11,55,4,0
0,80,11,57,4,0
0,81,11,59,4,0
0,82,12,4,4,0
0,83,12,12,4,0
0,84,12,13,4,0
0,85,12,17,4,0
0,86,12,18,4,0
0,87,12,20,4,0
0,88,12,23,4,0
0,89,12,24,4,0
0,90,12,27,4,0
0,91,12,28,4,0
0,92,12,32,4,0
0,93,12,35,4,0
0,94,12,39,4,0
0,95,12,40,4,0
0,96,12,41,4,0
0,97,12,41,4,0
0,98,12,47,4,0
0,99,12,56,4,0
0,100,12,56,4,0
0,101,13,0,4,0
0,102,13,9,4,0
0,103,13,13,4,0
0,104,13,14,4,0
0,105,13,22,4,0
0,106,13,22,4,0
0,107,13,27,4,0
0,108,13,29,4,0
0,109,13,32,4,0
0,110,13,34,4,0
0,111,13,38,4,0
0,112,13,39,4,0
0,113,13,40,4,0
0,114,13,41,4,0
0,115,13,50,4,0
0,116,13,53,4,0
0,117,13,53,4,0
0,118,13,57,4,0
0,119,14,2,4,0
0,120,14,4,4,0
0,121,14,25,4,0
0,122,14,46,4,0
0,123,14,46,4,0
0,124,14,49,4,0
0,125,14,52,4,0
0,126,15,2,4,0
0,127,15,9,4,0
0,128,15,12,4,0
0,129,15,14,4,0
0,130,15,19,4,0
0,131,15,22,4,0
0,132,15,22,4,0
0,133,15,32,4,0
0,134,15,34,4,0
0,135,15,34,4,0
0,136,15,36,4,0
0,137,15,40,4,0
0,138,15,41,4,0
0,139,15,42,4,0
0,140,15,50,4,0
0,141,15,53,4,0
0,142,15,59,4,0
0,143,16,0,4,0
0,144,16,6,4,0
0,145,16,15,4,0
0,146,16,17,4,0
0,147,16,20,4,0
0,148,16,21,4,0
0,149,16,24,4,0
0,150,16,28,4,0
0,151,16,29,4,0
0,152,16,29,4,0
0,153,16,31,4,0
0,154,16,38,4,0
0,155,16,40,4,0
0,156,16,42,4,0
0,157,16,43,4,0
0,158,16,56,4,0
0,159,16,58,4,0
0,160,17,2,4,0
0,161,17,6,4,0
0,162,17,11,4,0
0,163,17,13,4,0
0,164,17,18,4,0
0,165,17,22,4,0
0,166,17,23,4,0
0,167,17,27,4,0
0,168,17,27,4,0
0,169,17,32,4,0
0,170,17,32,4,0
0,171,17,34,4,0
0,172,17,47,4,0
0,173,17,49,4,0
0,174,17,51,4,0
0,175,17,55,4,0
0,1,8,0,0,0
0,2,8,0,0,0
0,3,8,3,0,0
0,4,8,4,0,0
0,5,8,8,0,0
0,6,8,9,0,0
0,7,8,9,0,0
0,8,8,9,0,0
0,9,8,15,0,0
0,10,8,19,0,0
0,11,8,23,0,0
0,12,8,25,0,0
0,13,8,29,0,0
0,14,8,29,0,0
0,15,8,31,0,246
0,16,8,52,0,0
0,17,8,52,0,0
0,18,9,1,0,0
0,19,9,21,0,0
0,20,9,24,0,0
0,21,9,27,0,0
0,22,9,31,0,0
0,23,9,33,0,0
0,24,9,34,0,0
0,25,9,36,0,0
0,26,9,36,0,0
0,27,9,38,0,0
0,28,9,41,0,0
0,29,9,44,0,0
0,30,9,45,0,69
0,31,9,49,0,0
0,32,9,54,0,0
0,33,9,54,0,0
0,34,9,56,0,0
0,35,10,9,0,0
0,36,10,10,0,0
0,37,10,12,0,0
0,38,10,14,0,0
0,39,10,16,0,0
0,40,10,20,0,0
0,41,10,21,0,0
0,42,10,29,0,0
0,43,10,31,0,0
0,44,10,34,0,0
0,45,10,35,0,0
0,46,10,40,0,0
0,47,10,40,0,0
0,48,10,41,0,0
0,49,10,43,0,0
0,50,10,43,0,0
0,51,10,49,0,0
0,52,10,51,0,62
0,53,11,7,0,0
0,54,11,7,0,0
0,55,11,8,0,0
0,56,11,11,0,0
0,57,11,16,0,0
0,58,11,20,0,0
0,59,11,24,0,0
0,60,11,31,0,0
0,61,11,31,0,0
0,62,11,34,0,0
0,63,11,38,0,0
0,64,11,39,0,0
0,65,11,44,0,0
0,66,11,48,0,0
0,67,11,48,0,0
0,68,11,58,0,0
0,69,11,59,0,0
0,70,12,1,0,0
0,71,12,2,0,0
0,72,12,5,0,0
0,73,12,9,0,0
0,74,12,11,0,0
0,75,12,12,0,0
0,76,12,16,0,0
0,77,12,17,0,0
0,78,12,19,0,0
0,79,12,25,0,0
0,80,12,29,0,0
0,81,12,30,0,0
0,82,12,31,0,0
0,83,12,32,0,0
0,84,12,34,0,0
0,85,12,37,0,0
0,86,12,42,0,0
0,87,12,50,0,0
0,88,12,58,0,0
0,89,13,3,0,0
0,90,13,4,0,0
0,91,13,5,0,0
0,92,13,7,0,0
0,93,13,10,0,0
0,94,13,10,0,0
0,95,13,12,0,0
0,96,13,13,0,0
0,97,13,14,0,0
0,98,13,15,0,95
1,99,13,16,0,154
0,100,13,20,0,0
0,101,13,20,0,0
0,102,13,20,0,19
0,103,13,26,0,0
0,104,13,28,0,0
0,105,13,29,0,0
0,106,13,31,0,0
0,107,13,33,0,0
0,108,13,33,0,0
0,109,13,34,0,0
0,110,13,37,0,0
0,111,13,38,0,72
0,112,13,39,0,5
0,113,13,40,0,25
1,114,13,40,0,11
0,115,13,43,0,106
0,116,13,46,0,0
0,117,13,47,0,54
0,118,13,54,0,0
0,119,13,54,0,0
0,120,13,56,0,0
0,121,14,1,0,0
0,122,14,3,0,0
0,123,14,6,0,0
0,124,14,10,0,0
0,125,14,11,0,0
0,126,14,12,0,0
0,127,14,12,0,0
0,128,14,16,0,0
0,129,14,19,0,0
0,130,14,24,0,0
0,131,14,25,0,0
0,132,14,26,0,0
0,133,14,28,0,0
0,134,14,32,0,0
0,135,14,33,0,0
0,136,14,37,0,0
0,137,14,40,0,0
0,138,14,42,0,0
0,139,14,44,0,0
0,140,14,49,0,0
0,141,14,52,0,0
0,142,14,53,0,0
0,143,14,56,0,0
0,144,14,56,0,0
0,145,14,57,0,0
0,146,14,57,0,0
0,147,14,57,0,42
1,148,14,58,0,80
1,149,14,58,0,226
0,150,15,8,0,0
0,151,15,15,0,0
0,152,15,20,0,0
0,153,15,22,0,0
0,154,15,23,0,0
0,155,15,26,0,0
0,156,15,27,0,0
0,157,15,33,0,0
0,158,15,34,0,0
0,159,15,35,0,0
0,160,15,37,0,0
0,161,15,37,0,0
0,162,15,38,0,0
0,163,15,38,0,0
0,164,15,39,0,0
0,165,15,40,0,0
0,166,15,41,0,0
0,167,15,41,0,6
0,168,15,42,0,10
0,169,15,48,0,0
0,170,15,52,0,0
0,171,16,6,0,0
0,172,16,7,0,0
0,173,16,9,0,0
0,174,16,10,0,0
0,175,16,16,0,0
0,176,16,16,0,0
0,177,16,19,0,0
0,178,16,19,0,0
0,179,16,22,0,0
0,180,16,24,0,0
0,181,16,24,0,0
0,182,16,27,0,0
0,183,16,31,0,0
0,184,16,32,0,0
0,185,16,32,0,0
0,186,16,35,0,0
0,187,16,37,0,0
0,188,16,45,0,0
0,189,16,54,0,0
0,190,16,55,0,0
0,191,16,56,0,0
0,192,16,56,0,0
0,193,16,59,0,0
0,194,17,11,0,0
0,195,17,13,0,0
0,196,17,15,0,0
0,197,17,18,0,0
0,198,17,20,0,0
0,199,17,45,0,0
0,200,17,52,0,0
0,201,17,53,0,0
0,1,8,0,1,0
0,2,8,5,1,0
0,3,8,8,1,0
0,4,8,8,1,0
0,5,8,15,1,0
0,6,8,18,1,0
0,7,8,19,1,0
0,8,8,28,1,0
0,9,8,30,1,0
0,10,8,48,1,0
0,11,8,49,1,0
0,12,8,51,1,0
0,13,8,54,1,0
0,14,9,2,1,0
0,15,9,5,1,0
0,16,9,8,1,0
0,17,9,8,1,0
0,18,9,10,1,0
0,19,9,18,1,0
0,20,9,18,1,0
0,21,9,18,1,0
0,22,9,31,1,0
0,23,9,38,1,0
0,24,9,39,1,0
0,25,9,40,1,0
0,26,9,52,1,0
0,27,9,55,1,0
0,28,9,59,1,0
0,29,10,4,1,0
0,30,10,5,1,0
0,31,10,7,1,0
0,32,10,7,1,0
0,33,10,10,1,0
0,34,10,12,1,0
0,35,10,14,1,0
0,36,10,17,1,0
0,37,10,30,1,0
0,38,10,32,1,0
0,39,10,33,1,0
0,40,10,34,1,0
0,41,10,36,1,0
0,42,10,36,1,0
0,43,10,38,1,218
0,44,10,44,1,0
0,45,10,47,1,0
0,46,10,49,1,1
0,47,10,52,1,0
0,48,10,56,1,0
0,49,11,6,1,0
0,50,11,13,1,0
0,51,11,13,1,0
0,52,11,13,1,0
0,53,11,17,1,0
0,54,11,18,1,0
0,55,11,20,1,0
0,56,11,20,1,30
0,57,11,23,1,0
0,58,11,27,1,0
0,59,11,30,1,0
0,60,11,31,1,0
0,61,11,35,1,0
0,62,11,37,1,0
0,63,11,38,1,0
0,64,11,48,1,0
0,65,11,51,1,0
0,66,11,52,1,0
0,67,11,57,1,0
0,68,11,58,1,0
0,69,11,58,1,0
0,70,12,0,1,0
0,71,12,3,1,0
0,72,12,9,1,0
0,73,12,12,1,0
0,74,12,14,1,0
0,75,12,18,1,0
0,76,12,20,1,0
0,77,12,23,1,0
0,78,12,24,1,0
0,79,12,26,1,0
0,80,12,28,1,0
0,81,12,34,1,0
0,82,12,35,1,0
0,83,12,40,1,0
0,84,12,46,1,0
0,85,12,53,1,0
0,86,12,55,1,0
0,87,12,57,1,0
0,88,12,57,1,0
0,89,13,5,1,0
0,90,13,9,1,0
0,91,13,12,1,0
0,92,13,16,1,0
0,93,13,19,1,0
0,94,13,20,1,0
0,95,13,26,1,0
0,96,13,31,1,0
0,97,13,40,1,0
0,98,13,45,1,0
0,99,13,50,1,0
0,100,13,54,1,0
0,101,13,57,1,0
0,102,13,58,1,0
0,103,13,58,1,376
1,104,14,0,1,335
2,105,14,3,1,141
3,106,14,3,1,156
4,107,14,4,1,157
0,108,14,10,1,0
0,109,14,12,1,0
0,110,14,13,1,0
0,111,14,14,1,0
0,112,14,17,1,0
0,113,14,18,1,0
0,114,14,19,1,0
0,115,14,19,1,0
0,116,14,19,1,0
0,117,14,26,1,0
0,118,14,32,1,0
0,119,14,34,1,0
0,120,14,34,1,0
0,121,14,36,1,0
0,122,14,42,1,0
0,123,14,43,1,0
0,124,14,46,1,0
0,125,14,48,1,0
0,126,14,57,1,0
0,127,14,58,1,0
0,128,15,2,1,0
0,129,15,4,1,0
0,130,15,12,1,0
0,131,15,19,1,0
0,132,15,22,1,0
0,133,15,22,1,0
0,134,15,23,1,0
0,135,15,25,1,0
0,136,15,27,1,0
0,137,15,27,1,0
0,138,15,28,1,0
0,139,15,39,1,0
0,140,15,39,1,0
0,141,15,41,1,0
0,142,15,52,1,0
0,143,15,53,1,0
0,144,15,57,1,0
0,145,15,58,1,0
0,146,16,7,1,0
0,147,16,14,1,0
0,148,16,15,1,0
0,149,16,18,1,0
0,150,16,23,1,0
0,151,16,27,1,0
0,152,16,30,1,0
0,153,16,33,1,0
0,154,16,35,1,0
0,155,16,43,1,0
0,156,16,52,1,0
0,157,16,58,1,0
0,158,17,5,1,0
0,159,17,5,1,0
0,160,17,6,1,0
0,161,17,7,1,0
0,162,17,7,1,0
0,163,17,10,1,0
0,164,17,11,1,0
0,165,17,16,1,0
0,166,17,21,1,0
0,167,17,31,1,0
0,168,17,42,1,0
0,169,17,45,1,0
0,170,17,45,1,0
0,172,17,52,1,0
0,173,17,58,1,0
0,1,8,0,2,0
0,2,8,2,2,0
0,3,8,8,2,0
0,4,8,10,2,0
0,5,8,12,2,0
0,6,8,14,2,0
0,7,8,15,2,0
0,8,8,17,2,0
0,9,8,19,2,0
0,10,8,21,2,0
0,11,8,28,2,0
0,12,8,29,2,0
0,13,8,31,2,0
0,14,8,31,2,0
0,15,8,34,2,0
0,16,8,41,2,0
0,17,8,54,2,0
0,18,8,55,2,0
0,19,8,57,2,0
0,20,9,16,2,0
0,21,9,23,2,0
0,22,9,31,2,0
0,23,9,32,2,0
0,24,9,33,2,0
0,25,9,36,2,0
0,26,9,37,2,0
0,27,9,37,2,21
0,28,9,39,2,0
0,29,9,40,2,44
0,30,9,41,2,43
0,31,9,44,2,0
0,32,9,46,2,0
0,33,9,53,2,0
0,34,9,59,2,0
0,35,9,59,2,0
0,36,9,59,2,23
0,37,10,2,2,0
0,38,10,2,2,0
0,39,10,2,2,3
0,40,10,4,2,0
0,41,10,7,2,0
0,42,10,11,2,0
0,43,10,11,2,0
0,44,10,12,2,0
0,45,10,13,2,0
0,46,10,16,2,0
0,47,10,20,2,0
0,48,10,28,2,0
0,49,10,30,2,0
0,50,10,30,2,0
0,51,10,31,2,0
0,52,10,35,2,0
0,53,10,35,2,0
0,54,10,35,2,0
0,55,10,38,2,0
0,56,10,43,2,0
0,57,10,51,2,0
0,58,10,52,2,0
0,59,10,54,2,0
0,60,10,54,2,0
0,61,11,0,2,0
0,62,11,1,2,0
0,63,11,5,2,0
0,64,11,6,2,0
0,65,11,7,2,135
1,66,11,8,2,83
2,67,11,9,2,81
0,68,11,16,2,0
0,69,11,19,2,0
0,70,11,19,2,0
0,71,11,21,2,0
0,72,11,26,2,0
0,73,11,29,2,0
0,74,11,30,2,0
0,75,11,31,2,11
0,76,11,32,2,0
0,77,11,33,2,73
0,78,11,45,2,0
0,79,11,48,2,0
0,80,11,52,2,0
0,81,11,54,2,0
0,82,11,54,2,0
0,83,11,59,2,0
0,84,12,3,2,0
0,85,12,4,2,0
0,86,12,5,2,0
0,87,12,10,2,0
0,88,12,19,2,0
0,89,12,20,2,0
0,90,12,21,2,0
0,91,12,22,2,0
0,92,12,24,2,0
0,93,12,25,2,0
0,94,12,25,2,0
0,95,12,27,2,0
0,96,12,29,2,0
0,97,12,33,2,0
0,98,12,34,2,0
0,99,12,36,2,0
0,100,12,37,2,0
0,101,12,38,2,0
0,102,12,57,2,0
0,103,12,57,2,0
0,104,12,58,2,0
0,105,12,59,2,0
0,106,13,4,2,0
0,107,13,4,2,0
0,108,13,9,2,0
0,109,13,11,2,0
0,110,13,16,2,0
0,111,13,24,2,0
0,112,13,32,2,0
0,113,13,33,2,0
0,114,13,37,2,0
0,115,13,40,2,0
0,116,13,40,2,0
0,117,13,43,2,0
0,118,13,43,2,0
0,119,13,49,2,0
0,120,13,52,2,0
0,121,13,52,2,0
0,122,13,57,2,0
0,123,13,58,2,0
0,124,14,0,2,0
0,125,14,6,2,0
0,126,14,9,2,0
0,127,14,13,2,0
0,128,14,14,2,0
0,129,14,18,2,0
0,130,14,29,2,0
0,131,14,31,2,0
0,132,14,33,2,0
0,133,14,39,2,0
0,134,14,40,2,0
0,135,14,48,2,0
0,136,14,50,2,0
0,137,14,51,2,0
0,138,14,52,2,0
0,139,14,57,2,0
0,140,15,10,2,0
0,141,15,10,2,0
0,142,15,12,2,0
0,143,15,13,2,0
0,144,15,14,2,0
0,145,15,22,2,0
0,146,15,22,2,0
0,147,15,25,2,0
0,148,15,26,2,0
0,149,15,28,2,0
0,150,15,33,2,0
0,151,15,33,2,0
0,152,15,34,2,0
0,153,15,36,2,0
0,154,15,38,2,0
0,155,15,49,2,0
0,156,15,58,2,0
0,157,15,59,2,0
0,158,16,2,2,0
0,159,16,3,2,0
0,160,16,3,2,0
0,161,16,4,2,0
0,162,16,8,2,0
0,163,16,9,2,0
0,164,16,20,2,0
0,165,16,22,2,0
0,166,16,23,2,0
0,167,16,23,2,0
0,168,16,29,2,0
0,169,16,31,2,0
0,170,16,32,2,0
0,171,16,33,2,0
0,172,16,43,2,0
0,173,16,47,2,0
0,174,16,48,2,0
0,175,16,57,2,0
0,176,17,1,2,0
0,177,17,2,2,0
0,178,17,6,2,0
0,179,17,10,2,0
0,180,17,14,2,0
0,181,17,16,2,0
0,182,17,18,2,0
0,183,17,25,2,0
0,184,17,27,2,0
0,185,17,29,2,0
0,186,17,34,2,0
0,187,17,34,2,0
0,188,17,36,2,83
0,189,17,38,2,33
0,190,17,39,2,23
0,191,17,40,2,0
0,192,17,47,2,0
0,193,17,48,2,0
0,194,17,50,2,0
0,196,17,53,2,0
0,197,17,54,2,0
0,1,8,0,3,0
0,2,8,3,3,0
0,3,8,6,3,0
0,4,8,7,3,0
0,5,8,8,3,0
0,6,8,16,3,0
0,7,8,18,3,0
0,8,8,19,3,0
0,9,8,35,3,0
0,10,8,37,3,0
0,11,8,38,3,0
0,12,8,40,3,0
0,13,8,43,3,0
0,14,8,52,3,0
0,15,8,57,3,0
0,16,8,58,3,0
0,17,8,59,3,0
0,18,9,13,3,0
0,19,9,14,3,0
0,20,9,15,3,0
0,21,9,17,3,0
0,22,9,19,3,0
0,23,9,23,3,0
0,24,9,29,3,0
0,25,9,30,3,0
0,26,9,37,3,0
0,27,9,38,3,0
0,28,9,39,3,0
0,29,9,42,3,0
0,30,9,43,3,0
0,31,9,51,3,0
0,32,9,55,3,0
0,33,9,56,3,0
0,34,10,2,3,0
0,35,10,3,3,0
0,36,10,8,3,0
0,37,10,9,3,0
0,38,10,11,3,0
0,39,10,13,3,0
0,40,10,13,3,5
0,41,10,13,3,3
0,42,10,14,3,0
0,43,10,14,3,214
1,44,10,17,3,56
1,45,10,18,3,173
1,46,10,19,3,118
0,47,10,22,3,10
0,48,10,22,3,3
0,49,10,23,3,0
0,50,10,23,3,340
1,51,10,25,3,350
2,52,10,26,3,350
3,53,10,27,3,330
3,54,10,30,3,371
4,55,10,31,3,478
2,56,10,34,3,356
2,57,10,38,3,304
1,58,10,41,3,152
2,59,10,42,3,234
1,60,10,45,3,53
1,61,10,46,3,63
0,62,10,48,3,116
0,63,11,6,3,0
0,64,11,12,3,0
0,65,11,16,3,0
0,66,11,20,3,0
0,67,11,24,3,0
0,68,11,26,3,0
0,69,11,27,3,0
0,70,11,28,3,0
0,71,11,28,3,45
0,72,11,34,3,0
0,73,11,44,3,0
0,74,11,54,3,0
0,75,11,57,3,0
0,76,11,58,3,0
0,77,12,3,3,0
0,78,12,7,3,0
0,79,12,8,3,0
0,80,12,9,3,0
0,81,12,9,3,0
0,82,12,11,3,0
0,83,12,13,3,0
0,84,12,15,3,0
0,85,12,19,3,0
0,86,12,21,3,0
0,87,12,31,3,0
0,88,12,33,3,0
0,89,12,37,3,0
0,90,12,40,3,0
0,91,12,48,3,0
0,92,12,51,3,0
0,93,13,0,3,0
0,94,13,3,3,0
0,95,13,6,3,0
0,96,13,7,3,0
0,97,13,8,3,0
0,98,13,10,3,0
0,99,13,13,3,0
0,100,13,19,3,0
0,101,13,26,3,0
0,102,13,36,3,0
0,103,13,36,3,0
0,104,13,37,3,0
0,105,13,39,3,0
0,106,13,40,3,154
1,107,13,40,3,257
0,108,13,45,3,41
0,109,13,52,3,0
0,110,13,59,3,0
0,111,14,8,3,0
0,112,14,9,3,0
0,113,14,9,3,0
0,114,14,16,3,0
0,115,14,17,3,0
0,116,14,18,3,0
0,117,14,19,3,0
0,118,14,23,3,0
0,119,14,27,3,0
0,120,14,29,3,0
0,121,14,29,3,0
0,122,14,32,3,0
0,123,14,35,3,0
0,124,14,36,3,0
0,125,14,38,3,0
0,126,14,41,3,0
0,127,14,43,3,0
0,128,14,45,3,0
0,129,14,50,3,0
0,130,14,53,3,0
0,131,15,1,3,0
0,132,15,1,3,0
0,133,15,4,3,0
0,134,15,4,3,0
0,135,15,7,3,0
0,136,15,7,3,0
0,137,15,12,3,0
0,138,15,13,3,0
0,139,15,13,3,0
0,140,15,14,3,0
0,141,15,16,3,0
0,142,15,22,3,0
0,143,15,23,3,0
0,144,15,25,3,0
0,145,15,26,3,0
0,146,15,28,3,0
0,147,15,30,3,0
0,148,15,35,3,0
0,149,15,38,3,0
0,150,15,42,3,0
0,151,15,42,3,0
0,152,15,44,3,0
0,153,15,46,3,0
0,154,15,47,3,0
0,155,15,53,3,0
0,156,15,53,3,0
0,157,15,56,3,0
0,158,15,59,3,0
0,159,16,5,3,0
0,160,16,7,3,0
0,161,16,10,3,0
0,162,16,18,3,0
0,163,16,19,3,0
0,164,16,22,3,0
0,165,16,29,3,0
0,166,16,29,3,0
0,167,16,30,3,0
0,168,16,35,3,0
0,169,16,37,3,0
0,170,16,46,3,0
0,171,16,46,3,0
0,172,16,48,3,0
0,173,16,49,3,0
0,174,16,50,3,0
0,175,16,53,3,0
0,176,16,56,3,0
0,177,16,57,3,0
0,178,16,59,3,0
0,179,17,1,3,0
0,180,17,1,3,0
0,181,17,3,3,0
0,182,17,4,3,0
0,183,17,6,3,0
0,184,17,17,3,0
0,185,17,21,3,0
0,186,17,24,3,0
0,187,17,31,3,0
0,188,17,32,3,0
0,189,17,33,3,0
0,190,17,33,3,0
0,191,17,38,3,0
0,192,17,40,3,0
0,193,17,45,3,0
0,194,17,48,3,0
0,195,17,53,3,0
0,1,8,0,4,0
0,2,8,8,4,0
0,3,8,11,4,0
0,4,8,14,4,0
0,5,8,25,4,0
0,6,8,27,4,0
0,7,8,28,4,0
0,8,8,30,4,0
0,9,8,32,4,0
0,10,8,36,4,0
0,11,8,38,4,0
0,12,8,52,4,0
0,13,8,52,4,0
0,14,8,53,4,0
0,15,9,2,4,0
0,16,9,4,4,0
0,17,9,4,4,0
0,18,9,7,4,0
0,19,9,8,4,0
0,20,9,15,4,0
0,21,9,16,4,0
0,22,9,18,4,0
0,23,9,22,4,0
0,24,9,28,4,0
0,25,9,35,4,0
0,26,9,35,4,0
0,27,9,36,4,0
0,28,9,44,4,0
0,29,9,51,4,0
0,30,9,56,4,0
0,31,9,59,4,0
0,32,9,59,4,0
0,33,10,1,4,0
0,34,10,1,4,13
0,35,10,3,4,0
0,36,10,7,4,0
0,37,10,10,4,0
0,38,10,10,4,0
0,39,10,11,4,0
0,40,10,13,4,0
0,41,10,16,4,0
0,42,10,19,4,0
0,43,10,29,4,0
0,44,10,36,4,0
0,45,10,36,4,0
0,46,10,40,4,0
0,47,10,41,4,0
0,48,10,41,4,0
0,49,10,56,4,0
0,50,10,59,4,0
0,51,11,4,4,0
0,52,11,10,4,0
0,53,11,13,4,0
0,54,11,14,4,0
0,55,11,16,4,0
0,56,11,18,4,0
0,57,11,26,4,0
0,58,11,28,4,0
0,59,11,31,4,0
0,60,11,32,4,0
0,61,11,33,4,0
0,62,11,35,4,0
0,63,11,40,4,0
0,64,11,41,4,13
0,65,11,46,4,0
0,66,11,52,4,0
0,67,11,53,4,0
0,68,12,2,4,0
0,69,12,2,4,0
0,70,12,4,4,0
0,71,12,5,4,0
0,72,12,6,4,0
0,73,12,13,4,0
0,74,12,22,4,0
0,75,12,26,4,0
0,76,12,27,4,0
0,77,12,28,4,0
0,78,12,30,4,0
0,79,12,32,4,0
0,80,12,33,4,0
0,81,12,34,4,0
0,82,12,37,4,142
0,83,12,40,4,402
1,84,12,41,4,356
2,85,12,42,4,361
3,86,12,44,4,251
0,87,12,48,4,17
0,88,12,50,4,132
1,89,12,51,4,63
1,90,12,52,4,39
0,91,12,55,4,0
0,92,13,0,4,0
0,93,13,1,4,0
0,94,13,2,4,0
0,95,13,2,4,0
0,96,13,3,4,0
0,97,13,4,4,21
0,98,13,7,4,98
1,99,13,7,4,84
0,100,13,9,4,17
0,101,13,13,4,0
0,102,13,13,4,0
0,103,13,22,4,0
0,104,13,27,4,0
0,105,13,28,4,0
0,106,13,29,4,0
0,107,13,31,4,0
0,108,13,36,4,0
0,109,13,40,4,0
0,110,13,44,4,0
0,111,13,50,4,0
0,112,13,54,4,0
0,113,13,59,4,0
0,114,14,0,4,0
0,115,14,0,4,0
0,116,14,4,4,0
0,117,14,5,4,0
0,118,14,9,4,0
0,119,14,11,4,0
0,120,14,12,4,0
0,121,14,13,4,0
0,122,14,15,4,0
0,123,14,16,4,0
0,124,14,16,4,0
0,125,14,16,4,0
0,126,14,27,4,0
0,127,14,36,4,0
0,128,14,40,4,0
0,129,14,40,4,0
0,130,14,42,4,0
0,131,14,45,4,0
0,132,14,45,4,0
0,133,14,49,4,0
0,134,14,50,4,0
0,135,14,54,4,0
0,136,14,56,4,0
0,137,15,2,4,0
0,138,15,7,4,0
0,139,15,9,4,0
0,140,15,10,4,0
0,141,15,15,4,0
0,142,15,15,4,0
0,143,15,22,4,0
0,144,15,22,4,0
0,145,15,30,4,0
0,146,15,34,4,0
0,147,15,42,4,0
0,148,15,44,4,0
0,149,15,46,4,0
0,150,15,46,4,0
0,151,15,48,4,0
0,152,15,52,4,0
0,153,15,53,4,0
0,154,15,55,4,0
0,155,16,0,4,0
0,156,16,6,4,0
0,157,16,7,4,0
0,158,16,7,4,0
0,159,16,8,4,63
0,160,16,10,4,68
0,161,16,11,4,26
0,162,16,13,4,0
0,163,16,14,4,5
0,164,16,19,4,0
0,165,16,21,4,0
0,166,16,22,4,0
0,167,16,22,4,55
0,168,16,23,4,0
0,169,16,26,4,0
0,170,16,28,4,0
0,171,16,30,4,0
0,172,16,31,4,0
0,173,16,36,4,0
0,174,16,39,4,0
0,175,16,39,4,0
0,176,16,40,4,0
0,177,16,43,4,0
0,178,16,44,4,0
0,179,16,46,4,0
0,180,17,2,4,0
0,181,17,3,4,0
0,182,17,10,4,0
0,183,17,12,4,0
0,184,17,17,4,0
0,185,17,19,4,0
0,186,17,23,4,0
0,187,17,25,4,0
0,188,17,30,4,0
0,189,17,34,4,0
0,190,17,36,4,0
0,191,17,38,4,0
0,192,17,45,4,0
0,193,17,46,4,0
0,1,8,0,0,0
0,2,8,6,0,0
0,3,8,13,0,0
0,4,8,13,0,0
0,5,8,16,0,0
0,6,8,21,0,0
0,7,8,22,0,0
0,8,8,24,0,0
0,9,8,25,0,0
0,10,8,27,0,0
0,11,8,29,0,0
0,12,8,29,0,14
0,13,8,31,0,0
0,14,8,31,0,20
1,15,8,31,0,60
1,16,8,32,0,109
0,17,8,38,0,0
0,18,8,38,0,0
0,19,8,39,0,0
0,20,8,46,0,0
0,21,8,46,0,0
0,22,8,47,0,0
0,23,8,52,0,0
0,24,8,56,0,0
0,25,8,57,0,0
0,26,9,3,0,0
0,27,9,4,0,0
0,28,9,4,0,0
0,29,9,5,0,15
0,30,9,19,0,0
0,31,9,20,0,0
0,32,9,28,0,0
0,33,9,31,0,0
0,34,9,33,0,0
0,35,9,37,0,0
0,36,9,44,0,0
0,37,9,49,0,0
0,38,9,50,0,0
0,39,9,56,0,0
0,40,10,15,0,0
0,41,10,15,0,0
0,42,10,18,0,0
0,43,10,31,0,0
0,44,10,35,0,0
0,45,10,41,0,0
0,46,10,42,0,0
0,47,10,51,0,0
0,48,10,53,0,0
0,49,10,56,0,0
0,50,11,3,0,0
0,51,11,5,0,0
0,52,11,7,0,0
0,53,11,8,0,0
0,54,11,15,0,0
0,55,11,16,0,0
0,56,11,19,0,0
0,57,11,19,0,0
0,58,11,21,0,0
0,59,11,22,0,0
0,60,11,22,0,0
0,61,11,25,0,0
0,62,11,31,0,0
0,63,11,35,0,0
0,64,11,36,0,0
0,65,11,37,0,0
0,66,11,38,0,230
0,67,11,44,0,44
0,68,11,47,0,303
1,69,11,48,0,214
0,70,11,54,0,97
1,71,11,55,0,88
1,72,11,56,0,20
0,73,12,1,0,0
0,74,12,1,0,0
0,75,12,3,0,0
0,76,12,4,0,0
0,77,12,6,0,0
0,78,12,12,0,0
0,79,12,24,0,0
0,80,12,25,0,0
0,81,12,32,0,0
0,82,12,34,0,0
0,83,12,39,0,0
0,84,12,40,0,0
0,85,12,45,0,0
0,86,12,50,0,0
0,87,12,54,0,0
0,88,12,55,0,0
0,89,12,56,0,0
0,90,12,59,0,0
0,91,13,1,0,0
0,92,13,3,0,0
0,93,13,6,0,0
0,94,13,20,0,0
0,95,13,23,0,0
0,96,13,25,0,0
0,97,13,27,0,0
0,98,13,34,0,0
0,99,13,37,0,0
0,100,13,41,0,0
0,101,13,42,0,0
0,102,13,45,0,0
0,103,13,45,0,0
0,104,13,48,0,0
0,105,13,51,0,1
0,106,13,53,0,0
0,107,13,53,0,59
0,108,13,54,0,111
1,109,13,54,0,307
1,110,13,59,0,43
0,111,14,4,0,0
0,112,14,5,0,0
0,113,14,9,0,0
0,114,14,11,0,0
0,115,14,16,0,0
0,116,14,16,0,0
0,117,14,17,0,0
0,118,14,18,0,0
0,119,14,19,0,0
0,120,14,21,0,0
0,121,14,22,0,0
0,122,14,26,0,0
0,123,14,26,0,0
0,124,14,28,0,0
0,125,14,30,0,0
0,126,14,35,0,0
0,127,14,39,0,0
0,128,14,43,0,0
0,129,14,45,0,0
0,130,14,47,0,0
0,131,14,51,0,0
0,132,14,56,0,0
0,133,14,57,0,0
0,134,14,58,0,0
0,135,14,58,0,44
0,136,15,0,0,0
0,137,15,4,0,0
0,138,15,9,0,0
0,139,15,15,0,0
0,140,15,16,0,0
0,141,15,18,0,188
0,142,15,26,0,0
0,143,15,27,0,0
0,144,15,33,0,0
0,145,15,39,0,0
0,146,15,43,0,0
0,147,15,44,0,0
0,148,15,54,0,0
0,149,15,54,0,0
0,150,15,55,0,0
0,151,16,0,0,0
0,152,16,1,0,0
0,153,16,2,0,0
0,154,16,2,0,0
0,155,16,3,0,0
0,156,16,7,0,0
0,157,16,7,0,0
0,158,16,12,0,0
0,159,16,13,0,0
0,160,16,13,0,0
0,161,16,14,0,0
0,162,16,17,0,109
1,163,16,19,0,30
0,164,16,24,0,0
0,165,16,26,0,0
0,166,16,27,0,209
1,167,16,27,0,183
2,168,16,28,0,133
0,169,16,33,0,0
0,170,16,36,0,0
0,171,16,37,0,0
0,172,16,38,0,0
0,173,16,38,0,0
0,174,16,40,0,0
0,175,16,49,0,0
0,176,17,11,0,0
0,177,17,13,0,0
0,178,17,13,0,0
0,179,17,21,0,0
0,180,17,24,0,0
0,181,17,26,0,0
0,182,17,29,0,0
0,183,17,34,0,0
0,184,17,34,0,0
0,185,17,35,0,0
0,186,17,38,0,0
0,187,17,41,0,0
0,188,17,41,0,0
0,189,17,46,0,0
0,190,17,46,0,0
0,191,17,46,0,0
0,192,17,49,0,0
0,194,17,56,0,0
0,1,8,0,1,0
0,2,8,0,1,0
0,3,8,9,1,0
0,4,8,9,1,0
0,5,8,9,1,0
0,6,8,13,1,0
0,7,8,14,1,0
0,8,8,18,1,0
0,9,8,19,1,0
0,10,8,20,1,0
0,11,8,22,1,0
0,12,8,23,1,71
0,13,8,25,1,0
0,14,8,26,1,0
0,15,8,34,1,0
0,16,8,38,1,0
0,17,8,38,1,31
0,18,8,44,1,0
0,19,8,49,1,0
0,20,8,49,1,53
0,21,8,51,1,44
0,22,9,0,1,0
0,23,9,0,1,0
0,24,9,3,1,0
0,25,9,5,1,0
0,26,9,7,1,0
0,27,9,11,1,0
0,28,9,18,1,0
0,29,9,18,1,0
0,30,9,23,1,0
0,31,9,24,1,0
0,32,9,29,1,0
0,33,9,32,1,0
0,34,9,34,1,0
0,35,9,44,1,0
0,36,9,45,1,0
0,37,9,49,1,0
0,38,9,52,1,0
0,39,9,54,1,0
0,40,9,56,1,0
0,41,10,0,1,0
0,42,10,0,1,0
0,43,10,13,1,0
0,44,10,13,1,0
0,45,10,13,1,0
0,46,10,17,1,0
0,47,10,27,1,0
0,48,10,29,1,0
0,49,10,32,1,0
0,50,10,34,1,0
0,51,10,40,1,0
0,52,10,42,1,0
0,53,10,42,1,0
0,54,10,43,1,0
0,55,10,49,1,0
0,56,10,50,1,0
0,57,10,50,1,0
0,58,10,54,1,0
0,59,10,54,1,0
0,60,10,55,1,0
0,61,10,55,1,0
0,62,10,58,1,0
0,63,11,0,1,0
0,64,11,2,1,0
0,65,11,6,1,0
0,66,11,11,1,0
0,67,11,12,1,0
0,68,11,14,1,0
0,69,11,15,1,58
1,70,11,15,1,94
1,71,11,16,1,103
0,72,11,20,1,0
0,73,11,25,1,0
0,74,11,29,1,0
0,75,11,31,1,0
0,76,11,31,1,0
0,77,11,31,1,0
0,78,11,33,1,0
0,79,11,34,1,0
0,80,11,39,1,0
0,81,11,42,1,0
0,82,11,44,1,0
0,83,11,46,1,0
0,84,11,48,1,0
0,85,11,55,1,0
0,86,11,56,1,0
0,87,12,4,1,0
0,88,12,5,1,0
0,89,12,9,1,0
0,90,12,13,1,0
0,91,12,16,1,0
0,92,12,18,1,0
0,93,12,19,1,0
0,94,12,20,1,152
1,95,12,21,1,121
0,96,12,25,1,0
0,97,12,30,1,0
0,98,12,32,1,0
0,99,12,34,1,0
0,100,12,35,1,0
0,101,12,35,1,0
0,102,12,35,1,524
1,103,12,36,1,555
2,104,12,37,1,567
3,105,12,37,1,599
4,106,12,39,1,508
5,107,12,39,1,503
6,108,12,43,1,345
4,109,12,47,1,56
0,110,12,49,1,231
1,111,12,50,1,321
2,112,12,51,1,368
3,113,12,52,1,325
4,114,12,52,1,322
0,115,13,1,1,0
0,116,13,2,1,0
0,117,13,2,1,21
0,118,13,11,1,0
0,119,13,14,1,0
0,120,13,16,1,0
0,121,13,16,1,0
0,122,13,16,1,0
0,123,13,24,1,0
0,124,13,24,1,0
0,125,13,25,1,0
0,126,13,35,1,0
0,127,13,35,1,0
0,128,13,46,1,0
0,129,13,47,1,0
0,130,13,51,1,0
0,131,13,54,1,0
0,132,13,54,1,0
0,133,14,3,1,0
0,134,14,9,1,0
0,135,14,14,1,0
0,136,14,15,1,0
0,137,14,18,1,0
0,138,14,29,1,0
0,139,14,34,1,0
0,140,14,37,1,0
0,141,14,50,1,0
0,142,14,52,1,0
0,143,14,53,1,0
0,144,14,54,1,0
0,145,14,54,1,0
0,146,15,4,1,0
0,147,15,4,1,0
0,148,15,4,1,0
0,149,15,6,1,0
0,150,15,7,1,0
0,151,15,9,1,194
0,152,15,15,1,0
0,153,15,16,1,0
0,154,15,17,1,47
0,155,15,21,1,0
0,156,15,23,1,0
0,157,15,27,1,0
0,158,15,28,1,0
0,159,15,29,1,0
0,160,15,29,1,5
0,161,15,39,1,0
0,162,15,40,1,0
0,163,15,42,1,0
0,164,15,51,1,0
0,165,15,51,1,0
0,166,15,52,1,37
1,167,15,52,1,153
1,168,15,53,1,175
0,169,15,57,1,0
0,170,16,1,1,0
0,171,16,4,1,0
0,172,16,4,1,0
0,173,16,5,1,0
0,174,16,6,1,0
0,175,16,9,1,0
0,176,16,11,1,0
0,177,16,11,1,0
0,178,16,14,1,0
0,179,16,18,1,0
0,180,16,18,1,0
0,181,16,25,1,0
0,182,16,26,1,0
0,183,16,29,1,0
0,184,16,29,1,0
0,185,16,36,1,0
0,186,16,37,1,0
0,187,16,39,1,0
0,188,16,40,1,0
0,189,16,41,1,0
0,190,16,47,1,0
0,191,16,48,1,0
0,192,16,55,1,0
0,193,16,56,1,0
0,194,16,56,1,0
0,195,16,56,1,0
0,196,17,0,1,0
0,197,17,6,1,0
0,198,17,13,1,0
0,199,17,18,1,0
0,200,17,20,1,0
0,201,17,23,1,0
0,202,17,28,1,0
0,203,17,28,1,0
0,204,17,28,1,0
0,205,17,29,1,0
0,206,17,35,1,0
0,207,17,40,1,0
0,208,17,40,1,0
0,209,17,46,1,0
0,1,8,0,2,0
0,2,8,9,2,0
0,3,8,11,2,0
0,4,8,12,2,0
0,5,8,14,2,0
0,6,8,27,2,0
0,7,8,28,2,0
0,8,8,33,2,0
0,9,8,34,2,0
0,10,8,35,2,0
0,11,8,40,2,0
0,12,8,44,2,0
0,13,8,47,2,0
0,14,8,52,2,0
0,15,8,52,2,0
0,16,8,53,2,0
0,17,8,53,2,0
0,18,8,55,2,8
0,19,9,1,2,0
0,20,9,3,2,0
0,21,9,12,2,0
0,22,9,16,2,0
0,23,9,17,2,0
0,24,9,18,2,0
0,25,9,18,2,0
0,26,9,23,2,0
0,27,9,24,2,0
0,28,9,25,2,0
0,29,9,28,2,0
0,30,9,34,2,0
0,31,9,36,2,0
0,32,9,39,2,0
0,33,9,44,2,0
0,34,9,45,2,0
0,35,9,47,2,0
0,36,9,48,2,0
0,37,9,49,2,0
0,38,9,56,2,0
0,39,9,58,2,0
0,40,10,2,2,0
0,41,10,2,2,0
0,42,10,9,2,0
0,43,10,10,2,0
0,44,10,13,2,0
0,45,10,14,2,0
0,46,10,15,2,0
0,47,10,15,2,0
0,48,10,16,2,0
0,49,10,22,2,0
0,50,10,22,2,0
0,51,10,38,2,0
0,52,10,38,2,0
0,53,10,40,2,0
0,54,10,42,2,0
0,55,10,45,2,0
0,56,10,45,2,32
0,57,10,48,2,0
0,58,10,49,2,0
0,59,10,50,2,0
0,60,10,51,2,155
1,61,10,52,2,136
2,62,10,53,2,246
0,63,11,2,2,0
0,64,11,2,2,0
0,65,11,2,2,0
0,66,11,5,2,0
0,67,11,8,2,0
0,68,11,9,2,0
0,69,11,12,2,0
0,70,11,13,2,0
0,71,11,15,2,0
0,72,11,16,2,0
0,73,11,33,2,0
0,74,11,34,2,0
0,75,11,38,2,0
0,76,11,40,2,0
0,77,11,41,2,0
0,78,11,44,2,10
0,79,11,48,2,0
0,80,11,49,2,0
0,81,11,49,2,0
0,82,11,51,2,44
0,83,11,54,2,0
0,84,11,55,2,0
0,85,11,58,2,0
0,86,11,58,2,0
0,87,12,3,2,0
0,88,12,3,2,0
0,89,12,7,2,0
0,90,12,20,2,0
0,91,12,22,2,0
0,92,12,24,2,0
0,93,12,24,2,0
0,94,12,25,2,0
0,95,12,30,2,0
0,96,12,34,2,0
0,97,12,36,2,0
0,98,12,37,2,0
0,99,12,38,2,0
0,100,12,39,2,0
0,101,12,40,2,0
0,102,12,41,2,77
0,103,12,56,2,0
0,104,12,57,2,0
0,105,12,58,2,0
0,106,12,58,2,0
0,107,12,59,2,0
0,108,13,2,2,9
0,109,13,3,2,0
0,110,13,6,2,0
0,111,13,7,2,0
0,112,13,8,2,13
0,113,13,12,2,0
0,114,13,17,2,0
0,115,13,20,2,0
0,116,13,23,2,0
0,117,13,30,2,0
0,118,13,35,2,0
0,119,13,41,2,0
0,120,13,47,2,0
0,121,13,50,2,0
0,122,13,51,2,0
0,123,13,54,2,0
0,124,13,59,2,0
0,125,14,0,2,0
0,126,14,7,2,0
0,127,14,8,2,0
0,128,14,8,2,0
0,129,14,12,2,0
0,130,14,13,2,0
0,131,14,15,2,0
0,132,14,18,2,0
0,133,14,21,2,0
0,134,14,21,2,303
0,135,14,28,2,9
0,136,14,29,2,0
0,137,14,36,2,0
0,138,14,36,2,0
0,139,14,42,2,0
0,140,14,43,2,0
0,141,14,44,2,0
0,142,14,45,2,0
0,143,14,47,2,0
0,144,14,49,2,296
1,145,14,50,2,192
2,146,14,51,2,268
3,147,14,51,2,248
0,148,14,58,2,0
0,149,15,1,2,0
0,150,15,1,2,79
0,151,15,7,2,0
0,152,15,8,2,0
0,153,15,9,2,0
0,154,15,9,2,10
0,155,15,16,2,0
0,156,15,16,2,0
0,157,15,17,2,0
0,158,15,19,2,0
0,159,15,21,2,0
0,160,15,23,2,0
0,161,15,23,2,0
0,162,15,25,2,0
0,163,15,25,2,0
0,164,15,25,2,0
0,165,15,36,2,0
0,166,15,38,2,0
0,167,15,38,2,0
0,168,15,42,2,0
0,169,15,44,2,0
0,170,15,48,2,0
0,171,15,48,2,0
0,172,15,50,2,0
0,173,15,51,2,14
0,174,15,53,2,0
0,175,15,55,2,0
0,176,15,55,2,0
0,177,15,59,2,0
0,178,16,0,2,0
0,179,16,4,2,0
0,180,16,8,2,0
0,181,16,9,2,0
0,182,16,15,2,0
0,183,16,15,2,0
0,184,16,17,2,0
0,185,16,17,2,50
0,186,16,20,2,0
0,187,16,23,2,0
0,188,16,23,2,0
0,189,16,24,2,0
0,190,16,27,2,0
0,191,16,31,2,0
0,192,16,38,2,0
0,193,16,39,2,0
0,194,16,39,2,0
0,195,16,41,2,0
0,196,16,44,2,0
0,197,16,48,2,0
0,198,16,48,2,0
0,199,16,51,2,0
0,200,16,57,2,0
0,201,16,59,2,0
0,202,17,3,2,0
0,203,17,8,2,0
0,204,17,13,2,0
0,205,17,13,2,0
0,206,17,15,2,0
0,207,17,15,2,0
0,208,17,26,2,0
0,209,17,38,2,0
0,210,17,38,2,0
0,211,17,42,2,0
0,212,17,43,2,0
0,213,17,44,2,0
0,214,17,49,2,0
0,215,17,50,2,0
0,1,8,0,3,0
0,2,8,1,3,0
0,3,8,2,3,0
0,4,8,2,3,0
0,5,8,7,3,0
0,6,8,9,3,0
0,7,8,11,3,0
0,8,8,13,3,0
0,9,8,15,3,0
0,10,8,18,3,0
0,11,8,26,3,0
0,12,8,28,3,0
0,13,8,29,3,0
0,14,8,39,3,0
0,15,8,39,3,0
0,16,8,41,3,0
0,17,8,51,3,0
0,18,8,51,3,0
0,19,8,52,3,0
0,20,8,54,3,0
0,21,8,57,3,0
0,22,9,0,3,0
0,23,9,8,3,0
0,24,9,10,3,0
0,25,9,11,3,0
0,26,9,12,3,0
0,27,9,14,3,24
0,28,9,14,3,148
1,29,9,16,3,52
0,30,9,18,3,29
0,31,9,23,3,0
0,32,9,28,3,0
0,33,9,30,3,43
0,34,9,32,3,119
1,35,9,33,3,113
1,36,9,35,3,224
0,37,9,40,3,178
1,38,9,41,3,447
1,39,9,47,3,214
1,40,9,50,3,101
1,41,9,52,3,27
0,42,10,3,3,0
0,43,10,10,3,0
0,44,10,10,3,0
0,45,10,13,3,0
0,46,10,18,3,0
0,47,10,32,3,0
0,48,10,32,3,0
0,49,10,37,3,0
0,50,10,41,3,0
0,51,10,42,3,0
0,52,10,43,3,0
0,53,10,43,3,0
0,54,10,44,3,0
0,55,10,45,3,0
0,56,10,50,3,0
0,57,10,53,3,0
0,58,10,53,3,0
0,59,10,53,3,0
0,60,10,54,3,0
0,61,11,2,3,0
0,62,11,5,3,0
0,63,11,5,3,0
0,64,11,5,3,0
0,65,11,11,3,0
0,66,11,16,3,0
0,67,11,17,3,0
0,68,11,20,3,0
0,69,11,20,3,111
0,70,11,25,3,0
0,71,11,28,3,0
0,72,11,30,3,0
0,73,11,31,3,0
0,74,11,34,3,0
0,75,11,35,3,0
0,76,11,42,3,0
0,77,11,42,3,0
0,78,11,45,3,0
0,79,11,53,3,0
0,80,11,57,3,0
0,81,12,2,3,0
0,82,12,4,3,0
0,83,12,4,3,0
0,84,12,6,3,0
0,85,12,10,3,0
0,86,12,11,3,0
0,87,12,13,3,0
0,88,12,13,3,0
0,89,12,13,3,125
0,90,12,21,3,0
0,91,12,32,3,0
0,92,12,34,3,0
0,93,12,36,3,0
0,94,12,38,3,0
0,95,12,40,3,0
0,96,12,41,3,0
0,97,12,41,3,0
0,98,12,45,3,0
0,99,12,47,3,0
0,100,12,49,3,0
0,101,12,57,3,0
0,102,12,58,3,0
0,103,13,3,3,0
0,104,13,3,3,53
0,105,13,6,3,0
0,106,13,7,3,0
0,107,13,11,3,0
0,108,13,13,3,0
0,109,13,21,3,0
0,110,13,22,3,0
0,111,13,27,3,0
0,112,13,30,3,0
0,113,13,30,3,0
0,114,13,32,3,0
0,115,13,34,3,0
0,116,13,36,3,0
0,117,13,37,3,0
0,118,13,38,3,0
0,119,13,39,3,99
0,120,13,45,3,0
0,121,13,48,3,0
0,122,13,56,3,0
0,123,13,56,3,0
0,124,13,59,3,0
0,125,13,59,3,0
0,126,14,15,3,0
0,127,14,18,3,0
0,128,14,23,3,0
0,129,14,24,3,0
0,130,14,24,3,0
0,131,14,35,3,0
0,132,14,40,3,0
0,133,14,44,3,0
0,134,14,46,3,0
0,135,14,47,3,0
0,136,14,47,3,0
0,137,14,50,3,0
0,138,14,52,3,0
0,139,14,53,3,73
0,140,14,55,3,0
0,141,14,58,3,68
0,142,14,59,3,0
0,143,15,5,3,0
0,144,15,6,3,0
0,145,15,6,3,304
1,146,15,7,3,344
2,147,15,9,3,288
0,148,15,15,3,0
0,149,15,15,3,137
1,150,15,15,3,142
1,151,15,17,3,80
0,152,15,19,3,61
0,153,15,28,3,0
0,154,15,29,3,0
0,155,15,30,3,0
0,156,15,32,3,0
0,157,15,32,3,0
0,158,15,33,3,0
0,159,15,36,3,0
0,160,15,43,3,0
0,161,15,45,3,0
0,162,15,51,3,0
0,163,15,52,3,0
0,164,15,53,3,0
0,165,16,5,3,0
0,166,16,13,3,0
0,167,16,18,3,0
0,168,16,20,3,0
0,169,16,22,3,0
0,170,16,23,3,0
0,171,16,23,3,0
0,172,16,29,3,0
0,173,16,36,3,0
0,174,16,37,3,0
0,175,16,42,3,0
0,176,16,44,3,0
0,177,16,45,3,0
0,178,16,46,3,0
0,179,16,48,3,0
0,180,16,53,3,0
0,181,16,55,3,0
0,182,16,56,3,0
0,183,16,56,3,0
0,184,16,56,3,0
0,185,16,57,3,0
0,186,16,59,3,144
0,187,17,9,3,0
0,188,17,10,3,0
0,189,17,11,3,0
0,190,17,13,3,0
0,191,17,17,3,0
0,192,17,19,3,0
0,193,17,21,3,0
0,194,17,22,3,0
0,195,17,27,3,0
0,196,17,30,3,0
0,197,17,35,3,0
0,198,17,35,3,0
0,199,17,37,3,0
0,200,17,37,3,0
0,201,17,38,3,0
0,202,17,40,3,0
0,203,17,42,3,0
0,204,17,48,3,0
0,205,17,48,3,0
0,206,17,53,3,29
0,1,8,0,4,0
0,2,8,2,4,0
0,3,8,13,4,0
0,4,8,14,4,0
0,5,8,17,4,0
0,6,8,19,4,0
0,7,8,19,4,0
0,8,8,20,4,0
0,9,8,24,4,0
0,10,8,26,4,0
0,11,8,26,4,0
0,12,8,29,4,0
0,13,8,33,4,0
0,14,8,35,4,0
0,15,8,36,4,0
0,16,8,39,4,0
0,17,8,39,4,0
0,18,8,39,4,0
0,19,8,42,4,0
0,20,8,43,4,0
0,21,8,44,4,36
1,22,8,44,4,64
0,23,8,50,4,0
0,24,9,3,4,0
0,25,9,5,4,0
0,26,9,10,4,0
0,27,9,11,4,0
0,28,9,12,4,0
0,29,9,13,4,0
0,30,9,17,4,0
0,31,9,17,4,0
0,32,9,19,4,0
0,33,9,21,4,0
0,34,9,22,4,0
0,35,9,23,4,0
0,36,9,25,4,0
0,37,9,30,4,0
0,38,9,33,4,0
0,39,9,34,4,46
0,40,9,39,4,0
0,41,9,43,4,0
0,42,9,47,4,0
0,43,9,52,4,0
0,44,10,2,4,0
0,45,10,3,4,0
0,46,10,4,4,0
0,47,10,7,4,0
0,48,10,9,4,0
0,49,10,12,4,0
0,50,10,15,4,0
0,51,10,20,4,0
0,52,10,26,4,0
0,53,10,29,4,0
0,54,10,30,4,0
0,55,10,38,4,0
0,56,10,39,4,0
0,57,10,41,4,0
0,58,10,44,4,0
0,59,10,45,4,0
0,60,10,46,4,0
0,61,10,53,4,0
0,62,10,54,4,0
0,63,10,54,4,0
0,64,10,54,4,0
0,65,10,56,4,0
0,66,10,57,4,0
0,67,10,57,4,82
0,68,11,0,4,99
0,69,11,2,4,0
0,70,11,3,4,0
0,71,11,6,4,0
0,72,11,10,4,0
0,73,11,14,4,0
0,74,11,18,4,0
0,75,11,27,4,0
0,76,11,32,4,0
0,77,11,36,4,0
0,78,11,41,4,0
0,79,11,51,4,0
0,80,11,58,4,0
0,81,12,0,4,0
0,82,12,1,4,0
0,83,12,3,4,0
0,84,12,4,4,0
0,85,12,4,4,0
0,86,12,5,4,180
1,87,12,7,4,116
0,88,12,10,4,0
0,89,12,13,4,0
0,90,12,14,4,43
1,91,12,14,4,187
0,92,12,18,4,4
0,93,12,20,4,0
0,94,12,24,4,0
0,95,12,28,4,0
0,96,12,29,4,0
0,97,12,31,4,0
0,98,12,35,4,0
0,99,12,37,4,0
0,100,12,45,4,0
0,101,12,47,4,0
0,102,12,54,4,0
0,103,12,55,4,0
0,104,12,56,4,0
0,105,13,3,4,0
0,106,13,9,4,0
0,107,13,10,4,0
0,108,13,15,4,0
0,109,13,21,4,0
0,110,13,23,4,0
0,111,13,25,4,0
0,112,13,30,4,0
0,113,13,31,4,0
0,114,13,35,4,0
0,115,13,39,4,0
0,116,13,39,4,0
0,117,13,41,4,0
0,118,13,42,4,0
0,119,13,44,4,0
0,120,13,59,4,0
0,121,13,59,4,0
0,122,14,5,4,0
0,123,14,7,4,0
0,124,14,12,4,0
0,125,14,13,4,0
0,126,14,14,4,0
0,127,14,16,4,0
0,128,14,18,4,0
0,129,14,18,4,0
0,130,14,21,4,0
0,131,14,24,4,0
0,132,14,25,4,0
0,133,14,29,4,0
0,134,14,36,4,0
0,135,14,37,4,0
0,136,14,40,4,0
0,137,14,44,4,0
0,138,14,46,4,0
0,139,14,47,4,0
0,140,14,47,4,0
0,141,14,49,4,0
0,142,14,50,4,0
0,143,14,51,4,21
0,144,14,52,4,91
0,145,15,1,4,0
0,146,15,2,4,0
0,147,15,5,4,0
0,148,15,6,4,0
0,149,15,7,4,44
1,150,15,7,4,311
1,151,15,12,4,106
2,152,15,12,4,258
2,153,15,13,4,208
0,154,15,16,4,336
1,155,15,20,4,184
1,156,15,22,4,50
2,157,15,22,4,111
2,158,15,23,4,215
1,159,15,25,4,168
0,160,15,38,4,0
0,161,15,44,4,0
0,162,15,45,4,0
0,163,15,52,4,0
0,164,15,54,4,0
0,165,15,56,4,0
0,166,15,59,4,0
0,167,16,1,4,0
0,168,16,2,4,94
1,169,16,3,4,81
1,170,16,4,4,54
0,171,16,15,4,0
0,172,16,17,4,0
0,173,16,20,4,0
0,174,16,22,4,0
0,175,16,22,4,0
0,176,16,24,4,19
0,177,16,33,4,0
0,178,16,34,4,0
0,179,16,37,4,0
0,180,16,38,4,0
0,181,16,38,4,0
0,182,16,39,4,0
0,183,16,41,4,0
0,184,16,45,4,0
0,185,16,50,4,0
0,186,16,54,4,0
0,187,16,55,4,0
0,188,17,4,4,0
0,189,17,7,4,0
0,190,17,15,4,0
0,191,17,19,4,0
0,192,17,23,4,0
0,193,17,26,4,0
0,194,17,28,4,0
0,195,17,29,4,0
0,196,17,33,4,0
0,197,17,34,4,0
0,198,17,37,4,0
0,199,17,39,4,0
0,200,17,50,4,0
0,202,17,52,4,0
0,203,17,55,4,0
0,1,8,0,0,0
0,2,8,2,0,0
0,3,8,6,0,0
0,4,8,9,0,0
0,5,8,12,0,0
0,6,8,16,0,0
0,7,8,17,0,0
0,8,8,18,0,0
0,9,8,19,0,0
0,10,8,20,0,0
0,11,8,20,0,0
0,12,8,21,0,20
0,13,8,23,0,48
0,14,8,25,0,0
0,15,8,26,0,34
0,16,8,28,0,0
0,17,8,29,0,176
0,18,8,33,0,0
0,19,8,37,0,0
0,20,8,41,0,187
0,21,8,44,0,55
0,22,8,50,0,0
0,23,8,50,0,0
0,24,8,51,0,0
0,25,8,52,0,0
0,26,8,54,0,0
0,27,8,56,0,6
0,28,8,57,0,0
0,29,9,2,0,0
0,30,9,6,0,0
0,31,9,10,0,0
0,32,9,12,0,0
0,33,9,20,0,0
0,34,9,27,0,0
0,35,9,34,0,0
0,36,9,37,0,0
0,37,9,41,0,0
0,38,9,43,0,0
0,39,9,50,0,0
0,40,9,54,0,0
0,41,9,57,0,0
0,42,10,7,0,0
0,43,10,9,0,0
0,44,10,11,0,0
0,45,10,13,0,0
0,46,10,18,0,0
0,47,10,19,0,0
0,48,10,21,0,0
0,49,10,23,0,0
0,50,10,31,0,0
0,51,10,32,0,0
0,52,10,39,0,0
0,53,10,45,0,0
0,54,10,49,0,0
0,55,10,50,0,0
0,56,10,52,0,0
0,57,10,54,0,0
0,58,10,55,0,0
0,59,11,1,0,0
0,60,11,12,0,0
0,61,11,14,0,0
0,62,11,16,0,0
0,63,11,19,0,0
0,64,11,19,0,0
0,65,11,19,0,0
0,66,11,22,0,0
0,67,11,28,0,0
0,68,11,32,0,0
0,69,11,33,0,0
0,70,11,40,0,0
0,71,11,41,0,0
0,72,11,42,0,0
0,73,11,44,0,117
1,74,11,44,0,154
0,75,11,48,0,0
0,76,11,54,0,0
0,77,11,56,0,0
0,78,11,57,0,0
0,79,11,59,0,0
0,80,12,0,0,0
0,81,12,0,0,0
0,82,12,1,0,0
0,83,12,3,0,0
0,84,12,4,0,0
0,85,12,8,0,0
0,86,12,10,0,0
0,87,12,13,0,0
0,88,12,14,0,0
0,89,12,14,0,21
0,90,12,19,0,0
0,91,12,21,0,0
0,92,12,22,0,0
0,93,12,32,0,0
0,94,12,32,0,0
0,95,12,34,0,0
0,96,12,39,0,0
0,97,12,44,0,0
0,98,12,49,0,0
0,99,12,54,0,0
0,100,12,57,0,0
0,101,13,0,0,0
0,102,13,0,0,0
0,103,13,1,0,0
0,104,13,2,0,0
0,105,13,9,0,0
0,106,13,11,0,0
0,107,13,14,0,0
0,108,13,16,0,62
0,109,13,19,0,5
0,110,13,21,0,0
0,111,13,22,0,0
0,112,13,24,0,54
1,113,13,24,0,164
0,114,13,28,0,150
0,115,13,31,0,0
0,116,13,32,0,0
0,117,13,36,0,0
0,118,13,36,0,0
0,119,13,37,0,0
0,120,13,39,0,0
0,121,13,42,0,0
0,122,13,42,0,185
1,123,13,43,0,257
2,124,13,44,0,188
2,125,13,47,0,23
0,126,13,48,0,0
0,127,13,50,0,0
0,128,13,59,0,0
0,129,14,0,0,0
0,130,14,3,0,0
0,131,14,4,0,0
0,132,14,6,0,0
0,133,14,7,0,0
0,134,14,18,0,0
0,135,14,21,0,0
0,136,14,24,0,0
0,137,14,24,0,0
0,138,14,24,0,0
0,139,14,25,0,0
0,140,14,29,0,0
0,141,14,31,0,0
0,142,14,35,0,0
0,143,14,38,0,0
0,144,14,41,0,0
0,145,14,43,0,0
0,146,14,43,0,0
0,147,14,43,0,0
0,148,14,44,0,288
1,149,14,46,0,227
2,150,14,48,0,197
2,151,14,50,0,213
1,152,14,51,0,225
0,153,14,59,0,49
0,154,15,1,0,0
0,155,15,2,0,0
0,156,15,4,0,0
0,157,15,6,0,0
0,158,15,10,0,0
0,159,15,11,0,0
0,160,15,12,0,166
1,161,15,12,0,184
2,162,15,12,0,217
1,163,15,16,0,38
0,164,15,18,0,170
1,165,15,19,0,241
2,166,15,21,0,234
3,167,15,21,0,243
3,168,15,22,0,357
3,169,15,24,0,317
2,170,15,25,0,332
3,171,15,26,0,263
3,172,15,29,0,160
3,173,15,30,0,142
0,174,15,34,0,0
0,175,15,39,0,0
0,176,15,50,0,0
0,177,15,57,0,0
0,178,15,57,0,0
0,179,16,6,0,0
0,180,16,9,0,0
0,181,16,15,0,0
0,182,16,15,0,0
0,183,16,27,0,0
0,184,16,28,0,0
0,185,16,33,0,0
0,186,16,33,0,0
0,187,16,36,0,0
0,188,16,36,0,0
0,189,16,39,0,0
0,190,16,39,0,0
0,191,16,41,0,0
0,192,16,46,0,0
0,193,16,49,0,0
0,194,16,50,0,0
0,195,16,56,0,0
0,196,16,57,0,0
0,197,16,59,0,0
0,198,17,0,0,0
0,199,17,0,0,0
0,200,17,3,0,0
0,201,17,7,0,0
0,202,17,11,0,0
0,203,17,18,0,0
0,204,17,18,0,0
0,205,17,24,0,0
0,206,17,25,0,0
0,207,17,27,0,0
0,208,17,29,0,0
0,209,17,29,0,35
1,210,17,29,0,38
0,211,17,30,0,19
0,212,17,42,0,0
0,213,17,42,0,0
0,214,17,43,0,0
0,215,17,43,0,0
0,216,17,44,0,0
0,217,17,44,0,10
0,218,17,45,0,0
0,219,17,51,0,0
0,1,8,0,1,0
0,2,8,0,1,0
0,3,8,1,1,0
0,4,8,1,1,0
0,5,8,4,1,72
1,6,8,4,1,338
2,7,8,4,1,412
2,8,8,8,1,258
1,9,8,11,1,87
0,10,8,18,1,0
0,11,8,28,1,0
0,12,8,28,1,0
0,13,8,29,1,0
0,14,8,29,1,0
0,15,8,29,1,11
1,16,8,29,1,80
0,17,8,39,1,0
0,18,8,41,1,0
0,19,8,41,1,0
0,20,8,43,1,0
0,21,8,46,1,0
0,22,8,47,1,0
0,23,8,48,1,0
0,24,8,51,1,0
0,25,8,51,1,0
0,26,8,54,1,0
0,27,8,56,1,0
0,28,9,1,1,0
0,29,9,1,1,0
0,30,9,1,1,0
0,31,9,2,1,0
0,32,9,10,1,0
0,33,9,13,1,0
0,34,9,19,1,0
0,35,9,19,1,0
0,36,9,20,1,0
0,37,9,20,1,0
0,38,9,26,1,0
0,39,9,31,1,0
0,40,9,34,1,0
0,41,9,35,1,0
0,42,9,36,1,0
0,43,9,37,1,0
0,44,9,37,1,12
0,45,9,38,1,56
0,46,9,42,1,0
0,47,9,46,1,0
0,48,9,48,1,0
0,49,9,48,1,0
0,50,9,58,1,0
0,51,10,0,1,0
0,52,10,1,1,0
0,53,10,6,1,0
0,54,10,7,1,0
0,55,10,8,1,0
0,56,10,11,1,0
0,57,10,12,1,0
0,58,10,15,1,0
0,59,10,19,1,0
0,60,10,21,1,0
0,61,10,25,1,0
0,62,10,33,1,0
0,63,10,37,1,0
0,64,10,38,1,0
0,65,10,44,1,0
0,66,10,46,1,0
0,67,10,48,1,0
0,68,10,49,1,0
0,69,10,57,1,0
0,70,10,57,1,0
0,71,10,58,1,0
0,72,11,0,1,0
0,73,11,1,1,0
0,74,11,5,1,0
0,75,11,7,1,0
0,76,11,12,1,0
0,77,11,14,1,0
0,78,11,25,1,0
0,79,11,31,1,0
0,80,11,32,1,0
0,81,11,34,1,0
0,82,11,36,1,0
0,83,11,38,1,0
0,84,11,39,1,0
0,85,11,44,1,0
0,86,11,46,1,0
0,87,11,49,1,0
0,88,11,49,1,0
0,89,11,50,1,0
0,90,11,56,1,0
0,91,11,57,1,0
0,92,11,58,1,0
0,93,11,59,1,0
0,94,12,4,1,0
0,95,12,10,1,0
0,96,12,14,1,0
0,97,12,15,1,0
0,98,12,18,1,0
0,99,12,26,1,0
0,100,12,27,1,0
0,101,12,31,1,0
0,102,12,33,1,0
0,103,12,37,1,0
0,104,12,39,1,0
0,105,12,40,1,0
0,106,12,41,1,0
0,107,12,42,1,0
0,108,12,42,1,0
0,109,12,43,1,0
0,110,12,44,1,0
0,111,12,47,1,0
0,112,12,59,1,0
0,113,13,0,1,0
0,114,13,0,1,0
0,115,13,4,1,0
0,116,13,4,1,0
0,117,13,10,1,0
0,118,13,11,1,198
1,119,13,12,1,446
2,120,13,14,1,385
2,121,13,16,1,342
3,122,13,18,1,340
4,123,13,19,1,291
4,124,13,19,1,638
5,125,13,20,1,640
5,126,13,21,1,657
3,127,13,24,1,494
4,128,13,24,1,489
5,129,13,24,1,631
4,130,13,31,1,230
0,131,13,37,1,0
0,132,13,38,1,101
0,133,13,43,1,0
0,134,13,46,1,0
0,135,13,46,1,0
0,136,13,47,1,0
0,137,13,50,1,0
0,138,13,58,1,0
0,139,13,59,1,0
0,140,14,1,1,0
0,141,14,6,1,0
0,142,14,13,1,0
0,143,14,14,1,0
0,144,14,24,1,0
0,145,14,25,1,0
0,146,14,31,1,0
0,147,14,34,1,0
0,148,14,34,1,189
1,149,14,34,1,273
1,150,14,39,1,66
0,151,14,40,1,6
0,152,14,40,1,22
0,153,14,42,1,0
0,154,14,45,1,0
0,155,14,45,1,0
0,156,14,46,1,0
0,157,14,46,1,59
1,158,14,46,1,121
0,159,14,49,1,0
0,160,14,51,1,0
0,161,14,54,1,0
0,162,14,54,1,0
0,163,14,56,1,0
0,164,14,57,1,0
0,165,14,57,1,0
0,166,15,6,1,0
0,167,15,11,1,0
0,168,15,14,1,0
0,169,15,16,1,0
0,170,15,30,1,0
0,171,15,30,1,0
0,172,15,34,1,0
0,173,15,39,1,0
0,174,15,40,1,0
0,175,15,43,1,0
0,176,15,46,1,0
0,177,15,53,1,0
0,178,15,53,1,0
0,179,15,53,1,0
0,180,16,1,1,0
0,181,16,4,1,0
0,182,16,7,1,0
0,183,16,9,1,0
0,184,16,11,1,0
0,185,16,12,1,0
0,186,16,16,1,0
0,187,16,17,1,0
0,188,16,24,1,0
0,189,16,26,1,0
0,190,16,27,1,0
0,191,16,29,1,0
0,192,16,36,1,0
0,193,16,36,1,0
0,194,16,38,1,0
0,195,16,39,1,0
0,196,16,44,1,0
0,197,16,44,1,0
0,198,16,50,1,0
0,199,16,53,1,0
0,200,16,53,1,0
0,201,17,5,1,0
0,202,17,6,1,0
0,203,17,9,1,0
0,204,17,17,1,0
0,205,17,21,1,0
0,206,17,22,1,0
0,207,17,24,1,0
0,208,17,25,1,0
0,209,17,26,1,0
0,210,17,38,1,0
0,211,17,40,1,0
0,212,17,42,1,0
0,213,17,42,1,0
0,214,17,44,1,0
0,215,17,49,1,0
0,217,17,56,1,0
0,219,17,58,1,0
0,1,8,0,2,0
0,2,8,2,2,0
0,3,8,8,2,0
0,4,8,9,2,0
0,5,8,13,2,0
0,6,8,14,2,0
0,7,8,15,2,159
1,8,8,16,2,65
0,9,8,19,2,0
0,10,8,21,2,120
1,11,8,22,2,162
1,12,8,23,2,201
2,13,8,24,2,178
0,14,8,29,2,0
0,15,8,30,2,0
0,16,8,31,2,10
0,17,8,35,2,0
0,18,8,38,2,0
0,19,8,38,2,0
0,20,8,50,2,0
0,21,8,50,2,0
0,22,8,50,2,0
0,23,9,1,2,0
0,24,9,3,2,0
0,25,9,10,2,0
0,26,9,14,2,0
0,27,9,15,2,0
0,28,9,21,2,0
0,29,9,28,2,0
0,30,9,33,2,0
0,31,9,33,2,0
0,32,9,42,2,0
0,33,9,45,2,0
0,34,9,45,2,0
0,35,9,51,2,0
0,36,9,58,2,0
0,37,10,0,2,0
0,38,10,3,2,0
0,39,10,10,2,0
0,40,10,10,2,0
0,41,10,21,2,0
0,42,10,21,2,0
0,43,10,29,2,0
0,44,10,31,2,0
0,45,10,42,2,0
0,46,10,48,2,0
0,47,10,53,2,0
0,48,10,59,2,0
0,49,11,0,2,0
0,50,11,4,2,0
0,51,11,4,2,0
0,52,11,15,2,0
0,53,11,16,2,0
0,54,11,19,2,0
0,55,11,19,2,0
0,56,11,23,2,0
0,57,11,27,2,0
0,58,11,32,2,0
0,59,11,33,2,0
0,60,11,40,2,0
0,61,11,41,2,0
0,62,11,42,2,0
0,63,11,46,2,0
0,64,11,50,2,0
0,65,11,50,2,0
0,66,11,52,2,0
0,67,11,52,2,0
0,68,11,56,2,0
0,69,12,0,2,0
0,70,12,7,2,0
0,71,12,13,2,0
0,72,12,16,2,0
0,73,12,23,2,0
0,74,12,24,2,0
0,75,12,26,2,0
0,76,12,27,2,0
0,77,12,30,2,0
0,78,12,37,2,0
0,79,12,37,2,0
0,80,12,41,2,0
0,81,12,43,2,0
0,82,12,45,2,0
0,83,12,46,2,0
0,84,12,53,2,0
0,85,12,53,2,0
0,86,13,6,2,0
0,87,13,11,2,0
0,88,13,15,2,0
0,89,13,19,2,0
0,90,13,20,2,0
0,91,13,20,2,0
0,92,13,24,2,0
0,93,13,24,2,0
0,94,13,26,2,0
0,95,13,33,2,0
0,96,13,35,2,0
0,97,13,36,2,0
0,98,13,38,2,0
0,99,13,39,2,0
0,100,13,49,2,0
0,101,13,51,2,0
0,102,13,54,2,0
0,103,13,59,2,0
0,104,14,0,2,0
0,105,14,0,2,0
0,106,14,3,2,0
0,107,14,6,2,0
0,108,14,12,2,0
0,109,14,13,2,0
0,110,14,14,2,0
0,111,14,16,2,0
0,112,14,17,2,0
0,113,14,18,2,0
0,114,14,18,2,22
0,115,14,22,2,0
0,116,14,24,2,0
0,117,14,28,2,0
0,118,14,32,2,0
0,119,14,38,2,0
0,120,14,41,2,0
0,121,14,45,2,0
0,122,14,46,2,0
0,123,14,46,2,0
0,124,14,47,2,0
0,125,14,52,2,0
0,126,14,53,2,0
0,127,14,53,2,0
0,128,15,1,2,0
0,129,15,3,2,0
0,130,15,3,2,0
0,131,15,4,2,0
0,132,15,5,2,0
0,133,15,9,2,0
0,134,15,10,2,0
0,135,15,10,2,0
0,136,15,15,2,0
0,137,15,15,2,0
0,138,15,16,2,0
0,139,15,16,2,151
1,140,15,19,2,61
0,141,15,24,2,0
0,142,15,24,2,0
0,143,15,26,2,0
0,144,15,27,2,0
0,145,15,30,2,5
0,146,15,32,2,0
0,147,15,34,2,0
0,148,15,41,2,0
0,149,15,47,2,0
0,150,15,47,2,0
0,151,15,50,2,0
0,152,16,5,2,0
0,153,16,7,2,0
0,154,16,8,2,0
0,155,16,11,2,0
0,156,16,13,2,0
0,157,16,13,2,0
0,158,16,14,2,0
0,159,16,20,2,0
0,160,16,23,2,0
0,161,16,24,2,0
0,162,16,25,2,0
0,163,16,25,2,0
0,164,16,27,2,0
0,165,16,28,2,0
0,166,16,30,2,0
0,167,16,32,2,0
0,168,16,35,2,0
0,169,16,38,2,0
0,170,16,39,2,0
0,171,16,42,2,0
0,172,16,48,2,0
0,173,16,49,2,0
0,174,16,52,2,0
0,175,16,53,2,0
0,176,16,54,2,54
0,177,16,55,2,4
0,178,16,57,2,0
0,179,17,0,2,0
0,180,17,3,2,0
0,181,17,6,2,0
0,182,17,8,2,0
0,183,17,10,2,0
0,184,17,11,2,0
0,185,17,16,2,0
0,186,17,16,2,0
0,187,17,17,2,0
0,188,17,17,2,0
0,189,17,17,2,20
0,190,17,23,2,0
0,191,17,23,2,0
0,192,17,26,2,0
0,193,17,29,2,0
0,194,17,31,2,0
0,195,17,35,2,0
0,196,17,35,2,0
0,197,17,37,2,0
0,199,17,53,2,0
0,200,17,54,2,0
0,201,17,55,2,0
0,202,17,57,2,0
0,1,8,0,3,0
0,2,8,5,3,0
0,3,8,8,3,0
0,4,8,9,3,0
0,5,8,14,3,0
0,6,8,17,3,0
0,7,8,17,3,0
0,8,8,18,3,0
0,9,8,20,3,0
0,10,8,20,3,0
0,11,8,21,3,0
0,12,8,21,3,0
0,13,8,21,3,0
0,14,8,22,3,6
0,15,8,22,3,0
0,16,8,23,3,35
0,17,8,27,3,0
0,18,8,35,3,0
0,19,8,36,3,0
0,20,8,39,3,0
0,21,8,40,3,0
0,22,8,42,3,0
0,23,8,45,3,0
0,24,8,50,3,0
0,25,8,53,3,0
0,26,8,53,3,93
1,27,8,54,3,120
1,28,8,55,3,119
0,29,8,58,3,0
0,30,9,10,3,0
0,31,9,11,3,0
0,32,9,14,3,0
0,33,9,15,3,0
0,34,9,15,3,0
0,35,9,19,3,0
0,36,9,23,3,0
0,37,9,35,3,0
0,38,9,39,3,0
0,39,9,49,3,0
0,40,9,51,3,0
0,41,9,52,3,0
0,42,9,53,3,0
0,43,10,0,3,0
0,44,10,9,3,0
0,45,10,9,3,0
0,46,10,17,3,0
0,47,10,19,3,0
0,48,10,20,3,0
0,49,10,23,3,0
0,50,10,23,3,0
0,51,10,25,3,0
0,52,10,43,3,0
0,53,10,44,3,0
0,54,10,49,3,0
0,55,10,50,3,0
0,56,10,50,3,0
0,57,10,51,3,13
0,58,10,51,3,29
0,59,10,52,3,110
1,60,10,53,3,60
0,61,10,55,3,20
0,62,10,57,3,43
0,63,10,58,3,9
0,64,11,1,3,0
0,65,11,3,3,0
0,66,11,5,3,0
0,67,11,13,3,0
0,68,11,18,3,0
0,69,11,18,3,0
0,70,11,20,3,0
0,71,11,21,3,0
0,72,11,27,3,0
0,73,11,31,3,0
0,74,11,32,3,0
0,75,11,34,3,0
0,76,11,34,3,0
0,77,11,38,3,0
0,78,11,48,3,0
0,79,11,50,3,0
0,80,11,50,3,0
0,81,11,51,3,0
0,82,11,55,3,110
1,83,11,56,3,94
0,84,11,59,3,0
0,85,11,59,3,3
0,86,11,59,3,95
0,87,12,12,3,0
0,88,12,12,3,0
0,89,12,12,3,0
0,90,12,13,3,74
0,91,12,14,3,134
0,92,12,18,3,0
0,93,12,19,3,0
0,94,12,19,3,0
0,95,12,29,3,0
0,96,12,31,3,0
0,97,12,32,3,0
0,98,12,32,3,0
0,99,12,39,3,0
0,100,12,45,3,0
0,101,12,46,3,0
0,102,12,46,3,0
0,103,12,48,3,0
0,104,12,51,3,0
0,105,12,52,3,0
0,106,12,59,3,0
0,107,13,0,3,0
0,108,13,0,3,0
0,109,13,5,3,0
0,110,13,6,3,0
0,111,13,6,3,0
0,112,13,8,3,0
0,113,13,10,3,136
0,114,13,14,3,0
0,115,13,17,3,0
0,116,13,17,3,24
0,117,13,21,3,0
0,118,13,21,3,28
0,119,13,23,3,0
0,120,13,24,3,0
0,121,13,27,3,0
0,122,13,29,3,0
0,123,13,34,3,0
0,124,13,38,3,0
0,125,13,41,3,0
0,126,13,46,3,0
0,127,13,49,3,0
0,128,13,50,3,0
0,129,13,50,3,0
0,130,13,53,3,0
0,131,13,55,3,0
0,132,13,57,3,0
0,133,14,1,3,0
0,134,14,9,3,0
0,135,14,12,3,0
0,136,14,15,3,0
0,137,14,18,3,0
0,138,14,19,3,0
0,139,14,20,3,0
0,140,14,23,3,59
0,141,14,28,3,11
0,142,14,28,3,32
1,143,14,28,3,172
0,144,14,37,3,0
0,145,14,37,3,0
0,146,14,38,3,73
0,147,14,42,3,45
0,148,14,43,3,0
0,149,14,47,3,0
0,150,14,47,3,0
0,151,14,54,3,0
0,152,14,59,3,0
0,153,15,2,3,0
0,154,15,5,3,0
0,155,15,6,3,0
0,156,15,8,3,0
0,157,15,9,3,0
0,158,15,12,3,0
0,159,15,13,3,0
0,160,15,16,3,0
0,161,15,17,3,0
0,162,15,19,3,0
0,163,15,23,3,21
0,164,15,25,3,0
0,165,15,31,3,0
0,166,15,34,3,0
0,167,15,34,3,0
0,168,15,34,3,0
0,169,15,35,3,32
0,170,15,38,3,5
0,171,15,41,3,0
0,172,15,43,3,0
0,173,15,45,3,0
0,174,15,46,3,0
0,175,15,47,3,0
0,176,15,48,3,0
0,177,15,52,3,0
0,178,15,59,3,0
0,179,16,3,3,0
0,180,16,6,3,0
0,181,16,12,3,0
0,182,16,21,3,0
0,183,16,21,3,0
0,184,16,21,3,0
0,185,16,28,3,0
0,186,16,32,3,0
0,187,16,33,3,0
0,188,16,36,3,0
0,189,16,37,3,0
0,190,16,43,3,0
0,191,16,46,3,0
0,192,16,46,3,0
0,193,16,48,3,0
0,194,16,56,3,0
0,195,16,58,3,0
0,196,16,59,3,0
0,197,17,4,3,0
0,198,17,9,3,0
0,199,17,10,3,0
0,200,17,11,3,0
0,201,17,13,3,0
0,202,17,15,3,0
0,203,17,20,3,0
0,204,17,23,3,0
0,205,17,23,3,0
0,206,17,28,3,0
0,207,17,34,3,0
0,208,17,34,3,0
0,209,17,37,3,0
0,210,17,43,3,0
0,211,17,43,3,0
0,212,17,53,3,0
0,1,8,0,4,0
0,2,8,6,4,0
0,3,8,7,4,0
0,4,8,11,4,0
0,5,8,11,4,0
0,6,8,12,4,20
0,7,8,15,4,0
0,8,8,15,4,0
0,9,8,18,4,0
0,10,8,19,4,0
0,11,8,23,4,0
0,12,8,25,4,0
0,13,8,28,4,0
0,14,8,30,4,46
0,15,8,40,4,0
0,16,8,43,4,0
0,17,8,44,4,0
0,18,8,50,4,0
0,19,8,50,4,0
0,20,8,53,4,0
0,21,8,54,4,36
0,22,8,56,4,3
0,23,9,7,4,0
0,24,9,7,4,0
0,25,9,9,4,0
0,26,9,11,4,0
0,27,9,11,4,0
0,28,9,14,4,100
0,29,9,17,4,0
0,30,9,18,4,0
0,31,9,19,4,55
0,32,9,20,4,190
1,33,9,22,4,198
1,34,9,25,4,40
0,35,9,28,4,0
0,36,9,32,4,0
0,37,9,34,4,0
0,38,9,47,4,0
0,39,9,51,4,0
0,40,9,52,4,0
0,41,9,55,4,0
0,42,9,59,4,0
0,43,10,4,4,0
0,44,10,7,4,0
0,45,10,13,4,0
0,46,10,15,4,0
0,47,10,18,4,0
0,48,10,21,4,0
0,49,10,24,4,0
0,50,10,28,4,0
0,51,10,34,4,0
0,52,10,41,4,0
0,53,10,41,4,0
0,54,10,43,4,0
0,55,10,44,4,0
0,56,10,53,4,0
0,57,10,58,4,0
0,58,10,59,4,0
0,59,10,59,4,0
0,60,11,1,4,0
0,61,11,4,4,0
0,62,11,4,4,0
0,63,11,5,4,0
0,64,11,6,4,55
0,65,11,7,4,68
0,66,11,9,4,28
0,67,11,17,4,0
0,68,11,18,4,0
0,69,11,20,4,0
0,70,11,20,4,0
0,71,11,27,4,0
0,72,11,29,4,0
0,73,11,30,4,0
0,74,11,31,4,0
0,75,11,37,4,0
0,76,11,43,4,0
0,77,11,46,4,0
0,78,11,50,4,0
0,79,12,2,4,0
0,80,12,11,4,0
0,81,12,18,4,0
0,82,12,18,4,0
0,83,12,26,4,0
0,84,12,36,4,0
0,85,12,38,4,0
0,86,12,41,4,0
0,87,12,42,4,0
0,88,12,42,4,0
0,89,12,49,4,0
0,90,12,50,4,0
0,91,12,53,4,0
0,92,12,54,4,0
0,93,13,2,4,0
0,94,13,6,4,0
0,95,13,7,4,0
0,96,13,10,4,0
0,97,13,12,4,0
0,98,13,15,4,0
0,99,13,22,4,0
0,100,13,24,4,0
0,101,13,27,4,0
0,102,13,28,4,0
0,103,13,29,4,0
0,104,13,31,4,0
0,105,13,31,4,0
0,106,13,35,4,0
0,107,13,36,4,0
0,108,13,38,4,0
0,109,13,38,4,0
0,110,13,39,4,180
0,111,13,45,4,117
0,112,13,55,4,0
0,113,13,55,4,0
0,114,13,55,4,0
0,115,13,57,4,0
0,116,14,5,4,0
0,117,14,12,4,0
0,118,14,28,4,0
0,119,14,34,4,0
0,120,14,36,4,0
0,121,14,38,4,0
0,122,14,38,4,0
0,123,14,40,4,0
0,124,14,43,4,0
0,125,14,50,4,0
0,126,14,51,4,0
0,127,14,52,4,0
0,128,14,54,4,0
0,129,14,55,4,0
0,130,14,55,4,0
0,131,14,58,4,0
0,132,15,0,4,0
0,133,15,10,4,0
0,134,15,11,4,0
0,135,15,12,4,0
0,136,15,15,4,0
0,137,15,15,4,0
0,138,15,17,4,0
0,139,15,21,4,0
0,140,15,24,4,0
0,141,15,24,4,0
0,142,15,26,4,0
0,143,15,30,4,0
0,144,15,32,4,0
0,145,15,32,4,0
0,146,15,33,4,0
0,147,15,33,4,0
0,148,15,38,4,0
0,149,15,42,4,0
0,150,15,45,4,0
0,151,15,48,4,0
0,152,15,51,4,0
0,153,15,51,4,84
1,154,15,52,4,128
0,155,15,55,4,0
0,156,15,57,4,49
1,157,15,57,4,88
1,158,15,58,4,190
0,159,16,2,4,162
1,160,16,2,4,276
1,161,16,6,4,73
0,162,16,7,4,39
0,163,16,9,4,0
0,164,16,13,4,0
0,165,16,15,4,0
0,166,16,17,4,0
0,167,16,17,4,2
0,168,16,22,4,0
0,169,16,23,4,0
0,170,16,29,4,0
0,171,16,30,4,0
0,172,16,30,4,0
0,173,16,31,4,64
0,174,16,36,4,0
0,175,16,37,4,0
0,176,16,38,4,0
0,177,16,42,4,0
0,178,16,46,4,0
0,179,16,49,4,0
0,180,16,55,4,0
0,181,16,59,4,0
0,182,17,5,4,0
0,183,17,7,4,0
0,184,17,10,4,0
0,185,17,11,4,0
0,186,17,19,4,0
0,187,17,24,4,0
0,188,17,26,4,0
0,189,17,30,4,0
0,190,17,33,4,0
0,191,17,34,4,0
0,192,17,35,4,0
0,193,17,43,4,0
0,194,17,51,4,0
0,195,17,51,4,0
0,196,17,53,4,0
0,197,17,53,4,0
0,1,8,0,0,0
0,2,8,0,0,0
0,3,8,4,0,0
0,4,8,7,0,0
0,5,8,7,0,0
0,6,8,10,0,0
0,7,8,13,0,0
0,8,8,14,0,0
0,9,8,16,0,0
0,10,8,17,0,0
0,11,8,23,0,0
0,12,8,25,0,0
0,13,8,26,0,0
0,14,8,29,0,0
0,15,8,30,0,0
0,16,8,32,0,0
0,17,8,33,0,1
0,18,8,40,0,0
0,19,8,43,0,0
0,20,8,44,0,0
0,21,8,46,0,0
0,22,8,52,0,0
0,23,8,54,0,0
0,24,8,55,0,0
0,25,9,2,0,0
0,26,9,4,0,0
0,27,9,7,0,0
0,28,9,11,0,0
0,29,9,13,0,0
0,30,9,17,0,0
0,31,9,17,0,0
0,32,9,18,0,0
0,33,9,18,0,37
0,34,9,24,0,0
0,35,9,28,0,0
0,36,9,31,0,0
0,37,9,31,0,0
0,38,9,36,0,0
0,39,9,37,0,0
0,40,9,41,0,0
0,41,9,44,0,0
0,42,9,45,0,0
0,43,9,47,0,0
0,44,9,47,0,0
0,45,9,53,0,0
0,46,9,54,0,0
0,47,9,56,0,0
0,48,10,2,0,0
0,49,10,11,0,0
0,50,10,13,0,0
0,51,10,16,0,0
0,52,10,17,0,0
0,53,10,22,0,0
0,54,10,31,0,0
0,55,10,31,0,0
0,56,10,32,0,0
0,57,10,32,0,0
0,58,10,34,0,0
0,59,10,35,0,50
1,60,10,36,0,5
0,61,10,38,0,0
0,62,10,40,0,0
0,63,10,40,0,0
0,64,10,44,0,0
0,65,10,46,0,0
0,66,11,2,0,0
0,67,11,5,0,0
0,68,11,7,0,0
0,69,11,8,0,0
0,70,11,10,0,0
0,71,11,12,0,0
0,72,11,20,0,0
0,73,11,25,0,0
0,74,11,29,0,0
0,75,11,41,0,0
0,76,11,42,0,0
0,77,11,43,0,0
0,78,11,44,0,0
0,79,11,46,0,0
0,80,11,47,0,0
0,81,11,49,0,0
0,82,11,51,0,0
0,83,11,51,0,0
0,84,11,51,0,2
0,85,11,59,0,0
0,86,12,1,0,0
0,87,12,3,0,0
0,88,12,4,0,0
0,89,12,5,0,0
0,90,12,14,0,0
0,91,12,29,0,0
0,92,12,34,0,0
0,93,12,40,0,0
0,94,12,40,0,0
0,95,12,42,0,0
0,96,12,43,0,0
0,97,12,47,0,0
0,98,12,49,0,0
0,99,12,57,0,0
0,100,13,0,0,0
0,101,13,1,0,0
0,102,13,1,0,0
0,103,13,2,0,88
1,104,13,3,0,159
0,105,13,13,0,0
0,106,13,15,0,0
0,107,13,15,0,0
0,108,13,20,0,0
0,109,13,22,0,0
0,110,13,27,0,0
0,111,13,28,0,0
0,112,13,35,0,0
0,113,13,36,0,0
0,114,13,42,0,0
0,115,13,44,0,0
0,116,13,50,0,0
0,117,13,51,0,0
0,118,13,52,0,0
0,119,13,54,0,0
0,120,13,57,0,0
0,121,14,2,0,0
0,122,14,3,0,0
0,123,14,10,0,0
0,124,14,13,0,0
0,125,14,14,0,0
0,126,14,15,0,0
0,127,14,31,0,0
0,128,14,33,0,0
0,129,14,43,0,0
0,130,14,44,0,0
0,131,14,49,0,0
0,132,14,54,0,0
0,133,14,55,0,0
0,134,14,58,0,0
0,135,14,59,0,0
0,136,14,59,0,9
0,137,14,59,0,0
0,138,15,0,0,11
1,139,15,0,0,47
0,140,15,16,0,0
0,141,15,16,0,0
0,142,15,20,0,0
0,143,15,29,0,0
0,144,15,31,0,0
0,145,15,33,0,0
0,146,15,34,0,0
0,147,15,47,0,0
0,148,15,58,0,0
0,149,15,59,0,0
0,150,16,2,0,0
0,151,16,4,0,0
0,152,16,6,0,0
0,153,16,7,0,0
0,154,16,10,0,0
0,155,16,15,0,0
0,156,16,16,0,0
0,157,16,30,0,0
0,158,16,30,0,0
0,159,16,34,0,0
0,160,16,34,0,0
0,161,16,37,0,0
0,162,16,42,0,0
0,163,16,42,0,0
0,164,16,47,0,0
0,165,16,50,0,0
0,166,16,55,0,0
0,167,16,56,0,0
0,168,16,57,0,0
0,169,17,2,0,0
0,170,17,7,0,0
0,171,17,11,0,0
0,172,17,18,0,0
0,173,17,23,0,0
0,174,17,26,0,0
0,175,17,32,0,0
0,176,17,33,0,0
0,177,17,34,0,0
0,178,17,36,0,0
0,179,17,37,0,0
0,180,17,37,0,0
0,181,17,39,0,0
0,182,17,41,0,0
0,183,17,42,0,0
0,184,17,43,0,0
0,185,17,44,0,0
0,186,17,44,0,131
0,187,17,48,0,0
0,189,17,53,0,4
0,191,17,55,0,66
0,192,17,57,0,0
0,193,17,59,0,0
0,1,8,0,1,0
0,2,8,2,1,0
0,3,8,3,1,0
0,4,8,3,1,0
0,5,8,4,1,0
0,6,8,5,1,0
0,7,8,5,1,40
1,8,8,5,1,210
0,9,8,12,1,0
0,10,8,14,1,0
0,11,8,15,1,0
0,12,8,16,1,75
0,13,8,19,1,0
0,14,8,25,1,0
0,15,8,27,1,0
0,16,8,27,1,0
0,17,8,29,1,0
0,18,8,31,1,0
0,19,8,33,1,0
0,20,8,34,1,0
0,21,8,39,1,0
0,22,8,46,1,0
0,23,8,49,1,0
0,24,8,50,1,0
0,25,8,57,1,0
0,26,8,57,1,0
0,27,9,2,1,0
0,28,9,2,1,0
0,29,9,3,1,15
1,30,9,3,1,159
0,31,9,6,1,3
0,32,9,8,1,0
0,33,9,9,1,0
0,34,9,10,1,0
0,35,9,22,1,0
0,36,9,23,1,0
0,37,9,24,1,0
0,38,9,27,1,0
0,39,9,27,1,0
0,40,9,27,1,43
0,41,9,29,1,90
1,42,9,29,1,130
0,43,9,33,1,0
0,44,9,38,1,0
0,45,9,40,1,0
0,46,9,49,1,0
0,47,9,50,1,0
0,48,9,52,1,0
0,49,9,53,1,0
0,50,9,57,1,0
0,51,9,57,1,0
0,52,10,6,1,0
0,53,10,6,1,0
0,54,10,10,1,0
0,55,10,11,1,0
0,56,10,13,1,0
0,57,10,19,1,0
0,58,10,32,1,0
0,59,10,36,1,0
0,60,10,38,1,0
0,61,10,43,1,0
0,62,10,45,1,0
0,63,10,46,1,0
0,64,10,49,1,0
0,65,10,52,1,0
0,66,10,53,1,0
0,67,10,55,1,22
0,68,10,56,1,0
0,69,11,2,1,0
0,70,11,7,1,0
0,71,11,9,1,0
0,72,11,16,1,0
0,73,11,19,1,0
0,74,11,20,1,0
0,75,11,20,1,0
0,76,11,29,1,0
0,77,11,29,1,0
0,78,11,29,1,0
0,79,11,32,1,0
0,80,11,34,1,0
0,81,11,39,1,0
0,82,11,40,1,0
0,83,11,41,1,0
0,84,11,47,1,0
0,85,11,47,1,0
0,86,11,50,1,0
0,87,11,56,1,0
0,88,11,57,1,0
0,89,12,1,1,0
0,90,12,5,1,0
0,91,12,8,1,0
0,92,12,8,1,0
0,93,12,8,1,0
0,94,12,10,1,0
0,95,12,12,1,0
0,96,12,13,1,0
0,97,12,15,1,0
0,98,12,21,1,0
0,99,12,22,1,0
0,100,12,24,1,0
0,101,12,26,1,0
0,102,12,31,1,0
0,103,12,36,1,0
0,104,12,38,1,0
0,105,12,39,1,0
0,106,12,40,1,330
1,107,12,41,1,303
2,108,12,45,1,104
0,109,12,49,1,0
0,110,12,51,1,110
1,111,12,52,1,73
0,112,12,53,1,29
0,113,12,54,1,0
0,114,12,56,1,0
0,115,12,57,1,205
1,116,12,58,1,175
2,117,13,0,1,180
0,118,13,7,1,0
0,119,13,12,1,0
0,120,13,17,1,0
0,121,13,19,1,0
0,122,13,21,1,24
0,123,13,21,1,8
0,124,13,21,1,101
1,125,13,23,1,31
0,126,13,26,1,0
0,127,13,31,1,0
0,128,13,32,1,0
0,129,13,37,1,0
0,130,13,38,1,0
0,131,13,44,1,0
0,132,13,46,1,0
0,133,13,47,1,0
0,134,13,47,1,0
0,135,13,47,1,1
0,136,13,49,1,0
0,137,13,50,1,0
0,138,13,53,1,0
0,139,14,3,1,0
0,140,14,5,1,0
0,141,14,6,1,0
0,142,14,11,1,0
0,143,14,12,1,0
0,144,14,12,1,129
0,145,14,16,1,0
0,146,14,18,1,0
0,147,14,21,1,0
0,148,14,25,1,0
0,149,14,28,1,0
0,150,14,29,1,0
0,151,14,33,1,0
0,152,14,33,1,0
0,153,14,37,1,0
0,154,14,37,1,0
0,155,14,38,1,0
0,156,14,39,1,0
0,157,14,43,1,0
0,158,14,46,1,0
0,159,14,49,1,0
0,160,14,50,1,0
0,161,14,57,1,0
0,162,14,58,1,0
0,163,15,3,1,0
0,164,15,6,1,0
0,165,15,12,1,0
0,166,15,16,1,0
0,167,15,17,1,0
0,168,15,18,1,0
0,169,15,18,1,0
0,170,15,22,1,0
0,171,15,29,1,0
0,172,15,31,1,0
0,173,15,32,1,0
0,174,15,33,1,0
0,175,15,34,1,0
0,176,15,35,1,330
1,177,15,39,1,101
2,178,15,39,1,106
0,179,15,43,1,55
0,180,15,45,1,0
0,181,15,47,1,0
0,182,15,48,1,0
0,183,15,49,1,0
0,184,15,50,1,0
0,185,15,53,1,0
0,186,15,55,1,0
0,187,15,58,1,0
0,188,15,58,1,0
0,189,15,59,1,0
0,190,15,59,1,277
1,191,15,59,1,310
2,192,15,59,1,339
3,193,16,1,1,282
4,194,16,1,1,379
1,195,16,6,1,214
2,196,16,6,1,238
2,197,16,8,1,175
3,198,16,9,1,157
2,199,16,10,1,94
3,200,16,10,1,258
1,201,16,12,1,308
2,202,16,12,1,329
2,203,16,12,1,361
0,204,16,19,1,13
0,205,16,27,1,0
0,206,16,30,1,0
0,207,16,46,1,0
0,208,16,47,1,0
0,209,16,48,1,0
0,210,16,48,1,0
0,211,16,52,1,0
0,212,16,53,1,0
0,213,16,57,1,0
0,214,16,58,1,0
0,215,17,9,1,0
0,216,17,15,1,0
0,217,17,16,1,0
0,218,17,19,1,0
0,219,17,34,1,0
0,220,17,34,1,0
0,221,17,37,1,0
0,222,17,53,1,0
0,223,17,54,1,0
0,225,17,58,1,0
0,1,8,0,2,0
0,2,8,7,2,0
0,3,8,7,2,0
0,4,8,9,2,0
0,5,8,15,2,0
0,6,8,16,2,0
0,7,8,16,2,0
0,8,8,20,2,0
0,9,8,22,2,0
0,10,8,26,2,0
0,11,8,27,2,0
0,12,8,28,2,0
0,13,8,33,2,0
0,14,8,33,2,0
0,15,8,34,2,0
0,16,8,38,2,0
0,17,8,39,2,0
0,18,8,42,2,0
0,19,8,42,2,0
0,20,8,44,2,0
0,21,8,48,2,0
0,22,8,53,2,0
0,23,8,54,2,0
0,24,8,54,2,63
0,25,8,57,2,78
0,26,9,1,2,0
0,27,9,2,2,0
0,28,9,6,2,0
0,29,9,7,2,0
0,30,9,8,2,0
0,31,9,11,2,0
0,32,9,12,2,0
0,33,9,18,2,0
0,34,9,19,2,0
0,35,9,27,2,0
0,36,9,27,2,0
0,37,9,29,2,0
0,38,9,30,2,0
0,39,9,34,2,0
0,40,9,41,2,0
0,41,9,47,2,0
0,42,9,47,2,0
0,43,9,49,2,0
0,44,9,52,2,0
0,45,9,54,2,0
0,46,9,57,2,0
0,47,10,6,2,0
0,48,10,8,2,0
0,49,10,12,2,0
0,50,10,14,2,0
0,51,10,21,2,0
0,52,10,22,2,0
0,53,10,22,2,0
0,54,10,25,2,0
0,55,10,26,2,0
0,56,10,27,2,0
0,57,10,30,2,0
0,58,10,35,2,0
0,59,10,35,2,0
0,60,10,37,2,0
0,61,10,41,2,0
0,62,10,44,2,0
0,63,10,45,2,0
0,64,10,47,2,0
0,65,10,49,2,0
0,66,10,53,2,0
0,67,10,59,2,0
0,68,10,59,2,0
0,69,11,0,2,0
0,70,11,2,2,0
0,71,11,4,2,0
0,72,11,5,2,87
0,73,11,12,2,0
0,74,11,14,2,0
0,75,11,16,2,0
0,76,11,18,2,0
0,77,11,22,2,0
0,78,11,31,2,0
0,79,11,32,2,0
0,80,11,32,2,0
0,81,11,33,2,0
0,82,11,34,2,0
0,83,11,36,2,0
0,84,11,36,2,192
0,85,11,42,2,0
0,86,11,48,2,0
0,87,11,53,2,0
0,88,11,56,2,0
0,89,11,58,2,0
0,90,11,58,2,0
0,91,11,58,2,15
1,92,11,58,2,120
1,93,11,59,2,115
0,94,12,5,2,0
0,95,12,9,2,0
0,96,12,11,2,0
0,97,12,14,2,0
0,98,12,20,2,0
0,99,12,20,2,0
0,100,12,23,2,0
0,101,12,25,2,0
0,102,12,26,2,116
1,103,12,26,2,112
0,104,12,29,2,0
0,105,12,29,2,0
0,106,12,31,2,0
0,107,12,38,2,0
0,108,12,38,2,0
0,109,12,40,2,0
0,110,12,40,2,0
0,111,12,41,2,47
0,112,12,43,2,89
1,113,12,43,2,134
2,114,12,44,2,128
1,115,12,45,2,83
0,116,12,47,2,58
0,117,12,50,2,0
0,118,12,54,2,0
0,119,12,54,2,0
0,120,12,57,2,0
0,121,13,0,2,0
0,122,13,3,2,0
0,123,13,11,2,0
0,124,13,13,2,0
0,125,13,17,2,0
0,126,13,19,2,0
0,127,13,20,2,0
0,128,13,21,2,96
0,129,13,36,2,0
0,130,13,41,2,0
0,131,13,43,2,0
0,132,13,48,2,0
0,133,13,50,2,0
0,134,13,51,2,0
0,135,13,55,2,0
0,136,13,57,2,0
0,137,14,0,2,0
0,138,14,6,2,0
0,139,14,6,2,0
0,140,14,7,2,0
0,141,14,15,2,0
0,142,14,15,2,0
0,143,14,15,2,44
0,144,14,19,2,0
0,145,14,23,2,0
0,146,14,29,2,0
0,147,14,31,2,0
0,148,14,39,2,0
0,149,14,40,2,0
0,150,14,43,2,0
0,151,14,47,2,0
0,152,14,47,2,0
0,153,14,48,2,0
0,154,14,49,2,0
0,155,14,49,2,28
0,156,14,53,2,0
0,157,14,55,2,0
0,158,14,55,2,0
0,159,15,0,2,0
0,160,15,6,2,0
0,161,15,6,2,0
0,162,15,7,2,0
0,163,15,11,2,0
0,164,15,13,2,0
0,165,15,18,2,0
0,166,15,20,2,0
0,167,15,22,2,0
0,168,15,23,2,0
0,169,15,23,2,0
0,170,15,27,2,0
0,171,15,34,2,0
0,172,15,37,2,0
0,173,15,41,2,0
0,174,15,41,2,0
0,175,15,43,2,0
0,176,15,46,2,0
0,177,15,46,2,16
0,178,15,50,2,0
0,179,15,50,2,0
0,180,15,51,2,0
0,181,15,51,2,6
0,182,15,52,2,94
0,183,15,56,2,0
0,184,16,9,2,0
0,185,16,10,2,0
0,186,16,13,2,0
0,187,16,14,2,0
0,188,16,18,2,0
0,189,16,24,2,0
0,190,16,28,2,0
0,191,16,34,2,0
0,192,16,35,2,0
0,193,16,36,2,0
0,194,16,38,2,0
0,195,16,40,2,0
0,196,16,44,2,0
0,197,16,47,2,0
0,198,16,48,2,53
0,199,16,51,2,0
0,200,17,3,2,0
0,201,17,10,2,0
0,202,17,12,2,0
0,203,17,12,2,0
0,204,17,13,2,138
0,205,17,17,2,0
0,206,17,19,2,0
0,207,17,21,2,0
0,208,17,25,2,0
0,209,17,29,2,0
0,210,17,33,2,0
0,211,17,35,2,0
0,212,17,51,2,0
0,213,17,52,2,0
0,214,17,53,2,0
0,217,17,56,2,32
0,219,17,59,2,0
0,1,8,0,3,0
0,2,8,0,3,0
0,3,8,6,3,0
0,4,8,10,3,0
0,5,8,11,3,0
0,6,8,11,3,0
0,7,8,12,3,0
0,8,8,12,3,111
1,9,8,12,3,152
0,10,8,16,3,0
0,11,8,19,3,69
0,12,8,21,3,10
0,13,8,21,3,173
1,14,8,24,3,116
0,15,8,34,3,0
0,16,8,36,3,0
0,17,8,41,3,0
0,18,8,41,3,0
0,19,8,42,3,0
0,20,8,43,3,0
0,21,8,46,3,0
0,22,8,52,3,0
0,23,8,53,3,0
0,24,8,54,3,0
0,25,8,56,3,0
0,26,9,1,3,0
0,27,9,4,3,0
0,28,9,5,3,0
0,29,9,9,3,0
0,30,9,9,3,0
0,31,9,14,3,0
0,32,9,16,3,0
0,33,9,25,3,0
0,34,9,26,3,0
0,35,9,27,3,0
0,36,9,28,3,0
0,37,9,30,3,48
1,38,9,30,3,220
1,39,9,32,3,235
0,40,9,38,3,0
0,41,9,40,3,0
0,42,9,40,3,207
1,43,9,41,3,168
0,44,9,47,3,0
0,45,9,48,3,0
0,46,9,54,3,0
0,47,9,55,3,0
0,48,9,55,3,0
0,49,9,57,3,0
0,50,9,58,3,0
0,51,10,2,3,0
0,52,10,4,3,0
0,53,10,5,3,0
0,54,10,6,3,6
0,55,10,9,3,0
0,56,10,15,3,0
0,57,10,17,3,0
0,58,10,27,3,0
0,59,10,30,3,0
0,60,10,34,3,0
0,61,10,35,3,0
0,62,10,35,3,0
0,63,10,36,3,0
0,64,10,43,3,0
0,65,10,46,3,0
0,66,10,46,3,0
0,67,10,49,3,0
0,68,10,51,3,0
0,69,10,55,3,0
0,70,11,3,3,0
0,71,11,4,3,0
0,72,11,10,3,0
0,73,11,12,3,0
0,74,11,12,3,0
0,75,11,13,3,0
0,76,11,18,3,0
0,77,11,28,3,0
0,78,11,30,3,0
0,79,11,36,3,0
0,80,11,37,3,0
0,81,11,37,3,0
0,82,11,41,3,0
0,83,11,44,3,0
0,84,11,53,3,0
0,85,11,59,3,0
0,86,11,59,3,0
0,87,12,4,3,0
0,88,12,12,3,0
0,89,12,15,3,0
0,90,12,22,3,0
0,91,12,23,3,0
0,92,12,26,3,0
0,93,12,28,3,0
0,94,12,32,3,0
0,95,12,32,3,0
0,96,12,33,3,111
0,97,12,42,3,0
0,98,12,42,3,0
0,99,12,46,3,0
0,100,12,47,3,0
0,101,12,55,3,0
0,102,13,2,3,0
0,103,13,5,3,0
0,104,13,9,3,0
0,105,13,11,3,0
0,106,13,16,3,0
0,107,13,21,3,0
0,108,13,27,3,0
0,109,13,29,3,0
0,110,13,32,3,0
0,111,13,32,3,0
0,112,13,37,3,0
0,113,13,42,3,0
0,114,13,44,3,0
0,115,13,45,3,0
0,116,13,46,3,0
0,117,13,49,3,0
0,118,13,52,3,0
0,119,13,53,3,0
0,120,13,54,3,34
0,121,13,55,3,0
0,122,13,57,3,0
0,123,14,0,3,0
0,124,14,0,3,0
0,125,14,9,3,0
0,126,14,9,3,0
0,127,14,10,3,0
0,128,14,13,3,0
0,129,14,14,3,0
0,130,14,23,3,0
0,131,14,26,3,0
0,132,14,27,3,0
0,133,14,42,3,0
0,134,14,50,3,0
0,135,14,52,3,0
0,136,14,57,3,0
0,137,14,58,3,0
0,138,15,2,3,0
0,139,15,2,3,0
0,140,15,7,3,0
0,141,15,10,3,24
0,142,15,13,3,0
0,143,15,16,3,0
0,144,15,17,3,0
0,145,15,17,3,0
0,146,15,23,3,0
0,147,15,25,3,0
0,148,15,26,3,0
0,149,15,37,3,0
0,150,15,38,3,0
0,151,15,45,3,0
0,152,15,46,3,0
0,153,15,47,3,0
0,154,15,48,3,0
0,155,15,50,3,0
0,156,15,52,3,0
0,157,16,0,3,0
0,158,16,5,3,0
0,159,16,20,3,0
0,160,16,21,3,0
0,161,16,23,3,0
0,162,16,24,3,0
0,163,16,24,3,0
0,164,16,27,3,0
0,165,16,28,3,0
0,166,16,33,3,0
0,167,16,34,3,0
0,168,16,34,3,0
0,169,16,35,3,0
0,170,16,36,3,0
0,171,16,37,3,0
0,172,16,37,3,0
0,173,16,45,3,0
0,174,16,50,3,0
0,175,16,53,3,0
0,176,16,54,3,0
0,177,17,2,3,0
0,178,17,3,3,0
0,179,17,6,3,0
0,180,17,8,3,0
0,181,17,14,3,0
0,182,17,17,3,0
0,183,17,19,3,0
0,184,17,20,3,0
0,185,17,20,3,0
0,186,17,22,3,0
0,187,17,25,3,0
0,188,17,33,3,0
0,189,17,39,3,0
0,190,17,43,3,0
0,191,17,45,3,0
0,192,17,46,3,0
0,193,17,48,3,0
0,194,17,50,3,0
0,195,17,50,3,0
0,196,17,52,3,0
0,197,17,53,3,0
0,1,8,0,4,0
0,2,8,1,4,0
0,3,8,2,4,0
0,4,8,3,4,0
0,5,8,4,4,0
0,6,8,4,4,11
0,7,8,7,4,0
0,8,8,14,4,0
0,9,8,15,4,0
0,10,8,16,4,0
0,11,8,18,4,0
0,12,8,25,4,0
0,13,8,27,4,0
0,14,8,31,4,0
0,15,8,36,4,0
0,16,8,41,4,0
0,17,8,45,4,0
0,18,8,48,4,0
0,19,8,49,4,0
0,20,8,54,4,0
0,21,8,58,4,0
0,22,8,59,4,0
0,23,9,0,4,0
0,24,9,11,4,0
0,25,9,12,4,0
0,26,9,19,4,0
0,27,9,23,4,0
0,28,9,27,4,0
0,29,9,28,4,0
0,30,9,29,4,0
0,31,9,30,4,0
0,32,9,31,4,0
0,33,9,32,4,0
0,34,9,32,4,31
1,35,9,33,4,102
0,36,9,34,4,45
0,37,9,38,4,0
0,38,9,43,4,0
0,39,9,43,4,0
0,40,9,46,4,0
0,41,9,48,4,0
0,42,9,49,4,53
1,43,9,49,4,57
0,44,9,56,4,0
0,45,9,58,4,0
0,46,9,58,4,0
0,47,9,59,4,0
0,48,10,1,4,0
0,49,10,1,4,0
0,50,10,1,4,69
0,51,10,3,4,174
1,52,10,3,4,364
1,53,10,8,4,179
1,54,10,11,4,54
0,55,10,13,4,0
0,56,10,22,4,0
0,57,10,28,4,0
0,58,10,30,4,0
0,59,10,31,4,0
0,60,10,31,4,0
0,61,10,35,4,0
0,62,10,36,4,0
0,63,10,39,4,0
0,64,10,41,4,0
0,65,10,41,4,0
0,66,10,44,4,0
0,67,10,45,4,0
0,68,10,46,4,0
0,69,10,47,4,0
0,70,10,49,4,0
0,71,10,51,4,0
0,72,10,54,4,0
0,73,11,2,4,0
0,74,11,5,4,0
0,75,11,10,4,0
0,76,11,12,4,0
0,77,11,14,4,0
0,78,11,17,4,0
0,79,11,20,4,0
0,80,11,26,4,0
0,81,11,28,4,0
0,82,11,34,4,0
0,83,11,35,4,0
0,84,11,38,4,0
0,85,11,41,4,0
0,86,11,57,4,0
0,87,12,4,4,0
0,88,12,6,4,0
0,89,12,10,4,0
0,90,12,10,4,0
0,91,12,13,4,0
0,92,12,13,4,0
0,93,12,13,4,316
1,94,12,17,4,85
0,95,12,21,4,0
0,96,12,24,4,0
0,97,12,26,4,0
0,98,12,28,4,0
0,99,12,35,4,0
0,100,12,37,4,0
0,101,12,37,4,0
0,102,12,39,4,0
0,103,12,41,4,0
0,104,12,45,4,0
0,105,12,45,4,0
0,106,12,50,4,0
0,107,12,50,4,0
0,108,12,51,4,0
0,109,12,52,4,19
0,110,12,54,4,0
0,111,13,4,4,0
0,112,13,5,4,0
0,113,13,5,4,0
0,114,13,7,4,100
0,115,13,10,4,0
0,116,13,22,4,0
0,117,13,28,4,0
0,118,13,29,4,0
0,119,13,30,4,0
0,120,13,31,4,0
0,121,13,37,4,0
0,122,13,37,4,0
0,123,13,39,4,0
0,124,13,49,4,0
0,125,13,51,4,0
0,126,13,59,4,0
0,127,14,0,4,0
0,128,14,1,4,0
0,129,14,4,4,0
0,130,14,6,4,0
0,131,14,8,4,0
0,132,14,12,4,0
0,133,14,17,4,0
0,134,14,18,4,0
0,135,14,20,4,0
0,136,14,20,4,0
0,137,14,25,4,0
0,138,14,28,4,0
0,139,14,28,4,0
0,140,14,30,4,0
0,141,14,30,4,0
0,142,14,31,4,0
0,143,14,31,4,109
0,144,14,45,4,0
0,145,14,46,4,0
0,146,14,49,4,0
0,147,14,50,4,0
0,148,14,51,4,0
0,149,15,0,4,0
0,150,15,3,4,0
0,151,15,6,4,0
0,152,15,10,4,0
0,153,15,11,4,0
0,154,15,15,4,0
0,155,15,16,4,0
0,156,15,16,4,0
0,157,15,20,4,0
0,158,15,22,4,0
0,159,15,23,4,0
0,160,15,35,4,0
0,161,15,38,4,0
0,162,15,43,4,0
0,163,15,49,4,0
0,164,15,55,4,0
0,165,15,58,4,0
0,166,16,2,4,0
0,167,16,3,4,0
0,168,16,13,4,0
0,169,16,14,4,0
0,170,16,17,4,0
0,171,16,18,4,0
0,172,16,20,4,0
0,173,16,24,4,0
0,174,16,24,4,0
0,175,16,28,4,0
0,176,16,31,4,0
0,177,16,31,4,0
0,178,16,35,4,0
0,179,16,36,4,0
0,180,16,37,4,0
0,181,16,38,4,0
0,182,16,39,4,203
1,183,16,40,4,273
2,184,16,41,4,273
0,185,16,48,4,0
0,186,16,51,4,0
0,187,16,51,4,22
0,188,17,2,4,0
0,189,17,5,4,0
0,190,17,10,4,0
0,191,17,11,4,0
0,192,17,13,4,0
0,193,17,21,4,0
0,194,17,22,4,0
0,195,17,25,4,0
0,196,17,26,4,0
0,197,17,32,4,0
0,198,17,35,4,0
0,199,17,36,4,0
0,200,17,40,4,0
0,201,17,42,4,0
0,202,17,43,4,0
0,203,17,45,4,0
0,204,17,45,4,0
0,205,17,48,4,0
0,206,17,48,4,0
0,208,17,55,4,0
0,209,17,55,4,0
0,211,17,58,4,26
0,1,8,0,0,0
0,2,8,0,0,0
0,3,8,8,0,0
0,4,8,21,0,0
0,5,8,24,0,0
0,6,8,28,0,0
0,7,8,29,0,0
0,8,8,30,0,0
0,9,8,31,0,0
0,10,8,40,0,0
0,11,8,43,0,0
0,12,8,44,0,0
0,13,8,47,0,0
0,14,8,48,0,0
0,15,8,52,0,0
0,16,8,53,0,189
1,17,8,56,0,62
0,18,8,58,0,49
0,19,9,0,0,0
0,20,9,3,0,0
0,21,9,6,0,0
0,22,9,10,0,0
0,23,9,13,0,0
0,24,9,15,0,0
0,25,9,19,0,0
0,26,9,20,0,0
0,27,9,20,0,0
0,28,9,24,0,0
0,29,9,30,0,0
0,30,9,31,0,0
0,31,9,33,0,0
0,32,9,49,0,0
0,33,9,57,0,0
0,34,10,3,0,0
0,35,10,3,0,0
0,36,10,6,0,0
0,37,10,9,0,0
0,38,10,10,0,0
0,39,10,11,0,0
0,40,10,13,0,0
0,41,10,16,0,0
0,42,10,18,0,0
0,43,10,21,0,0
0,44,10,21,0,0
0,45,10,21,0,0
0,46,10,24,0,0
0,47,10,29,0,0
0,48,10,33,0,0
0,49,10,34,0,0
0,50,10,36,0,0
0,51,10,37,0,0
0,52,10,40,0,0
0,53,10,41,0,0
0,54,10,43,0,0
0,55,10,50,0,0
0,56,11,0,0,0
0,57,11,1,0,0
0,58,11,3,0,0
0,59,11,4,0,0
0,60,11,7,0,0
0,61,11,9,0,0
0,62,11,10,0,0
0,63,11,11,0,0
0,64,11,12,0,0
0,65,11,12,0,0
0,66,11,17,0,0
0,67,11,20,0,0
0,68,11,22,0,0
0,69,11,24,0,0
0,70,11,32,0,0
0,71,11,35,0,0
0,72,11,38,0,0
0,73,11,44,0,0
0,74,11,44,0,0
0,75,11,44,0,0
0,76,11,47,0,0
0,77,11,47,0,0
0,78,11,47,0,61
0,79,11,50,0,0
0,80,11,51,0,64
0,81,11,53,0,0
0,82,11,55,0,0
0,83,11,57,0,0
0,84,11,58,0,5
0,85,11,59,0,68
0,86,12,2,0,0
0,87,12,4,0,0
0,88,12,6,0,0
0,89,12,6,0,0
0,90,12,15,0,0
0,91,12,15,0,0
0,92,12,18,0,0
0,93,12,19,0,0
0,94,12,21,0,0
0,95,12,25,0,0
0,96,12,27,0,0
0,97,12,31,0,0
0,98,12,34,0,0
0,99,12,38,0,0
0,100,12,39,0,0
0,101,12,41,0,0
0,102,12,47,0,0
0,103,12,49,0,0
0,104,12,54,0,0
0,105,12,57,0,0
0,106,12,59,0,0
0,107,13,0,0,0
0,108,13,2,0,0
0,109,13,2,0,2
0,110,13,8,0,0
0,111,13,8,0,0
0,112,13,16,0,0
0,113,13,17,0,0
0,114,13,22,0,0
0,115,13,26,0,0
0,116,13,32,0,0
0,117,13,34,0,0
0,118,13,36,0,0
0,119,13,37,0,0
0,120,13,38,0,0
0,121,13,39,0,0
0,122,13,42,0,0
0,123,13,52,0,0
0,124,13,52,0,0
0,125,14,1,0,0
0,126,14,6,0,0
0,127,14,10,0,0
0,128,14,15,0,0
0,129,14,23,0,0
0,130,14,26,0,0
0,131,14,26,0,0
0,132,14,32,0,0
0,133,14,32,0,0
0,134,14,39,0,0
0,135,14,40,0,0
0,136,14,41,0,0
0,137,14,42,0,0
0,138,14,47,0,0
0,139,14,52,0,0
0,140,14,59,0,0
0,141,15,0,0,0
0,142,15,1,0,0
0,143,15,4,0,0
0,144,15,5,0,0
0,145,15,5,0,0
0,146,15,7,0,0
0,147,15,13,0,0
0,148,15,14,0,0
0,149,15,19,0,0
0,150,15,29,0,0
0,151,15,29,0,0
0,152,15,31,0,0
0,153,15,32,0,0
0,154,15,33,0,0
0,155,15,33,0,0
0,156,15,34,0,85
1,157,15,34,0,195
2,158,15,35,0,197
2,159,15,36,0,135
0,160,15,39,0,62
0,161,15,41,0,0
0,162,15,44,0,0
0,163,15,46,0,0
0,164,15,50,0,0
0,165,15,50,0,0
0,166,15,52,0,0
0,167,15,54,0,0
0,168,16,0,0,0
0,169,16,0,0,0
0,170,16,5,0,0
0,171,16,16,0,0
0,172,16,17,0,0
0,173,16,19,0,0
0,174,16,19,0,0
0,175,16,21,0,0
0,176,16,28,0,0
0,177,16,30,0,0
0,178,16,36,0,0
0,179,16,40,0,0
0,180,16,40,0,0
0,181,16,40,0,0
0,182,16,43,0,0
0,183,16,45,0,2
0,184,16,48,0,0
0,185,16,48,0,0
0,186,16,49,0,0
0,187,16,50,0,0
0,188,16,50,0,78
1,189,16,51,0,20
2,190,16,51,0,29
1,191,16,52,0,34
0,192,16,55,0,0
0,193,16,59,0,0
0,194,17,5,0,0
0,195,17,6,0,0
0,196,17,9,0,0
0,197,17,14,0,0
0,198,17,22,0,0
0,199,17,23,0,0
0,200,17,26,0,0
0,201,17,26,0,0
0,202,17,28,0,0
0,203,17,40,0,0
0,204,17,42,0,0
0,205,17,43,0,0
0,206,17,46,0,0
0,207,17,47,0,0
0,208,17,49,0,0
0,209,17,51,0,0
0,210,17,55,0,0
0,1,8,0,1,0
0,2,8,1,1,0
0,3,8,1,1,0
0,4,8,2,1,0
0,5,8,4,1,0
0,6,8,6,1,35
0,7,8,7,1,0
0,8,8,12,1,0
0,9,8,14,1,0
0,10,8,15,1,0
0,11,8,15,1,0
0,12,8,17,1,0
0,13,8,17,1,0
0,14,8,24,1,0
0,15,8,25,1,0
0,16,8,33,1,0
0,17,8,42,1,0
0,18,8,48,1,0
0,19,8,59,1,0
0,20,9,9,1,0
0,21,9,9,1,0
0,22,9,11,1,0
0,23,9,12,1,0
0,24,9,13,1,0
0,25,9,21,1,7
0,26,9,26,1,0
0,27,9,27,1,0
0,28,9,27,1,39
1,29,9,27,1,44
1,30,9,28,1,26
0,31,9,31,1,0
0,32,9,34,1,0
0,33,9,39,1,0
0,34,9,39,1,0
0,35,9,44,1,0
0,36,10,1,1,0
0,37,10,6,1,0
0,38,10,17,1,0
0,39,10,17,1,0
0,40,10,19,1,0
0,41,10,22,1,0
0,42,10,22,1,0
0,43,10,27,1,0
0,44,10,30,1,0
0,45,10,31,1,0
0,46,10,32,1,0
0,47,10,33,1,0
0,48,10,39,1,0
0,49,10,45,1,0
0,50,10,51,1,0
0,51,10,55,1,0
0,52,11,1,1,0
0,53,11,4,1,0
0,54,11,7,1,0
0,55,11,11,1,0
0,56,11,14,1,0
0,57,11,19,1,0
0,58,11,29,1,0
0,59,11,30,1,0
0,60,11,30,1,0
0,61,11,34,1,0
0,62,11,36,1,0
0,63,11,37,1,0
0,64,11,40,1,0
0,65,11,43,1,0
0,66,11,44,1,0
0,67,11,45,1,87
1,68,11,46,1,192
2,69,11,46,1,209
2,70,11,47,1,375
3,71,11,48,1,425
4,72,11,49,1,468
3,73,11,51,1,392
2,74,11,55,1,240
3,75,11,56,1,259
4,76,11,56,1,285
4,77,11,57,1,298
4,78,11,58,1,599
1,79,12,4,1,331
2,80,12,6,1,290
3,81,12,6,1,309
2,82,12,11,1,62
0,83,12,12,1,63
0,84,12,13,1,1
0,85,12,15,1,77
0,86,12,23,1,0
0,87,12,25,1,0
0,88,12,29,1,0
0,89,12,30,1,0
0,90,12,31,1,0
0,91,12,33,1,0
0,92,12,34,1,0
0,93,12,38,1,0
0,94,12,40,1,0
0,95,12,41,1,0
0,96,12,48,1,0
0,97,12,48,1,0
0,98,12,52,1,0
0,99,12,54,1,0
0,100,13,2,1,0
0,101,13,3,1,0
0,102,13,6,1,0
0,103,13,15,1,0
0,104,13,17,1,0
0,105,13,18,1,0
0,106,13,21,1,0
0,107,13,22,1,167
0,108,13,25,1,25
0,109,13,28,1,0
0,110,13,29,1,0
0,111,13,30,1,92
0,112,13,32,1,53
0,113,13,37,1,0
0,114,13,50,1,0
0,115,13,51,1,0
0,116,13,51,1,0
0,117,13,51,1,0
0,118,13,53,1,0
0,119,13,56,1,0
0,120,13,56,1,0
0,121,13,58,1,0
0,122,13,59,1,0
0,123,13,59,1,30
0,124,13,59,1,49
0,125,14,5,1,0
0,126,14,12,1,0
0,127,14,20,1,0
0,128,14,20,1,0
0,129,14,30,1,0
0,130,14,30,1,0
0,131,14,33,1,0
0,132,14,33,1,0
0,133,14,33,1,41
0,134,14,44,1,0
0,135,14,44,1,0
0,136,14,46,1,0
0,137,14,49,1,0
0,138,14,55,1,0
0,139,14,57,1,0
0,140,15,0,1,0
0,141,15,1,1,0
0,142,15,1,1,0
0,143,15,10,1,0
0,144,15,15,1,0
0,145,15,17,1,0
0,146,15,20,1,0
0,147,15,22,1,0
0,148,15,30,1,0
0,149,15,34,1,0
0,150,15,34,1,0
0,151,15,47,1,0
0,152,15,50,1,0
0,153,15,51,1,0
0,154,15,57,1,0
0,155,15,58,1,0
0,156,16,1,1,0
0,157,16,2,1,0
0,158,16,4,1,0
0,159,16,8,1,0
0,160,16,14,1,0
0,161,16,15,1,0
0,162,16,16,1,0
0,163,16,17,1,0
0,164,16,23,1,0
0,165,16,29,1,0
0,166,16,31,1,0
0,167,16,36,1,0
0,168,16,38,1,0
0,169,16,41,1,0
0,170,16,45,1,0
0,171,16,46,1,0
0,172,16,48,1,0
0,173,16,51,1,0
0,174,16,56,1,0
0,175,17,8,1,0
0,176,17,9,1,0
0,177,17,11,1,0
0,178,17,12,1,0
0,179,17,13,1,0
0,180,17,13,1,0
0,181,17,14,1,0
0,182,17,16,1,0
0,183,17,17,1,0
0,184,17,22,1,0
0,185,17,24,1,0
0,186,17,24,1,0
0,187,17,40,1,0
0,188,17,40,1,0
0,189,17,41,1,0
0,190,17,42,1,15
1,191,17,42,1,24
0,192,17,45,1,0
0,193,17,46,1,0
0,194,17,49,1,0
0,195,17,52,1,0
0,196,17,54,1,0
0,1,8,0,2,0
0,2,8,0,2,0
0,3,8,0,2,0
0,4,8,3,2,0
0,5,8,5,2,0
0,6,8,7,2,0
0,7,8,10,2,0
0,8,8,11,2,0
0,9,8,14,2,0
0,10,8,15,2,0
0,11,8,17,2,0
0,12,8,20,2,0
0,13,8,22,2,0
0,14,8,25,2,0
0,15,8,29,2,0
0,16,8,36,2,0
0,17,8,37,2,0
0,18,8,38,2,0
0,19,8,39,2,0
0,20,8,43,2,0
0,21,8,50,2,0
0,22,8,50,2,0
0,23,8,51,2,0
0,24,8,59,2,0
0,25,9,0,2,0
0,26,9,1,2,0
0,27,9,6,2,0
0,28,9,8,2,0
0,29,9,17,2,0
0,30,9,18,2,0
0,31,9,19,2,0
0,32,9,20,2,0
0,33,9,20,2,0
0,34,9,26,2,0
0,35,9,30,2,0
0,36,9,34,2,0
0,37,9,37,2,0
0,38,9,38,2,0
0,39,9,41,2,0
0,40,9,44,2,0
0,41,9,47,2,0
0,42,9,52,2,0
0,43,9,53,2,0
0,44,10,4,2,0
0,45,10,8,2,0
0,46,10,29,2,0
0,47,10,30,2,0
0,48,10,33,2,0
0,49,10,35,2,0
0,50,10,40,2,0
0,51,10,40,2,0
0,52,10,44,2,0
0,53,10,45,2,0
0,54,10,46,2,0
0,55,10,47,2,0
0,56,10,49,2,0
0,57,10,53,2,0
0,58,11,0,2,0
0,59,11,1,2,0
0,60,11,9,2,0
0,61,11,12,2,0
0,62,11,14,2,0
0,63,11,19,2,0
0,64,11,21,2,0
0,65,11,22,2,0
0,66,11,23,2,0
0,67,11,31,2,0
0,68,11,32,2,0
0,69,11,38,2,0
0,70,11,39,2,0
0,71,11,50,2,0
0,72,11,51,2,0
0,73,11,51,2,0
0,74,11,59,2,0
0,75,12,6,2,0
0,76,12,8,2,0
0,77,12,9,2,0
0,78,12,14,2,0
0,79,12,19,2,0
0,80,12,20,2,0
0,81,12,23,2,0
0,82,12,26,2,0
0,83,12,33,2,0
0,84,12,36,2,0
0,85,12,38,2,0
0,86,12,42,2,0
0,87,12,45,2,0
0,88,12,46,2,0
0,89,12,51,2,0
0,90,12,51,2,0
0,91,13,2,2,0
0,92,13,2,2,0
0,93,13,4,2,0
0,94,13,7,2,0
0,95,13,9,2,0
0,96,13,12,2,0
0,97,13,13,2,0
0,98,13,16,2,0
0,99,13,17,2,0
0,100,13,23,2,0
0,101,13,32,2,0
0,102,13,38,2,0
0,103,13,48,2,0
0,104,13,51,2,0
0,105,13,53,2,0
0,106,13,55,2,0
0,107,13,57,2,0
0,108,14,1,2,0
0,109,14,3,2,0
0,110,14,5,2,0
0,111,14,6,2,0
0,112,14,7,2,0
0,113,14,13,2,0
0,114,14,19,2,0
0,115,14,23,2,0
0,116,14,32,2,0
0,117,14,35,2,0
0,118,14,38,2,0
0,119,14,38,2,0
0,120,14,40,2,0
0,121,14,41,2,0
0,122,14,41,2,0
0,123,14,44,2,0
0,124,14,44,2,0
0,125,14,46,2,0
0,126,14,46,2,0
0,127,14,49,2,0
0,128,14,59,2,0
0,129,15,0,2,0
0,130,15,0,2,0
0,131,15,5,2,0
0,132,15,5,2,0
0,133,15,6,2,0
0,134,15,9,2,49
0,135,15,12,2,0
0,136,15,16,2,0
0,137,15,17,2,0
0,138,15,19,2,0
0,139,15,21,2,0
0,140,15,26,2,0
0,141,15,27,2,0
0,142,15,33,2,0
0,143,15,36,2,0
0,144,15,38,2,0
0,145,15,42,2,0
0,146,15,43,2,0
0,147,15,44,2,0
0,148,15,53,2,0
0,149,15,57,2,0
0,150,15,57,2,0
0,151,16,0,2,0
0,152,16,3,2,0
0,153,16,7,2,0
0,154,16,8,2,0
0,155,16,12,2,0
0,156,16,13,2,0
0,157,16,16,2,0
0,158,16,18,2,0
0,159,16,22,2,0
0,160,16,24,2,0
0,161,16,25,2,0
0,162,16,27,2,0
0,163,16,28,2,0
0,164,16,30,2,0
0,165,16,30,2,0
0,166,16,32,2,0
0,167,16,35,2,0
0,168,16,37,2,0
0,169,16,41,2,0
0,170,16,42,2,0
0,171,16,42,2,0
0,172,16,43,2,57
1,173,16,44,2,76
0,174,16,47,2,0
0,175,16,52,2,0
0,176,16,52,2,0
0,177,17,0,2,0
0,178,17,4,2,0
0,179,17,5,2,0
0,180,17,18,2,0
0,181,17,19,2,0
0,182,17,20,2,0
0,183,17,21,2,0
0,184,17,21,2,116
1,185,17,23,2,67
0,186,17,27,2,0
0,187,17,28,2,0
0,188,17,28,2,4
0,189,17,32,2,0
0,190,17,33,2,0
0,191,17,39,2,0
0,192,17,40,2,0
0,193,17,45,2,0
0,194,17,48,2,0
0,196,17,51,2,0
0,1,8,0,3,0
0,2,8,3,3,0
0,3,8,4,3,0
0,4,8,5,3,0
0,5,8,5,3,0
0,6,8,7,3,0
0,7,8,12,3,0
0,8,8,14,3,0
0,9,8,15,3,0
0,10,8,17,3,0
0,11,8,21,3,0
0,12,8,24,3,0
0,13,8,31,3,0
0,14,8,38,3,0
0,15,8,43,3,0
0,16,8,43,3,0
0,17,8,47,3,0
0,18,8,54,3,0
0,19,8,55,3,0
0,20,9,0,3,0
0,21,9,2,3,0
0,22,9,2,3,0
0,23,9,11,3,0
0,24,9,11,3,0
0,25,9,12,3,92
0,26,9,13,3,113
0,27,9,13,3,209
2,28,9,14,3,262
0,29,9,24,3,0
0,30,9,27,3,0
0,31,9,28,3,0
0,32,9,30,3,143
1,33,9,30,3,175
0,34,9,34,3,0
0,35,9,39,3,0
0,36,9,40,3,0
0,37,9,46,3,0
0,38,9,49,3,0
0,39,9,51,3,0
0,40,9,56,3,0
0,41,9,59,3,0
0,42,10,1,3,0
0,43,10,1,3,0
0,44,10,3,3,0
0,45,10,3,3,0
0,46,10,4,3,0
0,47,10,5,3,0
0,48,10,6,3,10
0,49,10,8,3,199
1,50,10,10,3,162
0,51,10,13,3,0
0,52,10,15,3,0
0,53,10,16,3,0
0,54,10,16,3,0
0,55,10,20,3,0
0,56,10,20,3,0
0,57,10,29,3,0
0,58,10,31,3,0
0,59,10,31,3,0
0,60,10,32,3,0
0,61,10,33,3,0
0,62,10,33,3,0
0,63,10,39,3,0
0,64,10,45,3,0
0,65,10,46,3,0
0,66,10,47,3,0
0,67,10,48,3,0
0,68,11,3,3,0
0,69,11,5,3,0
0,70,11,7,3,0
0,71,11,18,3,0
0,72,11,24,3,0
0,73,11,24,3,0
0,74,11,24,3,0
0,75,11,27,3,0
0,76,11,28,3,0
0,77,11,29,3,0
0,78,11,31,3,0
0,79,11,35,3,0
0,80,11,39,3,0
0,81,11,42,3,0
0,82,11,43,3,0
0,83,11,43,3,0
0,84,11,46,3,0
0,85,11,47,3,0
0,86,11,49,3,0
0,87,11,50,3,0
0,88,11,51,3,40
1,89,11,52,3,50
0,90,11,54,3,0
0,91,11,59,3,0
0,92,12,0,3,0
0,93,12,2,3,0
0,94,12,8,3,0
0,95,12,9,3,0
0,96,12,13,3,0
0,97,12,16,3,0
0,98,12,21,3,0
0,99,12,22,3,0
0,100,12,23,3,0
0,101,12,24,3,0
0,102,12,27,3,0
0,103,12,35,3,0
0,104,12,38,3,0
0,105,12,39,3,0
0,106,12,43,3,0
0,107,12,45,3,0
0,108,12,47,3,0
0,109,12,48,3,0
0,110,12,48,3,0
0,111,12,52,3,0
0,112,12,56,3,0
0,113,13,1,3,0
0,114,13,2,3,0
0,115,13,4,3,0
0,116,13,10,3,0
0,117,13,14,3,0
0,118,13,17,3,0
0,119,13,35,3,0
0,120,13,35,3,0
0,121,13,37,3,0
0,122,13,43,3,0
0,123,13,49,3,0
0,124,13,49,3,0
0,125,14,1,3,0
0,126,14,1,3,0
0,127,14,4,3,0
0,128,14,5,3,0
0,129,14,7,3,0
0,130,14,9,3,108
0,131,14,13,3,0
0,132,14,13,3,0
0,133,14,14,3,0
0,134,14,17,3,0
0,135,14,18,3,0
0,136,14,19,3,0
0,137,14,22,3,0
0,138,14,27,3,0
0,139,14,28,3,0
0,140,14,30,3,0
0,141,14,31,3,0
0,142,14,34,3,0
0,143,14,35,3,0
0,144,14,36,3,0
0,145,14,38,3,0
0,146,14,39,3,0
0,147,14,41,3,0
0,148,14,41,3,0
0,149,14,47,3,0
0,150,14,47,3,0
0,151,14,54,3,0
0,152,14,56,3,0
0,153,14,58,3,0
0,154,15,4,3,0
0,155,15,4,3,43
0,156,15,8,3,0
0,157,15,11,3,0
0,158,15,19,3,0
0,159,15,21,3,0
0,160,15,24,3,0
0,161,15,24,3,0
0,162,15,24,3,0
0,163,15,26,3,0
0,164,15,27,3,0
0,165,15,28,3,0
0,166,15,32,3,0
0,167,15,38,3,0
0,168,15,43,3,0
0,169,15,45,3,0
0,170,15,49,3,0
0,171,15,49,3,0
0,172,15,55,3,0
0,173,15,56,3,0
0,174,15,57,3,0
0,175,16,12,3,0
0,176,16,16,3,0
0,177,16,17,3,0
0,178,16,18,3,0
0,179,16,20,3,0
0,180,16,24,3,0
0,181,16,24,3,0
0,182,16,25,3,0
0,183,16,26,3,0
0,184,16,27,3,0
0,185,16,30,3,0
0,186,16,41,3,0
0,187,16,42,3,0
0,188,16,46,3,0
0,189,16,53,3,0
0,190,16,56,3,0
0,191,17,4,3,0
0,192,17,5,3,0
0,193,17,5,3,0
0,194,17,7,3,0
0,195,17,11,3,0
0,196,17,12,3,0
0,197,17,13,3,0
0,198,17,14,3,0
0,199,17,18,3,0
0,200,17,19,3,0
0,201,17,19,3,0
0,202,17,20,3,0
0,203,17,27,3,0
0,204,17,27,3,0
0,205,17,34,3,0
0,206,17,35,3,0
0,207,17,35,3,0
0,208,17,39,3,0
0,209,17,42,3,0
0,210,17,52,3,0
0,1,8,0,4,0
0,2,8,0,4,0
0,3,8,8,4,0
0,4,8,13,4,0
0,5,8,17,4,0
0,6,8,23,4,0
0,7,8,25,4,0
0,8,8,31,4,0
0,9,8,38,4,0
0,10,8,44,4,0
0,11,8,46,4,0
0,12,8,51,4,0
0,13,8,55,4,0
0,14,8,58,4,0
0,15,8,59,4,0
0,16,9,1,4,0
0,17,9,2,4,0
0,18,9,10,4,0
0,19,9,10,4,0
0,20,9,14,4,0
0,21,9,15,4,0
0,22,9,15,4,0
0,23,9,22,4,0
0,24,9,22,4,0
0,25,9,31,4,0
0,26,9,31,4,0
0,27,9,32,4,0
0,28,9,33,4,0
0,29,9,37,4,0
0,30,9,40,4,0
0,31,9,43,4,0
0,32,9,43,4,0
0,33,9,44,4,0
0,34,9,49,4,0
0,35,9,50,4,0
0,36,9,52,4,0
0,37,9,52,4,156
1,38,9,54,4,227
1,39,9,56,4,80
2,40,9,57,4,128
3,41,9,57,4,112
2,42,9,59,4,31
1,43,9,59,4,24
0,44,10,2,4,0
0,45,10,3,4,0
0,46,10,4,4,19
0,47,10,5,4,0
0,48,10,11,4,0
0,49,10,16,4,0
0,50,10,17,4,0
0,51,10,21,4,0
0,52,10,21,4,0
0,53,10,34,4,0
0,54,10,34,4,0
0,55,10,35,4,0
0,56,10,35,4,0
0,57,10,38,4,0
0,58,10,40,4,0
0,59,10,43,4,0
0,60,10,43,4,0
0,61,10,44,4,0
0,62,10,44,4,0
0,63,10,45,4,0
0,64,10,47,4,0
0,65,10,48,4,220
1,66,10,50,4,120
2,67,10,51,4,101
0,68,10,54,4,0
0,69,10,57,4,0
0,70,10,58,4,0
0,71,10,58,4,0
0,72,11,0,4,0
0,73,11,8,4,0
0,74,11,8,4,0
0,75,11,10,4,0
0,76,11,12,4,0
0,77,11,13,4,0
0,78,11,13,4,0
0,79,11,23,4,0
0,80,11,29,4,0
0,81,11,33,4,0
0,82,11,34,4,0
0,83,11,38,4,0
0,84,11,39,4,0
0,85,11,41,4,0
0,86,11,41,4,0
0,87,11,45,4,0
0,88,11,45,4,0
0,89,11,47,4,0
0,90,11,47,4,0
0,91,11,51,4,0
0,92,11,59,4,0
0,93,12,1,4,0
0,94,12,1,4,0
0,95,12,2,4,0
0,96,12,3,4,419
1,97,12,3,4,436
2,98,12,3,4,416
3,99,12,4,4,393
4,100,12,7,4,222
5,101,12,8,4,222
3,102,12,10,4,153
1,103,12,12,4,75
0,104,12,14,4,32
0,105,12,19,4,0
0,106,12,21,4,0
0,107,12,25,4,0
0,108,12,29,4,0
0,109,12,34,4,0
0,110,12,37,4,0
0,111,12,38,4,0
0,112,12,39,4,0
0,113,12,41,4,0
0,114,12,43,4,0
0,115,12,52,4,0
0,116,12,56,4,0
0,117,13,0,4,0
0,118,13,0,4,0
0,119,13,1,4,0
0,120,13,3,4,0
0,121,13,6,4,0
0,122,13,14,4,0
0,123,13,14,4,0
0,124,13,15,4,0
0,125,13,19,4,0
0,126,13,19,4,0
0,127,13,21,4,0
0,128,13,22,4,0
0,129,13,22,4,0
0,130,13,23,4,0
0,131,13,24,4,8
0,132,13,30,4,0
0,133,13,37,4,0
0,134,13,39,4,0
0,135,13,40,4,0
0,136,13,41,4,0
0,137,13,42,4,0
0,138,13,44,4,0
0,139,13,46,4,59
0,140,13,47,4,0
0,141,13,51,4,0
0,142,13,58,4,0
0,143,14,3,4,0
0,144,14,14,4,0
0,145,14,16,4,0
0,146,14,18,4,0
0,147,14,24,4,0
0,148,14,25,4,0
0,149,14,28,4,0
0,150,14,29,4,0
0,151,14,30,4,0
0,152,14,31,4,0
0,153,14,33,4,0
0,154,14,35,4,149
1,155,14,35,4,109
0,156,14,38,4,0
0,157,14,41,4,0
0,158,14,42,4,0
0,159,14,43,4,0
0,160,14,48,4,0
0,161,14,54,4,0
0,162,14,58,4,0
0,163,15,4,4,0
0,164,15,6,4,0
0,165,15,13,4,0
0,166,15,18,4,0
0,167,15,19,4,0
0,168,15,20,4,0
0,169,15,25,4,0
0,170,15,28,4,0
0,171,15,28,4,0
0,172,15,33,4,0
0,173,15,34,4,0
0,174,15,34,4,0
0,175,15,40,4,0
0,176,15,42,4,0
0,177,15,43,4,213
1,178,15,46,4,75
0,179,15,47,4,99
1,180,15,48,4,70
2,181,15,49,4,103
3,182,15,49,4,149
1,183,15,51,4,143
0,184,15,55,4,0
0,185,15,57,4,0
0,186,15,59,4,0
0,187,15,59,4,0
0,188,16,0,4,3
0,189,16,2,4,0
0,190,16,9,4,0
0,191,16,13,4,0
0,192,16,16,4,0
0,194,16,18,4,0
0,193,16,18,4,0
0,195,16,20,4,0
0,196,16,23,4,0
0,197,16,27,4,0
0,198,16,27,4,0
0,199,16,28,4,256
1,200,16,30,4,143
2,201,16,30,4,144
0,202,16,47,4,0
0,203,16,55,4,0
0,204,16,56,4,0
0,205,16,59,4,0
0,206,17,5,4,0
0,207,17,8,4,0
0,208,17,8,4,0
0,209,17,8,4,0
0,210,17,17,4,0
0,211,17,17,4,0
0,212,17,20,4,0
0,213,17,25,4,0
0,214,17,30,4,0
0,215,17,35,4,0
0,216,17,36,4,0
0,217,17,39,4,0
0,218,17,52,4,0
0,1,8,0,0,0
0,2,8,1,0,0
0,3,8,2,0,0
0,4,8,4,0,0
0,5,8,5,0,100
1,6,8,5,0,119
0,7,8,7,0,85
0,8,8,9,0,107
1,9,8,10,0,219
1,10,8,13,0,139
1,11,8,14,0,254
1,12,8,16,0,264
1,13,8,19,0,119
1,14,8,21,0,137
2,15,8,21,0,197
2,16,8,22,0,227
0,17,8,26,0,62
0,18,8,28,0,0
0,19,8,30,0,0
0,20,8,31,0,0
0,21,8,33,0,0
0,22,8,35,0,0
0,23,8,35,0,0
0,24,8,36,0,0
0,25,8,36,0,124
1,26,8,37,0,138
2,27,8,38,0,177
1,28,8,40,0,146
0,29,8,50,0,0
0,30,8,53,0,0
0,31,8,57,0,0
0,32,8,59,0,0
0,33,9,1,0,0
0,34,9,6,0,0
0,35,9,8,0,0
0,36,9,9,0,0
0,37,9,13,0,0
0,38,9,19,0,0
0,39,9,21,0,0
0,40,9,24,0,0
0,41,9,25,0,0
0,42,9,26,0,0
0,43,9,29,0,0
0,44,9,29,0,0
0,45,9,31,0,0
0,46,9,36,0,0
0,47,9,44,0,0
0,48,9,48,0,0
0,49,9,54,0,0
0,50,9,54,0,0
0,51,9,55,0,0
0,52,9,57,0,0
0,53,10,2,0,0
0,54,10,2,0,0
0,55,10,8,0,0
0,56,10,10,0,0
0,57,10,12,0,0
0,58,10,16,0,0
0,59,10,20,0,0
0,60,10,20,0,0
0,61,10,21,0,0
0,62,10,22,0,0
0,63,10,22,0,115
1,64,10,24,0,48
0,65,10,26,0,3
0,66,10,27,0,0
0,67,10,28,0,0
0,68,10,30,0,0
0,69,10,30,0,290
1,70,10,32,0,199
0,71,10,41,0,0
0,72,10,45,0,0
0,73,10,48,0,0
0,74,10,49,0,0
0,75,10,50,0,0
0,76,10,51,0,81
0,77,10,56,0,0
0,78,10,57,0,0
0,79,11,1,0,0
0,80,11,2,0,23
1,81,11,3,0,56
0,82,11,4,0,0
0,83,11,5,0,75
1,84,11,5,0,61
0,85,11,21,0,0
0,86,11,21,0,0
0,87,11,22,0,0
0,88,11,22,0,0
0,89,11,30,0,0
0,90,11,30,0,0
0,91,11,30,0,0
0,92,11,31,0,0
0,93,11,35,0,0
0,94,11,38,0,0
0,95,11,39,0,0
0,96,11,43,0,0
0,97,11,54,0,0
0,98,11,55,0,0
0,99,11,56,0,0
0,100,12,1,0,0
0,101,12,1,0,96
1,102,12,2,0,53
2,103,12,2,0,51
0,104,12,3,0,25
0,105,12,5,0,0
0,106,12,6,0,5
0,107,12,6,0,47
1,108,12,7,0,54
1,109,12,8,0,99
1,110,12,8,0,163
0,111,12,11,0,258
1,112,12,14,0,117
0,113,12,17,0,15
0,114,12,22,0,0
0,115,12,24,0,0
0,116,12,26,0,0
0,117,12,28,0,0
0,118,12,29,0,0
0,119,12,31,0,0
0,120,12,34,0,0
0,121,12,36,0,0
0,122,12,36,0,59
0,123,12,41,0,0
0,124,12,47,0,0
0,125,12,48,0,0
0,126,12,50,0,0
0,127,12,55,0,0
0,128,12,59,0,0
0,129,13,0,0,0
0,130,13,2,0,0
0,131,13,4,0,0
0,132,13,5,0,0
0,133,13,14,0,0
0,134,13,19,0,0
0,135,13,27,0,0
0,136,13,29,0,0
0,137,13,30,0,0
0,138,13,31,0,0
0,139,13,31,0,0
0,140,13,33,0,0
0,141,13,37,0,0
0,142,13,38,0,0
0,143,13,40,0,0
0,144,13,40,0,0
0,145,13,42,0,0
0,146,13,45,0,0
0,147,13,49,0,0
0,148,13,55,0,0
0,149,13,55,0,0
0,150,13,57,0,0
0,151,14,7,0,0
0,152,14,8,0,0
0,153,14,9,0,0
0,154,14,11,0,0
0,155,14,16,0,0
0,156,14,17,0,0
0,157,14,18,0,0
0,158,14,18,0,50
0,159,14,29,0,0
0,160,14,31,0,0
0,161,14,31,0,0
0,162,14,34,0,0
0,163,14,35,0,0
0,164,14,39,0,0
0,165,14,49,0,0
0,166,14,53,0,0
0,167,14,57,0,0
0,168,15,6,0,0
0,169,15,10,0,0
0,170,15,14,0,0
0,171,15,21,0,0
0,172,15,30,0,0
0,173,15,30,0,0
0,174,15,33,0,0
0,175,15,33,0,0
0,176,15,35,0,56
1,177,15,35,0,65
0,178,15,37,0,118
0,179,15,42,0,0
0,180,15,45,0,0
0,181,15,50,0,0
0,182,15,51,0,0
0,183,16,0,0,0
0,184,16,5,0,0
0,185,16,6,0,0
0,186,16,8,0,0
0,187,16,11,0,0
0,188,16,12,0,0
0,189,16,13,0,0
0,190,16,23,0,0
0,191,16,26,0,0
0,192,16,28,0,0
0,193,16,35,0,0
0,194,16,36,0,0
0,195,16,42,0,0
0,196,16,43,0,0
0,197,16,47,0,0
0,198,16,47,0,0
0,199,16,49,0,0
0,200,16,50,0,0
0,201,16,51,0,46
1,202,16,51,0,39
2,203,16,51,0,201
1,204,16,52,0,291
1,205,16,57,0,78
1,206,16,57,0,52
0,207,16,59,0,0
0,208,17,7,0,0
0,209,17,17,0,0
0,210,17,21,0,0
0,211,17,29,0,0
0,212,17,33,0,0
0,213,17,37,0,0
0,214,17,38,0,0
0,215,17,45,0,0
0,216,17,45,0,0
0,217,17,46,0,0
0,218,17,47,0,0
0,220,17,54,0,0
0,1,8,0,1,0
0,2,8,1,1,0
0,3,8,3,1,0
0,4,8,5,1,0
0,5,8,13,1,0
0,6,8,16,1,0
0,7,8,20,1,0
0,8,8,22,1,0
0,9,8,24,1,0
0,10,8,30,1,0
0,11,8,31,1,0
0,12,8,39,1,0
0,13,8,39,1,0
0,14,8,46,1,0
0,15,8,50,1,0
0,16,8,51,1,0
0,17,8,53,1,0
0,18,8,53,1,0
0,19,8,56,1,0
0,20,9,5,1,0
0,21,9,6,1,0
0,22,9,8,1,0
0,23,9,10,1,0
0,24,9,10,1,157
1,25,9,11,1,145
2,26,9,12,1,179
0,27,9,16,1,0
0,28,9,16,1,0
0,29,9,18,1,50
1,30,9,19,1,43
0,31,9,20,1,0
0,32,9,28,1,0
0,33,9,29,1,0
0,34,9,31,1,0
0,35,9,36,1,0
0,36,9,37,1,0
0,37,9,37,1,0
0,38,9,40,1,0
0,39,9,40,1,0
0,40,9,45,1,0
0,41,9,46,1,77
1,42,9,46,1,206
0,43,9,52,1,0
0,44,9,53,1,0
0,45,10,2,1,0
0,46,10,4,1,0
0,47,10,6,1,0
0,48,10,7,1,0
0,49,10,9,1,0
0,50,10,17,1,0
0,51,10,20,1,0
0,52,10,23,1,0
0,53,10,24,1,0
0,54,10,24,1,0
0,55,10,30,1,0
0,56,10,31,1,0
0,57,10,31,1,0
0,58,10,44,1,0
0,59,10,44,1,0
0,60,10,46,1,0
0,61,10,51,1,0
0,62,10,51,1,0
0,63,10,51,1,64
0,64,10,52,1,95
0,65,10,57,1,17
0,66,10,59,1,0
0,67,11,4,1,0
0,68,11,8,1,0
0,69,11,12,1,0
0,70,11,17,1,0
0,71,11,17,1,0
0,72,11,19,1,0
0,73,11,24,1,0
0,74,11,32,1,0
0,75,11,35,1,0
0,76,11,41,1,0
0,77,11,42,1,0
0,78,11,46,1,0
0,79,11,48,1,0
0,80,11,50,1,0
0,81,11,51,1,0
0,82,11,54,1,0
0,83,11,58,1,0
0,84,12,0,1,0
0,85,12,9,1,0
0,86,12,10,1,0
0,87,12,14,1,0
0,88,12,16,1,0
0,89,12,18,1,0
0,90,12,20,1,0
0,91,12,21,1,0
0,92,12,23,1,0
0,93,12,29,1,0
0,94,12,31,1,0
0,95,12,34,1,0
0,96,12,34,1,0
0,97,12,36,1,0
0,98,12,36,1,0
0,99,12,36,1,0
0,100,12,45,1,0
0,101,12,46,1,0
0,102,12,53,1,0
0,103,12,56,1,0
0,104,12,56,1,125
1,105,12,56,1,137
0,106,13,4,1,0
0,107,13,4,1,16
1,108,13,4,1,37
0,109,13,8,1,0
0,110,13,12,1,0
0,111,13,13,1,0
0,112,13,16,1,0
0,113,13,18,1,0
0,114,13,23,1,0
0,115,13,26,1,0
0,116,13,27,1,0
0,117,13,30,1,0
0,118,13,32,1,0
0,119,13,36,1,0
0,120,13,37,1,0
0,121,13,40,1,0
0,122,13,41,1,0
0,123,13,44,1,0
0,124,13,48,1,0
0,125,13,48,1,0
0,126,13,50,1,91
1,127,13,50,1,230
0,128,14,3,1,0
0,129,14,3,1,0
0,130,14,4,1,0
0,131,14,6,1,0
0,132,14,9,1,0
0,133,14,10,1,0
0,134,14,13,1,0
0,135,14,14,1,0
0,136,14,15,1,0
0,137,14,16,1,0
0,138,14,16,1,63
1,139,14,17,1,78
0,140,14,19,1,0
0,141,14,23,1,0
0,142,14,24,1,0
0,143,14,26,1,0
0,144,14,28,1,0
0,145,14,30,1,0
0,146,14,36,1,0
0,147,14,37,1,0
0,148,14,48,1,0
0,149,14,49,1,0
0,150,14,50,1,0
0,151,14,51,1,0
0,152,14,53,1,0
0,153,14,54,1,0
0,154,14,56,1,0
0,155,14,57,1,0
0,156,14,59,1,0
0,157,15,5,1,0
0,158,15,14,1,0
0,159,15,15,1,0
0,160,15,19,1,0
0,161,15,19,1,71
1,162,15,20,1,41
0,163,15,29,1,0
0,164,15,30,1,0
0,165,15,32,1,0
0,166,15,34,1,0
0,167,15,43,1,0
0,168,15,48,1,0
0,169,15,49,1,0
0,170,15,51,1,0
0,171,15,52,1,0
0,172,15,53,1,0
0,173,15,54,1,0
0,174,15,55,1,138
1,175,15,56,1,54
0,176,16,2,1,0
0,177,16,3,1,0
0,178,16,18,1,0
0,179,16,19,1,0
0,180,16,21,1,0
0,181,16,21,1,0
0,182,16,21,1,0
0,183,16,30,1,0
0,184,16,34,1,0
0,185,16,40,1,0
0,186,16,41,1,0
0,187,16,42,1,0
0,188,16,42,1,106
0,189,16,46,1,0
0,190,16,47,1,26
0,191,16,48,1,16
0,192,16,56,1,0
0,193,17,1,1,0
0,194,17,2,1,0
0,195,17,9,1,0
0,196,17,10,1,0
0,197,17,15,1,0
0,198,17,20,1,0
0,199,17,23,1,0
0,200,17,26,1,0
0,201,17,27,1,0
0,202,17,29,1,0
0,203,17,36,1,0
0,204,17,38,1,0
0,205,17,43,1,0
0,206,17,43,1,0
0,207,17,45,1,0
0,1,8,0,2,0
0,2,8,3,2,0
0,3,8,4,2,0
0,4,8,6,2,0
0,5,8,6,2,0
0,6,8,8,2,0
0,7,8,9,2,0
0,8,8,10,2,0
0,9,8,13,2,0
0,10,8,15,2,0
0,11,8,15,2,0
0,12,8,17,2,0
0,13,8,18,2,0
0,14,8,21,2,0
0,15,8,30,2,0
0,16,8,31,2,0
0,17,8,33,2,0
0,18,8,36,2,0
0,19,8,37,2,0
0,20,8,39,2,0
0,21,8,41,2,0
0,22,8,43,2,0
0,23,8,45,2,0
0,24,8,52,2,0
0,25,8,55,2,0
0,26,8,56,2,0
0,27,8,59,2,0
0,28,9,0,2,0
0,29,9,6,2,0
0,30,9,10,2,0
0,31,9,13,2,0
0,32,9,16,2,0
0,33,9,17,2,0
0,34,9,18,2,0
0,35,9,20,2,0
0,36,9,24,2,0
0,37,9,25,2,0
0,38,9,25,2,0
0,39,9,26,2,54
0,40,9,28,2,124
1,41,9,29,2,141
0,42,9,37,2,0
0,43,9,37,2,0
0,44,9,40,2,0
0,45,9,46,2,0
0,46,9,52,2,0
0,47,9,55,2,0
0,48,10,0,2,0
0,49,10,3,2,0
0,50,10,3,2,0
0,51,10,4,2,0
0,52,10,6,2,0
0,53,10,7,2,0
0,54,10,15,2,0
0,55,10,16,2,0
0,56,10,18,2,0
0,57,10,23,2,0
0,58,10,24,2,0
0,59,10,24,2,72
0,60,10,25,2,119
0,61,10,33,2,0
0,62,10,37,2,0
0,63,10,38,2,0
0,64,10,38,2,0
0,65,10,41,2,0
0,66,10,42,2,18
0,67,10,49,2,0
0,68,10,50,2,0
0,69,10,51,2,0
0,70,11,6,2,0
0,71,11,9,2,0
0,72,11,10,2,0
0,73,11,11,2,0
0,74,11,11,2,0
0,75,11,11,2,211
1,76,11,12,2,276
2,77,11,13,2,282
3,78,11,14,2,245
3,79,11,16,2,219
1,80,11,18,2,314
2,81,11,19,2,489
3,82,11,20,2,519
3,83,11,23,2,361
3,84,11,26,2,336
3,85,11,28,2,259
0,86,11,35,2,0
0,87,11,36,2,0
0,88,11,36,2,0
0,89,11,39,2,0
0,90,11,47,2,0
0,91,11,48,2,0
0,92,11,51,2,0
0,93,11,58,2,0
0,94,12,5,2,0
0,95,12,6,2,0
0,96,12,7,2,0
0,97,12,11,2,0
0,98,12,13,2,0
0,99,12,15,2,0
0,100,12,16,2,163
1,101,12,16,2,223
1,102,12,19,2,27
0,103,12,23,2,0
0,104,12,23,2,0
0,105,12,24,2,0
0,106,12,28,2,0
0,107,12,28,2,0
0,108,12,33,2,0
0,109,12,34,2,0
0,110,12,39,2,0
0,111,12,40,2,0
0,112,12,51,2,0
0,113,12,53,2,0
0,114,12,59,2,0
0,115,13,0,2,0
0,116,13,0,2,0
0,117,13,1,2,0
0,118,13,1,2,14
0,119,13,2,2,159
1,120,13,3,2,167
0,121,13,11,2,0
0,122,13,11,2,0
0,123,13,16,2,0
0,124,13,18,2,0
0,125,13,20,2,0
0,126,13,24,2,0
0,127,13,25,2,0
0,128,13,26,2,210
0,129,13,33,2,0
0,130,13,36,2,0
0,131,13,37,2,0
0,132,13,37,2,121
0,133,13,42,2,0
0,134,13,42,2,0
0,135,13,43,2,0
0,136,13,46,2,0
0,137,13,48,2,0
0,138,13,51,2,0
0,139,13,51,2,0
0,140,13,54,2,0
0,141,13,57,2,0
0,142,13,57,2,154
0,143,14,0,2,0
0,144,14,2,2,0
0,145,14,4,2,0
0,146,14,9,2,0
0,147,14,9,2,122
0,148,14,17,2,0
0,149,14,17,2,0
0,150,14,17,2,0
0,151,14,21,2,0
0,152,14,22,2,0
0,153,14,22,2,0
0,154,14,22,2,14
0,155,14,26,2,0
0,156,14,38,2,0
0,157,14,39,2,0
0,158,14,44,2,0
0,159,14,51,2,0
0,160,14,53,2,0
0,161,14,57,2,0
0,162,15,3,2,0
0,163,15,6,2,0
0,164,15,17,2,0
0,165,15,18,2,0
0,166,15,18,2,0
0,167,15,20,2,0
0,168,15,23,2,0
0,169,15,32,2,0
0,170,15,33,2,0
0,171,15,34,2,0
0,172,15,37,2,0
0,173,15,38,2,0
0,174,15,39,2,0
0,175,15,46,2,0
0,176,15,52,2,0
0,177,15,55,2,0
0,178,15,57,2,0
0,179,16,0,2,0
0,180,16,7,2,0
0,181,16,8,2,0
0,182,16,11,2,0
0,183,16,12,2,0
0,184,16,21,2,0
0,185,16,28,2,0
0,186,16,29,2,0
0,187,16,32,2,0
0,188,16,33,2,0
0,189,16,36,2,0
0,190,16,37,2,0
0,191,16,38,2,0
0,192,16,38,2,4
0,193,16,45,2,0
0,194,16,46,2,0
0,195,16,56,2,0
0,196,16,56,2,0
0,197,16,59,2,0
0,198,17,0,2,0
0,199,17,1,2,0
0,200,17,2,2,159
1,201,17,2,2,148
0,202,17,7,2,0
0,203,17,9,2,0
0,204,17,10,2,0
0,205,17,12,2,0
0,206,17,15,2,0
0,207,17,16,2,0
0,208,17,18,2,0
0,209,17,20,2,0
0,210,17,24,2,0
0,211,17,26,2,0
0,212,17,29,2,0
0,213,17,30,2,0
0,214,17,30,2,0
0,215,17,33,2,0
0,216,17,33,2,0
0,217,17,34,2,0
0,218,17,39,2,0
0,219,17,39,2,0
0,220,17,40,2,0
0,221,17,41,2,0
0,222,17,41,2,0
0,223,17,47,2,0
0,224,17,47,2,0
0,225,17,48,2,0
0,1,8,0,3,0
0,2,8,1,3,0
0,3,8,5,3,0
0,4,8,6,3,0
0,5,8,6,3,0
0,6,8,7,3,0
0,7,8,10,3,0
0,8,8,13,3,0
0,9,8,14,3,0
0,10,8,19,3,0
0,11,8,19,3,7
0,12,8,19,3,40
0,13,8,24,3,0
0,14,8,30,3,0
0,15,8,32,3,0
0,16,8,33,3,0
0,17,8,36,3,0
0,18,8,46,3,0
0,19,8,49,3,0
0,20,8,53,3,0
0,21,8,54,3,0
0,22,8,56,3,0
0,23,8,59,3,0
0,24,9,3,3,0
0,25,9,4,3,0
0,26,9,4,3,0
0,27,9,5,3,0
0,28,9,7,3,0
0,29,9,7,3,228
1,30,9,10,3,120
0,31,9,12,3,5
0,32,9,12,3,0
0,33,9,13,3,31
0,34,9,16,3,0
0,35,9,18,3,0
0,36,9,19,3,94
1,37,9,20,3,57
1,38,9,20,3,26
0,39,9,29,3,0
0,40,9,29,3,0
0,41,9,39,3,0
0,42,9,40,3,0
0,43,9,41,3,0
0,44,9,41,3,0
0,45,9,46,3,0
0,46,9,46,3,0
0,47,9,47,3,38
1,48,9,47,3,56
1,49,9,48,3,33
1,50,9,49,3,163
1,51,9,50,3,81
0,52,9,54,3,0
0,53,9,57,3,0
0,54,10,10,3,0
0,55,10,16,3,0
0,56,10,16,3,0
0,57,10,18,3,0
0,58,10,21,3,0
0,59,10,24,3,0
0,60,10,26,3,0
0,61,10,28,3,0
0,62,10,31,3,0
0,63,10,31,3,0
0,64,10,33,3,0
0,65,10,37,3,0
0,66,10,38,3,0
0,67,10,39,3,0
0,68,10,42,3,0
0,69,10,45,3,0
0,70,10,49,3,0
0,71,10,51,3,0
0,72,10,54,3,0
0,73,10,55,3,0
0,74,11,2,3,0
0,75,11,4,3,0
0,76,11,6,3,0
0,77,11,7,3,0
0,78,11,8,3,0
0,79,11,11,3,0
0,80,11,23,3,0
0,81,11,24,3,0
0,82,11,27,3,0
0,83,11,30,3,0
0,84,11,32,3,0
0,85,11,37,3,0
0,86,11,41,3,0
0,87,11,42,3,0
0,88,11,46,3,0
0,89,11,51,3,0
0,90,11,55,3,0
0,91,12,0,3,0
0,92,12,3,3,0
0,93,12,4,3,0
0,94,12,8,3,0
0,95,12,8,3,0
0,96,12,10,3,0
0,97,12,11,3,0
0,98,12,13,3,0
0,99,12,19,3,0
0,100,12,20,3,0
0,101,12,21,3,0
0,102,12,25,3,0
0,103,12,28,3,0
0,104,12,28,3,0
0,105,12,29,3,156
1,106,12,31,3,223
2,107,12,31,3,326
2,108,12,32,3,369
3,109,12,34,3,535
2,110,12,36,3,471
3,111,12,37,3,449
4,112,12,38,3,475
4,113,12,39,3,501
5,114,12,39,3,579
6,115,12,41,3,603
3,116,12,46,3,286
4,117,12,47,3,227
2,118,12,51,3,92
0,119,12,52,3,202
0,120,12,58,3,0
0,121,13,0,3,0
0,122,13,2,3,71
1,123,13,2,3,92
0,124,13,8,3,0
0,125,13,9,3,0
0,126,13,11,3,22
0,127,13,17,3,0
0,128,13,19,3,0
0,129,13,20,3,0
0,130,13,21,3,0
0,131,13,21,3,0
0,132,13,22,3,0
0,133,13,23,3,0
0,134,13,25,3,0
0,135,13,31,3,0
0,136,13,33,3,0
0,137,13,36,3,0
0,138,13,37,3,0
0,139,13,39,3,0
0,140,13,41,3,0
0,141,13,43,3,0
0,142,13,45,3,0
0,143,13,47,3,0
0,144,13,52,3,0
0,145,13,55,3,0
0,146,13,55,3,0
0,147,14,1,3,0
0,148,14,5,3,0
0,149,14,7,3,0
0,150,14,8,3,0
0,151,14,9,3,0
0,152,14,10,3,0
0,153,14,11,3,0
0,154,14,11,3,150
0,155,14,17,3,0
0,156,14,24,3,0
0,157,14,24,3,0
0,158,14,25,3,0
0,159,14,28,3,0
0,160,14,30,3,0
0,161,14,31,3,0
0,162,14,31,3,0
0,163,14,32,3,0
0,164,14,42,3,0
0,165,14,42,3,0
0,166,14,44,3,0
0,167,14,44,3,0
0,168,14,49,3,0
0,169,14,51,3,0
0,170,14,56,3,0
0,171,15,0,3,0
0,172,15,2,3,0
0,173,15,6,3,0
0,174,15,11,3,0
0,175,15,16,3,0
0,176,15,19,3,0
0,177,15,20,3,0
0,178,15,21,3,0
0,179,15,22,3,0
0,180,15,25,3,0
0,181,15,28,3,0
0,182,15,29,3,0
0,183,15,29,3,0
0,184,15,30,3,0
0,185,15,31,3,36
0,186,15,33,3,111
1,187,15,33,3,391
2,188,15,34,3,501
2,189,15,35,3,526
3,190,15,38,3,589
4,191,15,39,3,522
4,192,15,40,3,581
5,193,15,40,3,570
6,194,15,41,3,579
6,195,15,43,3,517
6,196,15,45,3,513
2,197,15,52,3,99
2,198,15,53,3,48
0,199,15,59,3,0
0,200,16,1,3,0
0,201,16,5,3,0
0,202,16,5,3,0
0,203,16,12,3,0
0,204,16,16,3,0
0,205,16,19,3,0
0,206,16,24,3,0
0,207,16,25,3,0
0,208,16,30,3,0
0,209,16,35,3,0
0,210,16,35,3,0
0,211,16,37,3,0
0,212,16,39,3,0
0,213,16,40,3,0
0,214,16,47,3,0
0,215,16,49,3,0
0,216,16,50,3,0
0,217,16,51,3,0
0,218,16,58,3,0
0,219,16,59,3,0
0,220,17,0,3,0
0,221,17,8,3,0
0,222,17,14,3,0
0,223,17,22,3,0
0,224,17,22,3,0
0,225,17,22,3,0
0,226,17,28,3,0
0,227,17,30,3,0
0,228,17,36,3,0
0,229,17,41,3,0
0,230,17,42,3,0
0,231,17,42,3,0
0,232,17,46,3,0
0,233,17,46,3,0
0,234,17,50,3,0
0,1,8,0,4,0
0,2,8,0,4,0
0,3,8,1,4,0
0,4,8,2,4,0
0,5,8,7,4,0
0,6,8,7,4,0
0,7,8,8,4,0
0,8,8,11,4,0
0,9,8,14,4,0
0,10,8,20,4,0
0,11,8,24,4,0
0,12,8,27,4,0
0,13,8,29,4,0
0,14,8,30,4,0
0,15,8,35,4,0
0,16,8,40,4,0
0,17,8,45,4,0
0,18,8,49,4,0
0,19,9,5,4,0
0,20,9,6,4,0
0,21,9,12,4,0
0,22,9,12,4,0
0,23,9,14,4,0
0,24,9,17,4,0
0,25,9,18,4,0
0,26,9,23,4,0
0,27,9,27,4,0
0,28,9,30,4,0
0,29,9,31,4,0
0,30,9,32,4,0
0,31,9,39,4,0
0,32,9,41,4,0
0,33,9,46,4,0
0,34,9,51,4,0
0,35,9,52,4,0
0,36,9,53,4,0
0,37,9,55,4,0
0,38,9,55,4,0
0,39,9,56,4,0
0,40,9,57,4,0
0,41,9,59,4,0
0,42,10,0,4,0
0,43,10,3,4,0
0,44,10,4,4,0
0,45,10,6,4,0
0,46,10,6,4,51
0,47,10,10,4,0
0,48,10,11,4,0
0,49,10,11,4,0
0,50,10,23,4,0
0,51,10,24,4,0
0,52,10,30,4,0
0,53,10,36,4,0
0,54,10,36,4,0
0,55,10,38,4,0
0,56,10,39,4,0
0,57,10,46,4,0
0,58,10,55,4,0
0,59,10,58,4,0
0,60,10,59,4,0
0,61,11,6,4,0
0,62,11,10,4,0
0,63,11,11,4,0
0,64,11,12,4,0
0,65,11,23,4,0
0,66,11,30,4,0
0,67,11,34,4,0
0,68,11,39,4,0
0,69,11,39,4,0
0,70,11,41,4,0
0,71,11,42,4,0
0,72,11,46,4,0
0,73,11,48,4,0
0,74,11,48,4,0
0,75,11,52,4,0
0,76,11,53,4,0
0,77,11,56,4,0
0,78,11,58,4,0
0,79,11,58,4,0
0,80,12,0,4,0
0,81,12,3,4,0
0,82,12,4,4,0
0,83,12,9,4,0
0,84,12,11,4,0
0,85,12,12,4,0
0,86,12,32,4,0
0,87,12,32,4,0
0,88,12,32,4,0
0,89,12,34,4,0
0,90,12,37,4,0
0,91,12,40,4,0
0,92,12,41,4,0
0,93,12,52,4,0
0,94,12,53,4,0
0,95,12,55,4,0
0,96,12,57,4,0
0,97,13,0,4,0
0,98,13,0,4,0
0,99,13,3,4,0
0,100,13,5,4,0
0,101,13,5,4,66
0,102,13,9,4,0
0,103,13,15,4,0
0,104,13,16,4,0
0,105,13,18,4,0
0,106,13,18,4,0
0,107,13,24,4,0
0,108,13,28,4,0
0,109,13,30,4,0
0,110,13,34,4,0
0,111,13,36,4,0
0,112,13,41,4,0
0,113,13,42,4,0
0,114,13,45,4,0
0,115,13,46,4,0
0,116,13,49,4,0
0,117,13,49,4,0
0,118,13,57,4,0
0,119,13,57,4,0
0,120,13,59,4,0
0,121,14,0,4,0
0,122,14,3,4,0
0,123,14,12,4,0
0,124,14,14,4,0
0,125,14,16,4,0
0,126,14,18,4,0
0,127,14,19,4,0
0,128,14,21,4,0
0,129,14,25,4,0
0,130,14,26,4,0
0,131,14,26,4,0
0,132,14,29,4,0
0,133,14,29,4,0
0,134,14,33,4,0
0,135,14,35,4,0
0,136,14,37,4,0
0,137,14,39,4,0
0,138,14,41,4,0
0,139,14,46,4,0
0,140,14,49,4,0
0,141,14,56,4,0
0,142,14,56,4,0
0,143,14,59,4,0
0,144,15,4,4,0
0,145,15,9,4,0
0,146,15,11,4,0
0,147,15,11,4,0
0,148,15,12,4,0
0,149,15,13,4,0
0,150,15,13,4,0
0,151,15,17,4,0
0,152,15,18,4,0
0,153,15,21,4,0
0,154,15,24,4,0
0,155,15,26,4,0
0,156,15,33,4,0
0,157,15,40,4,0
0,158,15,40,4,0
0,159,15,46,4,0
0,160,15,47,4,0
0,161,15,48,4,0
0,162,15,52,4,0
0,163,15,53,4,0
0,164,15,57,4,0
0,165,15,57,4,0
0,166,15,59,4,0
0,167,15,59,4,0
0,168,16,5,4,0
0,169,16,5,4,0
0,170,16,7,4,0
0,171,16,19,4,0
0,172,16,21,4,0
0,173,16,22,4,0
0,174,16,23,4,0
0,175,16,23,4,0
0,176,16,32,4,0
0,177,16,32,4,0
0,178,16,33,4,0
0,179,16,37,4,0
0,180,16,40,4,0
0,181,16,43,4,0
0,182,16,48,4,0
0,183,16,50,4,0
0,184,16,51,4,0
0,185,16,54,4,0
0,186,16,56,4,0
0,187,16,56,4,0
0,188,16,59,4,0
0,189,17,5,4,0
0,190,17,9,4,0
0,191,17,12,4,0
0,192,17,13,4,0
0,193,17,17,4,0
0,194,17,21,4,0
0,195,17,23,4,0
0,196,17,23,4,0
0,197,17,23,4,0
0,198,17,25,4,0
0,199,17,25,4,90
1,200,17,26,4,122
0,201,17,29,4,0
0,202,17,31,4,0
0,203,17,31,4,68
0,204,17,34,4,0
0,205,17,35,4,134
0,206,17,38,4,119
1,207,17,38,4,281
0,208,17,54,4,0
0,1,8,0,0,0
0,2,8,1,0,0
0,3,8,1,0,0
0,4,8,2,0,0
0,5,8,3,0,0
0,6,8,3,0,220
0,7,8,11,0,0
0,8,8,20,0,0
0,9,8,24,0,0
0,10,8,24,0,0
0,11,8,25,0,0
0,12,8,30,0,0
0,13,8,32,0,0
0,14,8,34,0,0
0,15,8,35,0,0
0,16,8,42,0,0
0,17,8,42,0,0
0,18,8,47,0,0
0,19,8,53,0,0
0,20,8,54,0,0
0,21,8,57,0,0
0,22,9,0,0,0
0,23,9,3,0,0
0,24,9,4,0,0
0,25,9,8,0,0
0,26,9,8,0,0
0,27,9,8,0,0
0,28,9,17,0,0
0,29,9,18,0,0
0,30,9,21,0,0
0,31,9,25,0,0
0,32,9,30,0,0
0,33,9,31,0,0
0,34,9,37,0,0
0,35,9,45,0,0
0,36,9,53,0,0
0,37,9,56,0,0
0,38,10,1,0,0
0,39,10,3,0,0
0,40,10,4,0,0
0,41,10,5,0,0
0,42,10,8,0,0
0,43,10,8,0,51
0,44,10,10,0,20
0,45,10,10,0,94
0,46,10,12,0,0
0,47,10,13,0,52
0,48,10,15,0,128
1,49,10,15,0,173
2,50,10,15,0,184
3,51,10,15,0,225
4,52,10,17,0,268
0,53,10,22,0,0
0,54,10,24,0,0
0,55,10,27,0,0
0,56,10,28,0,11
0,57,10,32,0,0
0,58,10,32,0,0
0,59,10,38,0,0
0,60,10,40,0,0
0,61,10,45,0,0
0,62,10,48,0,0
0,63,10,51,0,0
0,64,10,53,0,0
0,65,10,53,0,0
0,66,10,57,0,0
0,67,11,2,0,0
0,68,11,7,0,0
0,69,11,16,0,0
0,70,11,18,0,0
0,71,11,19,0,0
0,72,11,19,0,0
0,73,11,25,0,0
0,74,11,27,0,0
0,75,11,30,0,0
0,76,11,31,0,127
1,77,11,33,0,153
1,78,11,33,0,197
2,79,11,33,0,261
3,80,11,34,0,232
3,81,11,35,0,155
3,82,11,37,0,170
4,83,11,37,0,275
5,84,11,37,0,235
2,85,11,40,0,138
1,86,11,42,0,211
2,87,11,42,0,287
1,88,11,46,0,44
2,89,11,46,0,95
1,90,11,47,0,132
1,91,11,48,0,285
1,92,11,50,0,215
0,93,11,54,0,0
0,94,11,57,0,0
0,95,12,1,0,0
0,96,12,4,0,0
0,97,12,4,0,0
0,98,12,7,0,0
0,99,12,7,0,0
0,100,12,8,0,17
1,101,12,8,0,49
0,102,12,11,0,0
0,103,12,11,0,26
0,104,12,11,0,0
0,105,12,20,0,0
0,106,12,20,0,0
0,107,12,23,0,0
0,108,12,29,0,0
0,109,12,30,0,0
0,110,12,30,0,0
0,111,12,30,0,0
0,112,12,38,0,0
0,113,12,40,0,0
0,114,12,41,0,0
0,115,12,42,0,0
0,116,12,44,0,0
0,117,12,47,0,0
0,118,12,50,0,0
0,119,12,54,0,0
0,120,12,54,0,0
0,121,12,58,0,0
0,122,12,59,0,0
0,123,13,1,0,0
0,124,13,2,0,135
1,125,13,2,0,105
2,126,13,3,0,113
1,127,13,4,0,44
1,128,13,5,0,59
0,129,13,7,0,0
0,130,13,11,0,0
0,131,13,13,0,0
0,132,13,16,0,0
0,133,13,19,0,0
0,134,13,22,0,0
0,135,13,22,0,0
0,136,13,25,0,0
0,137,13,29,0,0
0,138,13,29,0,0
0,139,13,31,0,0
0,140,13,32,0,49
0,141,13,43,0,0
0,142,13,43,0,0
0,143,13,45,0,0
0,144,13,48,0,0
0,145,13,51,0,0
0,146,13,52,0,0
0,147,13,59,0,0
0,148,14,1,0,0
0,149,14,4,0,0
0,150,14,4,0,0
0,151,14,11,0,0
0,152,14,11,0,0
0,153,14,13,0,0
0,154,14,15,0,0
0,155,14,19,0,0
0,156,14,19,0,0
0,157,14,20,0,0
0,158,14,21,0,0
0,159,14,21,0,0
0,160,14,24,0,0
0,161,14,25,0,0
0,162,14,29,0,0
0,163,14,42,0,0
0,164,14,43,0,0
0,165,14,44,0,0
0,166,14,44,0,0
0,167,14,45,0,0
0,168,14,50,0,0
0,169,14,53,0,0
0,170,14,57,0,0
0,171,14,57,0,0
0,172,14,59,0,0
0,173,15,1,0,0
0,174,15,1,0,0
0,175,15,3,0,0
0,176,15,5,0,0
0,177,15,9,0,0
0,178,15,9,0,225
1,179,15,12,0,81
0,180,15,18,0,0
0,181,15,19,0,0
0,182,15,25,0,0
0,183,15,33,0,0
0,184,15,35,0,0
0,185,15,35,0,0
0,186,15,35,0,306
1,187,15,38,0,270
0,188,15,43,0,0
0,189,15,46,0,0
0,190,15,48,0,0
0,191,15,48,0,12
0,192,15,51,0,52
1,193,15,51,0,82
0,194,15,54,0,0
0,195,16,6,0,0
0,196,16,10,0,0
0,197,16,11,0,0
0,198,16,15,0,0
0,199,16,28,0,0
0,200,16,29,0,0
0,201,16,38,0,0
0,202,16,38,0,0
0,203,16,39,0,0
0,204,16,40,0,49
1,205,16,40,0,188
1,206,16,42,0,190
0,207,16,46,0,0
0,208,16,50,0,0
0,209,16,51,0,0
0,210,16,55,0,0
0,211,16,57,0,0
0,212,16,58,0,0
0,213,16,59,0,0
0,214,17,0,0,20
1,215,17,0,0,91
1,216,17,2,0,109
0,217,17,9,0,0
0,218,17,18,0,0
0,219,17,19,0,0
0,220,17,21,0,0
0,221,17,23,0,91
0,222,17,28,0,263
1,223,17,28,0,267
2,224,17,32,0,160
3,225,17,32,0,200
3,226,17,33,0,282
4,227,17,33,0,355
3,228,17,35,0,212
0,230,17,49,0,0
0,231,17,50,0,0
0,232,17,50,0,0
0,233,17,51,0,0
0,234,17,52,0,0
0,235,17,52,0,123
1,236,17,53,0,146
2,237,17,54,0,115
2,238,17,56,0,49
0,239,17,57,0,0
0,1,8,0,1,0
0,2,8,6,1,0
0,3,8,7,1,0
0,4,8,10,1,0
0,5,8,10,1,0
0,6,8,11,1,280
1,7,8,14,1,92
0,8,8,18,1,123
0,9,8,26,1,0
0,10,8,26,1,0
0,11,8,36,1,0
0,12,8,36,1,0
0,13,8,39,1,0
0,14,8,40,1,0
0,15,8,45,1,0
0,16,8,48,1,0
0,17,8,50,1,0
0,18,8,54,1,0
0,19,8,55,1,0
0,20,8,56,1,0
0,21,8,59,1,0
0,22,9,7,1,0
0,23,9,8,1,0
0,24,9,8,1,0
0,25,9,13,1,0
0,26,9,19,1,0
0,27,9,22,1,0
0,28,9,26,1,0
0,29,9,29,1,0
0,30,9,34,1,0
0,31,9,36,1,0
0,32,9,38,1,0
0,33,9,40,1,0
0,34,9,41,1,0
0,35,9,42,1,0
0,36,9,47,1,0
0,37,9,56,1,0
0,38,9,57,1,0
0,39,9,59,1,0
0,40,10,2,1,0
0,41,10,5,1,0
0,42,10,7,1,0
0,43,10,10,1,0
0,44,10,14,1,0
0,45,10,17,1,0
0,46,10,28,1,0
0,47,10,30,1,0
0,48,10,34,1,0
0,49,10,38,1,0
0,50,10,40,1,0
0,51,10,43,1,0
0,52,10,46,1,0
0,53,10,51,1,0
0,54,10,57,1,0
0,55,11,1,1,0
0,56,11,2,1,0
0,57,11,3,1,0
0,58,11,3,1,0
0,59,11,14,1,0
0,60,11,28,1,0
0,61,11,33,1,0
0,62,11,35,1,0
0,63,11,37,1,0
0,64,11,38,1,0
0,65,11,38,1,0
0,66,11,41,1,0
0,67,11,43,1,0
0,68,11,43,1,0
0,69,11,45,1,0
0,70,11,48,1,0
0,71,11,54,1,0
0,72,11,55,1,0
0,73,11,57,1,0
0,74,11,58,1,32
1,75,11,58,1,302
1,76,12,1,1,151
1,77,12,3,1,79
0,78,12,13,1,0
0,79,12,22,1,0
0,80,12,24,1,0
0,81,12,24,1,0
0,82,12,26,1,0
0,83,12,40,1,0
0,84,12,40,1,0
0,85,12,49,1,0
0,86,12,50,1,0
0,87,12,58,1,0
0,88,12,58,1,0
0,89,13,0,1,0
0,90,13,1,1,0
0,91,13,3,1,0
0,92,13,6,1,25
0,93,13,7,1,73
0,94,13,9,1,0
0,95,13,10,1,0
0,96,13,11,1,0
0,97,13,13,1,49
0,98,13,15,1,0
0,99,13,15,1,0
0,100,13,17,1,0
0,101,13,17,1,0
0,102,13,19,1,0
0,103,13,20,1,0
0,104,13,23,1,0
0,105,13,24,1,0
0,106,13,25,1,0
0,107,13,26,1,0
0,108,13,27,1,22
0,109,13,27,1,150
0,110,13,30,1,23
0,111,13,31,1,0
0,112,13,33,1,0
0,113,13,34,1,0
0,114,13,45,1,0
0,115,13,45,1,0
0,116,13,47,1,0
0,117,13,48,1,0
0,118,13,53,1,0
0,119,13,57,1,0
0,120,13,58,1,0
0,121,13,59,1,0
0,122,14,1,1,0
0,123,14,5,1,0
0,124,14,6,1,0
0,125,14,8,1,0
0,126,14,9,1,0
0,127,14,11,1,0
0,128,14,13,1,0
0,129,14,17,1,0
0,130,14,18,1,0
0,131,14,18,1,0
0,132,14,20,1,0
0,133,14,23,1,0
0,134,14,29,1,0
0,135,14,33,1,0
0,136,14,34,1,0
0,137,14,35,1,0
0,138,14,39,1,0
0,139,14,39,1,133
0,140,14,45,1,0
0,141,14,46,1,0
0,142,14,47,1,0
0,143,14,49,1,0
0,144,14,56,1,0
0,145,14,58,1,0
0,146,14,59,1,0
0,147,15,0,1,0
0,148,15,2,1,0
0,149,15,6,1,0
0,150,15,10,1,0
0,151,15,16,1,0
0,152,15,17,1,0
0,153,15,17,1,0
0,154,15,20,1,0
0,155,15,22,1,0
0,156,15,29,1,0
0,157,15,32,1,0
0,158,15,37,1,0
0,159,15,37,1,0
0,160,15,38,1,0
0,161,15,38,1,0
0,162,15,42,1,0
0,163,15,47,1,0
0,164,15,58,1,0
0,165,16,0,1,0
0,166,16,2,1,0
0,167,16,2,1,0
0,168,16,3,1,0
0,169,16,5,1,0
0,170,16,6,1,0
0,171,16,6,1,27
0,172,16,11,1,0
0,173,16,12,1,0
0,174,16,13,1,0
0,175,16,14,1,0
0,176,16,16,1,12
0,177,16,17,1,0
0,178,16,18,1,0
0,179,16,21,1,0
0,180,16,29,1,0
0,181,16,38,1,0
0,182,16,39,1,0
0,183,16,42,1,0
0,184,16,43,1,0
0,185,16,46,1,0
0,186,16,49,1,0
0,187,16,50,1,0
0,188,17,0,1,0
0,189,17,3,1,0
0,190,17,8,1,0
0,191,17,13,1,0
0,192,17,15,1,0
0,193,17,16,1,0
0,194,17,17,1,0
0,195,17,21,1,0
0,196,17,25,1,0
0,197,17,26,1,0
0,198,17,36,1,0
0,199,17,37,1,0
0,200,17,41,1,0
0,201,17,42,1,0
0,202,17,48,1,0
0,203,17,50,1,0
0,1,8,0,2,0
0,2,8,0,2,0
0,3,8,2,2,0
0,4,8,8,2,0
0,5,8,9,2,0
0,6,8,12,2,0
0,7,8,20,2,0
0,8,8,26,2,0
0,9,8,31,2,0
0,10,8,40,2,0
0,11,8,58,2,0
0,12,9,1,2,0
0,13,9,11,2,0
0,14,9,18,2,0
0,15,9,21,2,0
0,16,9,27,2,0
0,17,9,28,2,0
0,18,9,33,2,0
0,19,9,39,2,0
0,20,9,39,2,0
0,21,9,41,2,0
0,22,9,42,2,2
0,23,9,43,2,0
0,24,9,44,2,0
0,25,9,47,2,0
0,26,9,48,2,0
0,27,9,49,2,0
0,28,9,50,2,0
0,29,9,53,2,0
0,30,9,55,2,0
0,31,9,56,2,0
0,32,9,57,2,181
1,33,9,58,2,253
2,34,10,0,2,300
1,35,10,3,2,193
0,36,10,8,2,0
0,37,10,10,2,0
0,38,10,12,2,0
0,39,10,17,2,0
0,40,10,20,2,0
0,41,10,27,2,0
0,42,10,28,2,0
0,43,10,29,2,0
0,44,10,30,2,0
0,45,10,32,2,133
0,46,10,35,2,0
0,47,10,37,2,0
0,48,10,39,2,0
0,49,10,39,2,0
0,50,10,40,2,0
0,51,10,43,2,0
0,52,10,44,2,0
0,53,10,44,2,25
0,54,10,45,2,30
0,55,10,46,2,43
0,56,10,48,2,0
0,57,10,50,2,0
0,58,10,50,2,0
0,59,10,53,2,0
0,60,11,13,2,0
0,61,11,13,2,0
0,62,11,15,2,0
0,63,11,17,2,0
0,64,11,19,2,0
0,65,11,21,2,0
0,66,11,22,2,0
0,67,11,28,2,0
0,68,11,28,2,0
0,69,11,29,2,0
0,70,11,29,2,0
0,71,11,31,2,0
0,72,11,32,2,8
0,73,11,33,2,56
0,74,11,36,2,0
0,75,11,37,2,0
0,76,11,37,2,75
0,77,11,38,2,85
0,78,11,40,2,0
0,79,11,43,2,0
0,80,11,46,2,0
0,81,11,50,2,0
0,82,11,55,2,0
0,83,12,2,2,0
0,84,12,6,2,0
0,85,12,13,2,0
0,86,12,15,2,0
0,87,12,16,2,0
0,88,12,29,2,0
0,89,12,29,2,0
0,90,12,31,2,0
0,91,12,31,2,0
0,92,12,37,2,0
0,93,12,43,2,0
0,94,12,47,2,0
0,95,12,55,2,0
0,96,12,56,2,0
0,97,12,56,2,0
0,98,12,57,2,0
0,99,13,3,2,0
0,100,13,10,2,0
0,101,13,13,2,0
0,102,13,20,2,0
0,103,13,21,2,0
0,104,13,25,2,0
0,105,13,26,2,0
0,106,13,27,2,0
0,107,13,32,2,0
0,108,13,34,2,0
0,109,13,36,2,0
0,110,13,37,2,0
0,111,13,40,2,0
0,112,13,41,2,0
0,113,13,41,2,0
0,114,13,42,2,0
0,115,13,52,2,0
0,116,13,52,2,0
0,117,13,53,2,0
0,118,13,56,2,0
0,119,14,2,2,0
0,120,14,8,2,0
0,121,14,15,2,0
0,122,14,15,2,0
0,123,14,17,2,0
0,124,14,19,2,0
0,125,14,20,2,122
1,126,14,21,2,139
0,127,14,31,2,0
0,128,14,31,2,0
0,129,14,32,2,135
0,130,14,40,2,0
0,131,14,41,2,0
0,132,14,46,2,0
0,133,14,46,2,0
0,134,14,51,2,0
0,135,14,52,2,0
0,136,14,57,2,0
0,137,14,59,2,0
0,138,15,0,2,0
0,139,15,4,2,0
0,140,15,4,2,0
0,141,15,5,2,0
0,142,15,11,2,0
0,143,15,12,2,0
0,144,15,14,2,0
0,145,15,15,2,0
0,146,15,17,2,0
0,147,15,17,2,0
0,148,15,17,2,38
0,149,15,20,2,0
0,150,15,20,2,159
0,151,15,23,2,50
0,152,15,24,2,0
0,153,15,24,2,65
0,154,15,28,2,0
0,155,15,29,2,0
0,156,15,37,2,0
0,157,15,39,2,0
0,158,15,43,2,0
0,159,15,45,2,0
0,160,15,48,2,0
0,161,15,50,2,0
0,162,15,51,2,0
0,163,15,52,2,0
0,164,15,52,2,0
0,165,15,52,2,0
0,166,15,57,2,0
0,167,16,0,2,0
0,168,16,1,2,0
0,169,16,2,2,0
0,170,16,7,2,0
0,171,16,12,2,0
0,172,16,16,2,0
0,173,16,18,2,0
0,174,16,19,2,0
0,175,16,20,2,0
0,176,16,25,2,0
0,177,16,26,2,0
0,178,16,30,2,0
0,179,16,31,2,0
0,180,16,38,2,0
0,181,16,40,2,0
0,182,16,45,2,0
0,183,16,49,2,0
0,184,16,53,2,0
0,185,16,54,2,0
0,186,17,0,2,0
0,187,17,3,2,0
0,188,17,9,2,0
0,189,17,10,2,0
0,190,17,12,2,0
0,191,17,16,2,0
0,192,17,20,2,0
0,193,17,20,2,0
0,194,17,22,2,0
0,195,17,24,2,0
0,196,17,26,2,0
0,197,17,34,2,0
0,198,17,38,2,0
0,199,17,42,2,0
0,200,17,51,2,0
0,201,17,52,2,0
0,202,17,54,2,0
0,203,17,57,2,0
0,1,8,0,3,0
0,2,8,1,3,0
0,3,8,5,3,0
0,4,8,10,3,0
0,5,8,10,3,0
0,6,8,11,3,0
0,7,8,11,3,0
0,8,8,13,3,0
0,9,8,14,3,33
1,10,8,14,3,73
2,11,8,14,3,61
2,12,8,15,3,69
0,13,8,19,3,17
0,14,8,20,3,36
0,15,8,23,3,0
0,16,8,23,3,0
0,17,8,27,3,0
0,18,8,27,3,0
0,19,8,27,3,0
0,20,8,28,3,0
0,21,8,29,3,9
0,22,8,37,3,0
0,23,8,37,3,0
0,24,8,38,3,0
0,25,8,38,3,0
0,26,8,39,3,0
0,27,8,44,3,0
0,28,8,44,3,0
0,29,8,46,3,0
0,30,8,47,3,0
0,31,8,47,3,0
0,32,8,50,3,0
0,33,8,57,3,0
0,34,9,1,3,0
0,35,9,2,3,0
0,36,9,4,3,0
0,37,9,6,3,0
0,38,9,15,3,0
0,39,9,16,3,0
0,40,9,24,3,0
0,41,9,28,3,0
0,42,9,31,3,0
0,43,9,35,3,0
0,44,9,37,3,0
0,45,9,38,3,0
0,46,9,38,3,0
0,47,9,39,3,108
0,48,9,48,3,0
0,49,9,49,3,0
0,50,9,54,3,0
0,51,9,55,3,0
0,52,9,56,3,0
0,53,9,56,3,0
0,54,9,57,3,50
0,55,9,59,3,0
0,56,10,1,3,0
0,57,10,2,3,0
0,58,10,4,3,0
0,59,10,5,3,0
0,60,10,6,3,0
0,61,10,7,3,0
0,62,10,8,3,0
0,63,10,9,3,0
0,64,10,9,3,82
1,65,10,9,3,102
1,66,10,11,3,224
0,67,10,16,3,0
0,68,10,17,3,0
0,69,10,24,3,0
0,70,10,26,3,0
0,71,10,32,3,0
0,72,10,34,3,0
0,73,10,36,3,0
0,74,10,38,3,0
0,75,10,42,3,0
0,76,10,44,3,0
0,77,10,47,3,0
0,78,10,48,3,0
0,79,10,55,3,0
0,80,11,4,3,0
0,81,11,7,3,0
0,82,11,7,3,0
0,83,11,8,3,32
0,84,11,14,3,0
0,85,11,16,3,0
0,86,11,18,3,0
0,87,11,20,3,0
0,88,11,20,3,0
0,89,11,20,3,110
1,90,11,21,3,95
2,91,11,22,3,158
0,92,11,28,3,0
0,93,11,37,3,0
0,94,11,37,3,0
0,95,11,38,3,0
0,96,11,38,3,0
0,97,11,40,3,0
0,98,11,40,3,0
0,99,11,41,3,60
1,100,11,42,3,125
1,101,11,42,3,95
0,102,11,45,3,0
0,103,11,48,3,0
0,104,11,49,3,0
0,105,11,50,3,0
0,106,11,50,3,14
0,107,11,51,3,12
0,108,11,52,3,0
0,109,11,52,3,0
0,110,11,56,3,0
0,111,11,56,3,0
0,112,11,58,3,0
0,113,12,3,3,0
0,114,12,4,3,0
0,115,12,4,3,0
0,116,12,5,3,0
0,117,12,7,3,0
0,118,12,11,3,0
0,119,12,16,3,0
0,120,12,18,3,0
0,121,12,21,3,0
0,122,12,21,3,0
0,123,12,22,3,0
0,124,12,30,3,0
0,125,12,46,3,0
0,126,12,49,3,0
0,127,12,50,3,0
0,128,12,52,3,0
0,129,12,52,3,0
0,130,12,59,3,0
0,131,13,3,3,0
0,132,13,4,3,0
0,133,13,6,3,0
0,134,13,12,3,0
0,135,13,15,3,0
0,136,13,19,3,0
0,137,13,26,3,0
0,138,13,27,3,0
0,139,13,29,3,0
0,140,13,31,3,0
0,141,13,32,3,0
0,142,13,35,3,21
0,143,13,37,3,0
0,144,13,38,3,0
0,145,13,38,3,58
0,146,13,41,3,0
0,147,13,43,3,0
0,148,13,43,3,0
0,149,13,46,3,0
0,150,13,47,3,0
0,151,13,55,3,0
0,152,13,56,3,0
0,153,14,0,3,0
0,154,14,3,3,0
0,155,14,5,3,0
0,156,14,7,3,0
0,157,14,7,3,0
0,158,14,7,3,58
0,159,14,8,3,4
0,160,14,11,3,0
0,161,14,11,3,32
0,162,14,14,3,0
0,163,14,15,3,0
0,164,14,16,3,52
0,165,14,18,3,103
0,166,14,24,3,0
0,167,14,25,3,0
0,168,14,25,3,0
0,169,14,27,3,0
0,170,14,32,3,0
0,171,14,38,3,0
0,172,14,40,3,0
0,173,14,48,3,0
0,174,14,52,3,0
0,175,14,53,3,0
0,176,14,56,3,0
0,177,14,58,3,38
0,178,15,0,3,0
0,179,15,3,3,60
1,180,15,4,3,111
1,181,15,5,3,87
1,182,15,6,3,158
1,183,15,8,3,102
0,184,15,14,3,0
0,185,15,22,3,0
0,186,15,25,3,0
0,187,15,26,3,0
0,188,15,27,3,0
0,189,15,32,3,0
0,190,15,32,3,0
0,191,15,32,3,0
0,192,15,34,3,0
0,193,15,35,3,0
0,194,15,38,3,0
0,195,15,39,3,0
0,196,15,41,3,19
0,197,15,42,3,49
0,198,15,45,3,0
0,199,15,49,3,0
0,200,15,51,3,0
0,201,15,54,3,0
0,202,15,54,3,0
0,203,15,54,3,0
0,204,15,55,3,18
0,205,16,0,3,0
0,206,16,0,3,0
0,207,16,4,3,0
0,208,16,4,3,0
0,209,16,6,3,0
0,210,16,15,3,0
0,211,16,16,3,0
0,212,16,20,3,0
0,213,16,30,3,0
0,214,16,32,3,0
0,215,16,37,3,0
0,216,16,51,3,0
0,217,16,52,3,0
0,218,17,0,3,0
0,219,17,0,3,0
0,220,17,3,3,0
0,221,17,5,3,0
0,222,17,7,3,0
0,223,17,8,3,0
0,224,17,11,3,0
0,225,17,14,3,0
0,226,17,14,3,0
0,227,17,20,3,0
0,228,17,22,3,0
0,229,17,27,3,0
0,230,17,28,3,0
0,231,17,30,3,0
0,232,17,33,3,0
0,233,17,36,3,0
0,234,17,40,3,0
0,235,17,40,3,0
0,236,17,41,3,0
0,237,17,45,3,0
0,238,17,47,3,0
0,239,17,50,3,0
0,240,17,53,3,0
0,241,17,54,3,0
0,242,17,56,3,0
0,243,17,56,3,0
0,245,17,57,3,18
1,246,17,57,3,95
0,1,8,0,4,0
0,2,8,0,4,0
0,3,8,1,4,0
0,4,8,3,4,0
0,5,8,4,4,0
0,6,8,7,4,0
0,7,8,10,4,0
0,8,8,13,4,0
0,9,8,19,4,0
0,10,8,24,4,0
0,11,8,33,4,0
0,12,8,34,4,0
0,13,8,46,4,0
0,14,8,47,4,0
0,15,8,47,4,0
0,16,8,48,4,0
0,17,8,50,4,63
1,18,8,50,4,80
1,19,8,51,4,215
1,20,8,54,4,175
1,21,8,55,4,124
1,22,8,57,4,21
0,23,9,4,4,0
0,24,9,5,4,0
0,25,9,5,4,0
0,26,9,5,4,0
0,27,9,7,4,0
0,28,9,9,4,95
1,29,9,9,4,121
0,30,9,14,4,0
0,31,9,14,4,151
1,32,9,14,4,337
1,33,9,20,4,29
0,34,9,21,4,72
0,35,9,22,4,28
0,36,9,24,4,0
0,37,9,25,4,0
0,38,9,26,4,372
1,39,9,27,4,371
1,40,9,33,4,41
0,41,9,34,4,45
0,42,9,39,4,0
0,43,9,41,4,0
0,44,9,41,4,0
0,45,9,41,4,0
0,46,9,42,4,0
0,47,9,43,4,143
0,48,9,46,4,0
0,49,9,48,4,0
0,50,9,49,4,0
0,51,9,51,4,40
0,52,9,52,4,251
1,53,9,53,4,161
0,54,9,57,4,0
0,55,9,59,4,0
0,56,9,59,4,146
1,57,10,0,4,181
2,58,10,0,4,266
3,59,10,1,4,243
2,60,10,3,4,197
0,61,10,8,4,0
0,62,10,8,4,94
1,63,10,9,4,63
2,64,10,10,4,158
1,65,10,11,4,90
2,66,10,12,4,109
3,67,10,12,4,117
1,68,10,14,4,92
1,69,10,14,4,196
1,70,10,17,4,43
0,71,10,20,4,0
0,72,10,22,4,0
0,73,10,22,4,96
0,74,10,24,4,20
0,75,10,24,4,193
0,76,10,28,4,3
0,77,10,28,4,0
0,78,10,30,4,74
0,79,10,33,4,0
0,80,10,33,4,166
0,81,10,38,4,0
0,82,10,38,4,474
1,83,10,40,4,404
2,84,10,44,4,182
3,85,10,44,4,243
0,86,10,50,4,14
0,87,10,57,4,0
0,88,11,1,4,0
0,89,11,2,4,0
0,90,11,7,4,0
0,91,11,9,4,0
0,92,11,13,4,0
0,93,11,14,4,0
0,94,11,16,4,0
0,95,11,18,4,0
0,96,11,22,4,0
0,97,11,24,4,0
0,98,11,29,4,0
0,99,11,31,4,0
0,100,11,35,4,0
0,101,11,36,4,0
0,102,11,38,4,0
0,103,11,40,4,0
0,104,11,42,4,0
0,105,11,45,4,0
0,106,11,45,4,0
0,107,11,50,4,0
0,108,11,52,4,0
0,109,11,53,4,0
0,110,11,53,4,0
0,111,11,59,4,0
0,112,12,1,4,0
0,113,12,1,4,0
0,114,12,3,4,0
0,115,12,6,4,152
0,116,12,12,4,0
0,117,12,13,4,0
0,118,12,16,4,0
0,119,12,17,4,0
0,120,12,18,4,0
0,121,12,21,4,0
0,122,12,24,4,0
0,123,12,26,4,0
0,124,12,27,4,0
0,125,12,31,4,0
0,126,12,35,4,0
0,127,12,35,4,0
0,128,12,47,4,0
0,129,12,47,4,0
0,130,12,48,4,0
0,131,12,56,4,0
0,132,12,56,4,0
0,133,12,56,4,0
0,134,13,2,4,0
0,135,13,4,4,49
0,136,13,8,4,0
0,137,13,10,4,0
0,138,13,10,4,0
0,139,13,11,4,26
1,140,13,11,4,50
0,141,13,13,4,0
0,142,13,16,4,0
0,143,13,17,4,0
0,144,13,18,4,0
0,145,13,19,4,0
0,146,13,21,4,67
1,147,13,21,4,87
2,148,13,21,4,247
1,149,13,23,4,193
2,150,13,24,4,289
0,151,13,35,4,0
0,152,13,37,4,0
0,153,13,40,4,0
0,154,13,45,4,0
0,155,13,47,4,0
0,156,13,48,4,0
0,157,13,50,4,0
0,158,14,3,4,0
0,159,14,6,4,0
0,160,14,6,4,0
0,161,14,7,4,0
0,162,14,10,4,0
0,163,14,13,4,0
0,164,14,16,4,0
0,165,14,19,4,0
0,166,14,24,4,0
0,167,14,25,4,0
0,168,14,25,4,189
1,169,14,26,4,292
1,170,14,30,4,138
0,171,14,36,4,0
0,172,14,37,4,0
0,173,14,38,4,0
0,174,14,39,4,53
1,175,14,39,4,482
1,176,14,41,4,465
0,177,14,49,4,30
0,178,14,50,4,0
0,179,14,50,4,153
1,180,14,51,4,144
2,181,14,51,4,162
0,182,14,55,4,0
0,183,14,57,4,0
0,184,14,57,4,0
0,185,14,57,4,0
0,186,14,59,4,30
0,187,15,2,4,0
0,188,15,3,4,0
0,189,15,7,4,0
0,190,15,11,4,0
0,191,15,15,4,0
0,192,15,19,4,0
0,193,15,20,4,0
0,194,15,20,4,0
0,195,15,21,4,0
0,196,15,24,4,0
0,197,15,32,4,0
0,198,15,32,4,0
0,199,15,34,4,0
0,200,15,37,4,0
0,201,15,37,4,0
0,202,15,38,4,0
0,203,15,38,4,11
0,204,15,40,4,0
0,205,15,41,4,0
0,206,15,41,4,0
0,207,15,42,4,0
0,208,15,43,4,0
0,209,15,45,4,0
0,210,15,47,4,0
0,211,15,47,4,0
0,212,15,47,4,6
1,213,15,48,4,21
0,214,15,50,4,0
0,215,15,53,4,0
0,216,15,58,4,0
0,217,15,58,4,32
0,218,16,0,4,34
0,219,16,1,4,0
0,220,16,9,4,0
0,221,16,9,4,0
0,222,16,14,4,0
0,223,16,30,4,0
0,224,16,32,4,0
0,225,16,39,4,0
0,226,16,42,4,0
0,227,16,44,4,0
0,228,16,44,4,0
0,229,16,44,4,0
0,230,16,49,4,0
0,231,16,49,4,0
0,232,16,51,4,0
0,233,16,52,4,0
0,234,16,52,4,20
0,235,16,53,4,61
0,236,16,54,4,4
0,237,16,59,4,0
0,238,17,1,4,0
0,239,17,8,4,0
0,240,17,23,4,0
0,241,17,24,4,0
0,242,17,24,4,0
0,243,17,24,4,0
0,244,17,26,4,0
0,245,17,30,4,0
0,246,17,40,4,0
0,247,17,43,4,0
0,248,17,52,4,0
0,1,8,0,0,0
0,2,8,0,0,0
0,3,8,1,0,0
0,4,8,3,0,0
0,5,8,5,0,0
0,6,8,9,0,0
0,7,8,9,0,0
0,8,8,11,0,0
0,9,8,11,0,0
0,10,8,13,0,0
0,11,8,14,0,0
0,12,8,20,0,0
0,13,8,20,0,0
0,14,8,21,0,0
0,15,8,21,0,0
0,16,8,26,0,0
0,17,8,26,0,0
0,18,8,27,0,0
0,19,8,31,0,0
0,20,8,34,0,0
0,21,8,35,0,0
0,22,8,36,0,0
0,23,8,42,0,0
0,24,8,51,0,0
0,25,8,52,0,0
0,26,8,56,0,0
0,27,8,56,0,0
0,28,8,56,0,0
0,29,8,57,0,0
0,30,8,57,0,4
0,31,9,2,0,0
0,32,9,6,0,0
0,33,9,7,0,0
0,34,9,15,0,0
0,35,9,17,0,0
0,36,9,20,0,0
0,37,9,21,0,0
0,38,9,24,0,0
0,39,9,25,0,0
0,40,9,25,0,0
0,41,9,27,0,0
0,42,9,27,0,12
0,43,9,33,0,0
0,44,9,35,0,0
0,45,9,36,0,0
0,46,9,36,0,147
1,47,9,37,0,153
2,48,9,38,0,205
1,49,9,40,0,99
0,50,9,42,0,0
0,51,9,44,0,0
0,52,9,48,0,0
0,53,9,52,0,0
0,54,9,59,0,0
0,55,10,1,0,0
0,56,10,4,0,0
0,57,10,4,0,0
0,58,10,7,0,0
0,59,10,10,0,0
0,60,10,17,0,0
0,61,10,23,0,0
0,62,10,24,0,0
0,63,10,26,0,0
0,64,10,26,0,0
0,65,10,32,0,0
0,66,10,33,0,0
0,67,10,34,0,0
0,68,10,36,0,0
0,69,10,36,0,85
0,70,10,38,0,100
0,71,10,43,0,0
0,72,10,47,0,0
0,73,10,49,0,0
0,74,10,51,0,0
0,75,10,51,0,0
0,76,10,53,0,0
0,77,10,57,0,0
0,78,11,3,0,0
0,79,11,4,0,0
0,80,11,4,0,0
0,81,11,4,0,0
0,82,11,8,0,0
0,83,11,8,0,0
0,84,11,9,0,133
1,85,11,10,0,177
2,86,11,11,0,153
3,87,11,12,0,148
3,88,11,12,0,183
4,89,11,12,0,162
3,90,11,14,0,276
0,91,11,21,0,0
0,92,11,23,0,0
0,93,11,23,0,39
0,94,11,31,0,0
0,95,11,31,0,0
0,96,11,35,0,0
0,97,11,40,0,0
0,98,11,44,0,0
0,99,11,45,0,0
0,100,11,46,0,0
0,101,11,49,0,0
0,102,11,50,0,0
0,103,11,51,0,0
0,104,11,54,0,0
0,105,11,55,0,0
0,106,12,1,0,0
0,107,12,6,0,0
0,108,12,6,0,0
0,109,12,7,0,0
0,110,12,12,0,0
0,111,12,14,0,0
0,112,12,15,0,0
0,113,12,15,0,0
0,114,12,18,0,0
0,115,12,22,0,0
0,116,12,22,0,0
0,117,12,28,0,0
0,118,12,30,0,0
0,119,12,33,0,0
0,120,12,39,0,0
0,121,12,41,0,0
0,122,12,45,0,0
0,123,12,49,0,0
0,124,12,50,0,0
0,125,12,54,0,0
0,126,13,0,0,0
0,127,13,0,0,0
0,128,13,2,0,0
0,129,13,15,0,0
0,130,13,17,0,0
0,131,13,18,0,0
0,132,13,21,0,0
0,133,13,24,0,0
0,134,13,27,0,0
0,135,13,28,0,0
0,136,13,29,0,0
0,137,13,30,0,0
0,138,13,31,0,0
0,139,13,33,0,0
0,140,13,34,0,0
0,141,13,36,0,0
0,142,13,37,0,0
0,143,13,44,0,0
0,144,13,46,0,0
0,145,13,50,0,0
0,146,13,52,0,0
0,147,13,52,0,0
0,148,13,52,0,0
0,149,13,52,0,53
0,150,13,55,0,118
0,151,14,1,0,0
0,152,14,1,0,0
0,153,14,2,0,0
0,154,14,2,0,0
0,155,14,3,0,206
0,156,14,7,0,310
1,157,14,9,0,218
2,158,14,10,0,169
3,159,14,10,0,188
4,160,14,11,0,318
4,161,14,12,0,284
5,162,14,12,0,271
4,163,14,13,0,363
4,164,14,16,0,227
5,165,14,16,0,298
0,166,14,33,0,0
0,167,14,34,0,0
0,168,14,38,0,0
0,169,14,39,0,0
0,170,14,40,0,0
0,171,14,41,0,0
0,172,14,43,0,0
0,173,14,43,0,0
0,174,14,44,0,0
0,175,14,45,0,0
0,176,14,47,0,124
0,177,14,51,0,0
0,178,14,51,0,41
0,179,14,55,0,0
0,180,14,56,0,27
0,181,14,59,0,0
0,182,15,1,0,0
0,183,15,4,0,0
0,184,15,5,0,0
0,185,15,7,0,0
0,186,15,9,0,0
0,187,15,13,0,0
0,188,15,13,0,0
0,189,15,14,0,0
0,190,15,19,0,0
0,191,15,20,0,0
0,192,15,23,0,0
0,193,15,24,0,0
0,194,15,24,0,86
0,195,15,31,0,0
0,196,15,32,0,0
0,197,15,33,0,11
0,198,15,38,0,0
0,199,15,39,0,0
0,200,15,41,0,0
0,201,15,43,0,0
0,202,15,46,0,0
0,203,15,49,0,0
0,204,15,54,0,0
0,205,16,2,0,0
0,206,16,3,0,0
0,207,16,4,0,0
0,208,16,6,0,0
0,209,16,10,0,0
0,210,16,13,0,0
0,211,16,14,0,0
0,212,16,17,0,0
0,213,16,22,0,0
0,214,16,22,0,0
0,215,16,23,0,0
0,216,16,28,0,0
0,217,16,32,0,0
0,218,16,38,0,0
0,219,16,39,0,0
0,220,16,43,0,0
0,221,16,46,0,0
0,222,16,47,0,0
0,223,16,48,0,0
0,224,16,48,0,0
0,225,16,52,0,0
0,226,16,56,0,0
0,227,17,0,0,0
0,228,17,2,0,0
0,229,17,7,0,0
0,230,17,10,0,0
0,231,17,11,0,0
0,232,17,13,0,0
0,233,17,16,0,0
0,234,17,18,0,0
0,235,17,28,0,0
0,236,17,30,0,0
0,237,17,36,0,0
0,238,17,38,0,0
0,239,17,39,0,0
0,240,17,43,0,0
0,241,17,47,0,0
0,242,17,50,0,0
0,243,17,52,0,0
0,245,17,57,0,0
0,1,8,0,1,0
0,2,8,0,1,0
0,3,8,1,1,0
0,4,8,3,1,0
0,5,8,5,1,0
0,6,8,5,1,0
0,7,8,6,1,0
0,8,8,10,1,0
0,9,8,11,1,0
0,10,8,12,1,0
0,11,8,15,1,0
0,12,8,15,1,0
0,13,8,18,1,0
0,14,8,18,1,137
0,15,8,26,1,0
0,16,8,28,1,0
0,17,8,30,1,0
0,18,8,30,1,0
0,19,8,31,1,0
0,20,8,32,1,0
0,21,8,36,1,0
0,22,8,37,1,0
0,23,8,41,1,0
0,24,8,42,1,0
0,25,8,44,1,0
0,26,8,44,1,0
0,27,8,48,1,0
0,28,8,49,1,0
0,29,8,50,1,0
0,30,8,50,1,0
0,31,8,55,1,0
0,32,8,57,1,0
0,33,9,1,1,0
0,34,9,2,1,0
0,35,9,4,1,0
0,36,9,4,1,0
0,37,9,7,1,0
0,38,9,9,1,0
0,39,9,11,1,0
0,40,9,13,1,73
0,41,9,22,1,0
0,42,9,27,1,0
0,43,9,32,1,0
0,44,9,33,1,0
0,45,9,34,1,98
0,46,9,39,1,0
0,47,9,39,1,0
0,48,9,43,1,0
0,49,9,45,1,0
0,50,9,51,1,0
0,51,9,51,1,0
0,52,9,52,1,0
0,53,9,53,1,0
0,54,9,56,1,46
0,55,10,1,1,0
0,56,10,3,1,0
0,57,10,3,1,152
1,58,10,3,1,166
2,59,10,3,1,391
1,60,10,6,1,246
2,61,10,8,1,121
3,62,10,9,1,124
0,63,10,16,1,0
0,64,10,17,1,0
0,65,10,21,1,0
0,66,10,21,1,0
0,67,10,23,1,0
0,68,10,26,1,61
1,69,10,26,1,89
0,70,10,30,1,0
0,71,10,38,1,0
0,72,10,39,1,0
0,73,10,41,1,0
0,74,10,44,1,0
0,75,10,48,1,0
0,76,10,51,1,0
0,77,10,53,1,0
0,78,10,57,1,0
0,79,10,59,1,0
0,80,10,59,1,0
0,81,11,0,1,0
0,82,11,3,1,0
0,83,11,14,1,0
0,84,11,16,1,0
0,85,11,16,1,0
0,86,11,18,1,0
0,87,11,20,1,0
0,88,11,21,1,0
0,89,11,23,1,0
0,90,11,24,1,0
0,91,11,27,1,0
0,92,11,28,1,0
0,93,11,28,1,0
0,94,11,33,1,0
0,95,11,34,1,0
0,96,11,40,1,0
0,97,11,41,1,0
0,98,11,47,1,0
0,99,11,53,1,0
0,100,11,57,1,0
0,101,11,58,1,0
0,102,12,4,1,0
0,103,12,4,1,0
0,104,12,4,1,0
0,105,12,6,1,0
0,106,12,9,1,0
0,107,12,13,1,0
0,108,12,17,1,0
0,109,12,20,1,0
0,110,12,26,1,0
0,111,12,32,1,0
0,112,12,33,1,0
0,113,12,37,1,0
0,114,12,38,1,0
0,115,12,46,1,0
0,116,12,47,1,0
0,117,12,48,1,0
0,118,12,48,1,0
0,119,13,2,1,0
0,120,13,2,1,0
0,121,13,5,1,0
0,122,13,9,1,0
0,123,13,17,1,0
0,124,13,17,1,0
0,125,13,19,1,0
0,126,13,21,1,0
0,127,13,24,1,0
0,128,13,27,1,0
0,129,13,40,1,0
0,130,13,40,1,0
0,131,13,44,1,0
0,132,13,45,1,0
0,133,14,1,1,0
0,134,14,3,1,0
0,135,14,4,1,0
0,136,14,8,1,0
0,137,14,8,1,0
0,138,14,15,1,0
0,139,14,16,1,0
0,140,14,19,1,0
0,141,14,26,1,0
0,142,14,29,1,0
0,143,14,31,1,0
0,144,14,31,1,0
0,145,14,32,1,0
0,146,14,33,1,0
0,147,14,33,1,0
0,148,14,34,1,0
0,149,14,50,1,0
0,150,14,55,1,0
0,151,14,57,1,0
0,152,15,1,1,0
0,153,15,4,1,0
0,154,15,7,1,0
0,155,15,7,1,0
0,156,15,9,1,0
0,157,15,16,1,0
0,158,15,18,1,0
0,159,15,19,1,0
0,160,15,20,1,48
1,161,15,21,1,36
2,162,15,21,1,44
0,163,15,27,1,0
0,164,15,27,1,0
0,165,15,28,1,0
0,166,15,33,1,0
0,167,15,34,1,0
0,168,15,35,1,0
0,169,15,54,1,0
0,170,15,55,1,0
0,171,15,55,1,0
0,172,15,55,1,0
0,173,15,57,1,0
0,174,16,1,1,0
0,175,16,1,1,50
0,176,16,4,1,0
0,177,16,6,1,0
0,178,16,9,1,0
0,179,16,13,1,0
0,180,16,16,1,0
0,181,16,20,1,0
0,182,16,21,1,0
0,183,16,24,1,0
0,184,16,32,1,0
0,185,16,36,1,0
0,186,16,37,1,0
0,187,16,40,1,0
0,188,16,42,1,0
0,189,16,48,1,0
0,190,16,52,1,0
0,191,16,57,1,0
0,192,16,57,1,0
0,193,17,0,1,0
0,194,17,2,1,0
0,195,17,3,1,79
0,196,17,5,1,0
0,197,17,8,1,0
0,198,17,19,1,0
0,199,17,21,1,0
0,200,17,22,1,0
0,201,17,22,1,0
0,202,17,25,1,494
1,203,17,28,1,482
2,204,17,29,1,495
3,205,17,29,1,476
4,206,17,33,1,273
1,207,17,38,1,346
1,208,17,38,1,414
2,209,17,39,1,389
3,210,17,40,1,441
3,211,17,43,1,234
1,212,17,47,1,27
0,213,17,48,1,8
0,214,17,51,1,0
0,215,17,52,1,0
0,217,17,53,1,0
0,220,17,59,1,0
0,1,8,0,2,0
0,2,8,2,2,0
0,3,8,6,2,0
0,4,8,7,2,0
0,5,8,8,2,0
0,6,8,16,2,0
0,7,8,18,2,0
0,8,8,19,2,0
0,9,8,20,2,0
0,10,8,22,2,0
0,11,8,27,2,0
0,12,8,27,2,0
0,13,8,28,2,0
0,14,8,42,2,0
0,15,8,47,2,0
0,16,8,52,2,0
0,17,8,52,2,0
0,18,8,55,2,0
0,19,8,57,2,0
0,20,8,58,2,0
0,21,9,1,2,0
0,22,9,3,2,0
0,23,9,4,2,0
0,24,9,5,2,0
0,25,9,17,2,0
0,26,9,18,2,0
0,27,9,20,2,0
0,28,9,22,2,0
0,29,9,23,2,270
0,30,9,37,2,0
0,31,9,38,2,0
0,32,9,41,2,0
0,33,9,42,2,0
0,34,9,44,2,0
0,35,9,45,2,0
0,36,9,49,2,0
0,37,9,52,2,0
0,38,9,56,2,0
0,39,9,59,2,0
0,40,10,0,2,0
0,41,10,2,2,0
0,42,10,2,2,0
0,43,10,3,2,0
0,44,10,8,2,0
0,45,10,10,2,0
0,46,10,14,2,0
0,47,10,14,2,0
0,48,10,16,2,0
0,49,10,19,2,0
0,50,10,20,2,0
0,51,10,23,2,0
0,52,10,25,2,0
0,53,10,29,2,0
0,54,10,29,2,0
0,55,10,32,2,0
0,56,10,35,2,0
0,57,10,37,2,0
0,58,10,41,2,0
0,59,10,41,2,0
0,60,10,41,2,0
0,61,10,43,2,0
0,62,10,48,2,0
0,63,10,49,2,0
0,64,10,49,2,0
0,65,10,53,2,0
0,66,10,54,2,0
0,67,10,55,2,0
0,68,10,56,2,0
0,69,10,57,2,0
0,70,10,58,2,0
0,71,10,59,2,0
0,72,11,4,2,0
0,73,11,6,2,0
0,74,11,8,2,0
0,75,11,10,2,0
0,76,11,11,2,0
0,77,11,17,2,0
0,78,11,18,2,0
0,79,11,20,2,0
0,80,11,22,2,0
0,81,11,23,2,0
0,82,11,23,2,0
0,83,11,25,2,0
0,84,11,27,2,0
0,85,11,29,2,0
0,86,11,31,2,0
0,87,11,32,2,0
0,88,11,36,2,0
0,89,11,39,2,0
0,90,11,40,2,0
0,91,11,51,2,0
0,92,11,56,2,0
0,93,12,3,2,0
0,94,12,4,2,0
0,95,12,16,2,0
0,96,12,20,2,0
0,97,12,23,2,0
0,98,12,23,2,0
0,99,12,25,2,0
0,100,12,26,2,0
0,101,12,27,2,0
0,102,12,27,2,81
0,103,12,28,2,85
1,104,12,29,2,107
2,105,12,30,2,181
3,106,12,30,2,193
2,107,12,31,2,141
3,108,12,32,2,154
2,109,12,34,2,95
0,110,12,38,2,0
0,111,12,41,2,0
0,112,12,45,2,0
0,113,12,48,2,0
0,114,12,50,2,0
0,115,12,53,2,0
0,116,12,54,2,0
0,117,12,55,2,0
0,118,12,57,2,0
0,119,12,58,2,0
0,120,13,0,2,0
0,121,13,3,2,0
0,122,13,7,2,0
0,123,13,12,2,0
0,124,13,13,2,0
0,125,13,19,2,0
0,126,13,24,2,0
0,127,13,27,2,0
0,128,13,28,2,0
0,129,13,28,2,0
0,130,13,32,2,0
0,131,13,44,2,0
0,132,13,45,2,0
0,133,13,48,2,0
0,134,13,49,2,0
0,135,13,50,2,0
0,136,13,51,2,0
0,137,13,52,2,0
0,138,13,53,2,0
0,139,13,56,2,0
0,140,13,58,2,0
0,141,14,4,2,0
0,142,14,5,2,0
0,143,14,6,2,0
0,144,14,11,2,0
0,145,14,11,2,0
0,146,14,12,2,0
0,147,14,14,2,0
0,148,14,15,2,0
0,149,14,17,2,0
0,150,14,19,2,0
0,151,14,19,2,0
0,152,14,20,2,53
1,153,14,20,2,35
0,154,14,29,2,0
0,155,14,31,2,0
0,156,14,33,2,0
0,157,14,36,2,0
0,158,14,44,2,0
0,159,14,50,2,0
0,160,14,54,2,0
0,161,14,56,2,0
0,162,15,0,2,0
0,163,15,0,2,0
0,164,15,1,2,0
0,165,15,1,2,0
0,166,15,6,2,0
0,167,15,6,2,0
0,168,15,7,2,0
0,169,15,11,2,0
0,170,15,15,2,0
0,171,15,20,2,0
0,172,15,25,2,0
0,173,15,26,2,0
0,174,15,28,2,0
0,175,15,29,2,0
0,176,15,31,2,0
0,177,15,37,2,0
0,178,15,37,2,0
0,179,15,38,2,0
0,180,15,38,2,25
0,181,15,40,2,0
0,182,15,40,2,266
1,183,15,41,2,308
2,184,15,41,2,328
3,185,15,41,2,387
0,186,15,48,2,25
1,187,15,48,2,30
0,188,15,49,2,43
1,189,15,49,2,32
0,190,15,52,2,0
0,191,15,53,2,0
0,192,15,56,2,0
0,193,15,59,2,0
0,194,16,0,2,0
0,195,16,6,2,0
0,196,16,8,2,0
0,197,16,12,2,0
0,198,16,18,2,0
0,199,16,21,2,0
0,200,16,22,2,0
0,201,16,22,2,0
0,202,16,23,2,108
0,203,16,25,2,5
1,204,16,25,2,151
1,205,16,25,2,123
2,206,16,26,2,85
3,207,16,27,2,59
0,208,16,30,2,0
0,209,16,31,2,0
0,210,16,41,2,0
0,211,16,44,2,0
0,212,16,48,2,0
0,213,16,53,2,0
0,214,16,55,2,0
0,215,16,55,2,0
0,216,16,57,2,0
0,217,16,58,2,41
0,218,17,9,2,0
0,219,17,10,2,0
0,220,17,12,2,0
0,221,17,15,2,0
0,222,17,17,2,0
0,223,17,18,2,0
0,224,17,18,2,0
0,225,17,23,2,0
0,226,17,26,2,0
0,227,17,30,2,0
0,228,17,31,2,0
0,229,17,33,2,0
0,230,17,37,2,0
0,231,17,37,2,0
0,232,17,40,2,0
0,233,17,40,2,0
0,234,17,42,2,0
0,235,17,43,2,0
0,236,17,48,2,0
0,237,17,51,2,0
0,238,17,51,2,0
0,239,17,52,2,0
0,240,17,53,2,0
0,241,17,54,2,0
0,242,17,56,2,0
0,243,17,56,2,0
0,1,8,0,3,0
0,2,8,0,3,0
0,3,8,7,3,0
0,4,8,7,3,0
0,5,8,8,3,0
0,6,8,14,3,0
0,7,8,15,3,0
0,8,8,16,3,0
0,9,8,21,3,0
0,10,8,21,3,0
0,11,8,25,3,0
0,12,8,28,3,0
0,13,8,28,3,0
0,14,8,30,3,0
0,15,8,31,3,0
0,16,8,33,3,282
1,17,8,35,3,228
0,18,8,39,3,0
0,19,8,40,3,10
0,20,8,41,3,207
1,21,8,42,3,167
0,22,8,45,3,76
0,23,8,53,3,0
0,24,8,56,3,0
0,25,9,2,3,0
0,26,9,3,3,0
0,27,9,6,3,0
0,28,9,7,3,0
0,29,9,10,3,0
0,30,9,13,3,0
0,31,9,13,3,0
0,32,9,14,3,0
0,33,9,15,3,53
0,34,9,16,3,49
0,35,9,21,3,0
0,36,9,22,3,0
0,37,9,26,3,0
0,38,9,28,3,0
0,39,9,29,3,0
0,40,9,31,3,0
0,41,9,37,3,0
0,42,9,38,3,0
0,43,9,38,3,0
0,44,9,41,3,0
0,45,9,49,3,0
0,46,9,53,3,0
0,47,9,55,3,0
0,48,9,57,3,0
0,49,9,57,3,0
0,50,10,2,3,0
0,51,10,8,3,0
0,52,10,12,3,0
0,53,10,16,3,0
0,54,10,17,3,0
0,55,10,19,3,0
0,56,10,21,3,0
0,57,10,23,3,0
0,58,10,25,3,0
0,59,10,26,3,67
0,60,10,36,3,0
0,61,10,37,3,0
0,62,10,41,3,0
0,63,10,43,3,0
0,64,10,45,3,0
0,65,10,45,3,0
0,66,10,46,3,0
0,67,10,48,3,0
0,68,10,48,3,0
0,69,10,50,3,0
0,70,10,52,3,0
0,71,10,59,3,0
0,72,11,0,3,0
0,73,11,3,3,0
0,74,11,3,3,0
0,75,11,6,3,0
0,76,11,7,3,0
0,77,11,11,3,0
0,78,11,16,3,0
0,79,11,20,3,0
0,80,11,26,3,0
0,81,11,27,3,0
0,82,11,29,3,0
0,83,11,29,3,0
0,84,11,29,3,0
0,85,11,30,3,0
0,86,11,35,3,0
0,87,11,38,3,0
0,88,11,38,3,0
0,89,11,38,3,0
0,90,11,38,3,222
0,91,11,49,3,0
0,92,11,50,3,0
0,93,11,51,3,0
0,94,11,52,3,0
0,95,11,58,3,0
0,96,12,8,3,0
0,97,12,8,3,0
0,98,12,10,3,0
0,99,12,11,3,0
0,100,12,11,3,0
0,101,12,12,3,19
0,102,12,13,3,117
0,103,12,22,3,0
0,104,12,24,3,0
0,105,12,28,3,0
0,106,12,30,3,0
0,107,12,30,3,0
0,108,12,39,3,0
0,109,12,52,3,0
0,110,12,52,3,0
0,111,12,55,3,0
0,112,13,6,3,0
0,113,13,8,3,0
0,114,13,10,3,0
0,115,13,14,3,0
0,116,13,21,3,0
0,117,13,22,3,0
0,118,13,24,3,0
0,119,13,24,3,0
0,120,13,27,3,107
0,121,13,30,3,0
0,122,13,32,3,90
1,123,13,32,3,122
0,124,13,37,3,87
1,125,13,37,3,97
2,126,13,37,3,181
1,127,13,39,3,309
1,128,13,43,3,87
2,129,13,44,3,21
0,130,13,55,3,0
0,131,13,59,3,0
0,132,14,3,3,0
0,133,14,5,3,0
0,134,14,5,3,0
0,135,14,13,3,0
0,136,14,17,3,0
0,137,14,19,3,0
0,138,14,20,3,0
0,139,14,26,3,0
0,140,14,33,3,0
0,141,14,36,3,0
0,142,14,42,3,0
0,143,14,49,3,0
0,144,14,49,3,0
0,145,14,49,3,0
0,146,14,51,3,0
0,147,14,52,3,0
0,148,14,55,3,0
0,149,15,6,3,0
0,150,15,6,3,0
0,151,15,23,3,0
0,152,15,26,3,0
0,153,15,30,3,0
0,154,15,30,3,0
0,155,15,32,3,0
0,156,15,35,3,0
0,157,15,38,3,0
0,158,15,44,3,0
0,159,15,47,3,0
0,160,15,48,3,0
0,161,15,49,3,0
0,162,15,51,3,0
0,163,15,52,3,0
0,164,15,59,3,0
0,165,16,1,3,0
0,166,16,4,3,0
0,167,16,6,3,0
0,168,16,7,3,13
0,169,16,12,3,0
0,170,16,12,3,0
0,171,16,14,3,0
0,172,16,16,3,0
0,173,16,17,3,0
0,174,16,17,3,0
0,175,16,18,3,0
0,176,16,19,3,0
0,177,16,26,3,0
0,178,16,27,3,0
0,179,16,28,3,0
0,180,16,30,3,0
0,181,16,30,3,0
0,182,16,32,3,0
0,183,16,40,3,0
0,184,16,46,3,0
0,185,17,1,3,0
0,186,17,3,3,0
0,187,17,4,3,0
0,188,17,7,3,0
0,189,17,8,3,38
0,190,17,12,3,0
0,191,17,14,3,0
0,192,17,19,3,0
0,193,17,30,3,0
0,194,17,32,3,0
0,195,17,32,3,0
0,196,17,34,3,0
0,197,17,35,3,0
0,198,17,36,3,0
0,199,17,41,3,0
0,200,17,46,3,0
0,201,17,48,3,0
0,202,17,48,3,0
0,204,17,53,3,0
0,206,17,57,3,0
0,207,17,57,3,0
0,1,8,0,4,0
0,2,8,3,4,0
0,3,8,11,4,0
0,4,8,15,4,0
0,5,8,19,4,0
0,6,8,20,4,0
0,7,8,25,4,0
0,8,8,26,4,0
0,9,8,34,4,0
0,10,8,36,4,0
0,11,8,36,4,0
0,12,8,37,4,0
0,13,8,40,4,0
0,14,8,45,4,0
0,15,8,50,4,0
0,16,8,55,4,0
0,17,8,56,4,0
0,18,9,0,4,0
0,19,9,1,4,0
0,20,9,2,4,0
0,21,9,3,4,0
0,22,9,6,4,0
0,23,9,12,4,0
0,24,9,13,4,0
0,25,9,13,4,0
0,26,9,15,4,0
0,27,9,18,4,0
0,28,9,18,4,0
0,29,9,26,4,0
0,30,9,26,4,0
0,31,9,37,4,0
0,32,9,40,4,0
0,33,9,42,4,0
0,34,9,43,4,0
0,35,9,47,4,0
0,36,9,50,4,0
0,37,9,52,4,0
0,38,9,57,4,0
0,39,9,58,4,0
0,40,9,59,4,0
0,41,9,59,4,143
1,42,9,59,4,144
2,43,10,0,4,96
2,44,10,1,4,72
0,45,10,3,4,83
1,46,10,4,4,145
0,47,10,7,4,0
0,48,10,14,4,0
0,49,10,16,4,0
0,50,10,17,4,0
0,51,10,18,4,0
0,52,10,18,4,0
0,53,10,19,4,127
0,54,10,23,4,0
0,55,10,24,4,0
0,56,10,24,4,0
0,57,10,29,4,0
0,58,10,31,4,0
0,59,10,35,4,0
0,60,10,35,4,56
1,61,10,35,4,97
0,62,10,46,4,0
0,63,10,51,4,0
0,64,10,53,4,0
0,65,10,53,4,0
0,66,10,54,4,33
0,67,11,1,4,0
0,68,11,4,4,0
0,69,11,8,4,0
0,70,11,12,4,0
0,71,11,12,4,0
0,72,11,15,4,0
0,73,11,15,4,0
0,74,11,15,4,21
0,75,11,18,4,0
0,76,11,20,4,0
0,77,11,21,4,0
0,78,11,21,4,0
0,79,11,22,4,0
0,80,11,22,4,0
0,81,11,31,4,0
0,82,11,32,4,0
0,83,11,35,4,0
0,84,11,38,4,0
0,85,11,45,4,0
0,86,11,48,4,0
0,87,11,48,4,0
0,88,11,57,4,0
0,89,12,1,4,0
0,90,12,6,4,0
0,91,12,7,4,0
0,92,12,7,4,0
0,93,12,8,4,0
0,94,12,16,4,0
0,95,12,18,4,0
0,96,12,19,4,0
0,97,12,19,4,0
0,98,12,20,4,0
0,99,12,25,4,0
0,100,12,29,4,0
0,101,12,33,4,0
0,102,12,36,4,0
0,103,12,37,4,0
0,104,12,40,4,0
0,105,12,43,4,0
0,106,12,44,4,25
0,107,12,52,4,0
0,108,12,58,4,0
0,109,13,3,4,0
0,110,13,4,4,0
0,111,13,6,4,0
0,112,13,10,4,0
0,113,13,13,4,0
0,114,13,14,4,0
0,115,13,19,4,0
0,116,13,19,4,0
0,117,13,19,4,0
0,118,13,20,4,258
1,119,13,20,4,300
2,120,13,21,4,332
3,121,13,24,4,320
0,122,13,33,4,0
0,123,13,33,4,7
0,124,13,34,4,40
1,125,13,34,4,79
0,126,13,36,4,40
0,127,13,36,4,133
1,128,13,37,4,139
1,129,13,39,4,42
1,130,13,39,4,38
1,131,13,40,4,24
0,132,13,43,4,0
0,133,13,51,4,0
0,134,13,52,4,0
0,135,13,53,4,0
0,136,13,53,4,0
0,137,13,56,4,1
0,138,14,5,4,0
0,139,14,7,4,0
0,140,14,8,4,0
0,141,14,8,4,0
0,142,14,11,4,0
0,143,14,17,4,0
0,144,14,18,4,0
0,145,14,24,4,0
0,146,14,25,4,0
0,147,14,27,4,57
1,148,14,27,4,41
1,149,14,28,4,73
1,150,14,28,4,74
0,151,14,29,4,71
0,152,14,32,4,0
0,153,14,35,4,0
0,154,14,39,4,16
0,155,14,40,4,0
0,156,14,47,4,0
0,157,14,52,4,0
0,158,14,53,4,0
0,159,14,55,4,0
0,160,14,57,4,0
0,161,15,1,4,0
0,162,15,2,4,0
0,163,15,7,4,0
0,164,15,9,4,0
0,165,15,16,4,0
0,166,15,21,4,0
0,167,15,28,4,0
0,168,15,31,4,0
0,169,15,31,4,0
0,170,15,33,4,0
0,171,15,34,4,0
0,172,15,42,4,0
0,173,15,44,4,0
0,174,15,50,4,0
0,175,15,54,4,0
0,176,15,56,4,0
0,177,16,7,4,0
0,178,16,13,4,0
0,179,16,14,4,0
0,180,16,16,4,0
0,181,16,16,4,0
0,182,16,22,4,0
0,183,16,24,4,0
0,184,16,25,4,0
0,185,16,29,4,0
0,186,16,31,4,0
0,187,16,38,4,0
0,188,16,38,4,0
0,189,16,41,4,0
0,190,16,42,4,156
0,191,16,46,4,0
0,192,16,54,4,0
0,193,16,54,4,39
0,194,17,0,4,0
0,195,17,3,4,0
0,196,17,3,4,0
0,197,17,4,4,0
0,198,17,7,4,0
0,199,17,11,4,0
0,200,17,13,4,0
0,201,17,16,4,0
0,202,17,16,4,0
0,203,17,16,4,0
0,204,17,19,4,0
0,205,17,23,4,0
0,206,17,24,4,0
0,207,17,24,4,0
0,208,17,24,4,0
0,209,17,30,4,0
0,210,17,31,4,0
0,211,17,34,4,0
0,212,17,35,4,0
0,213,17,35,4,308
1,214,17,36,4,245
2,215,17,39,4,183
3,216,17,40,4,217
2,217,17,41,4,266
3,218,17,41,4,351
2,219,17,45,4,290
3,220,17,45,4,360
3,221,17,46,4,356
3,223,17,47,4,363
4,224,17,48,4,325
4,225,17,50,4,229
2,226,17,54,4,47
0,228,17,55,4,0
0,1,8,0,0,0
0,2,8,1,0,0
0,3,8,2,0,0
0,4,8,8,0,0
0,5,8,9,0,0
0,6,8,9,0,0
0,7,8,10,0,51
1,8,8,11,0,75
1,9,8,12,0,227
1,10,8,15,0,82
2,11,8,15,0,284
1,12,8,19,0,52
0,13,8,23,0,0
0,14,8,31,0,0
0,15,8,35,0,0
0,16,8,37,0,0
0,17,8,38,0,0
0,18,8,43,0,0
0,19,8,43,0,0
0,20,8,49,0,0
0,21,8,57,0,0
0,22,8,59,0,0
0,23,9,4,0,0
0,24,9,9,0,0
0,25,9,9,0,0
0,26,9,11,0,0
0,27,9,15,0,0
0,28,9,26,0,0
0,29,9,29,0,0
0,30,9,32,0,0
0,31,9,37,0,0
0,32,9,40,0,0
0,33,9,45,0,0
0,34,9,46,0,0
0,35,9,46,0,0
0,36,9,48,0,0
0,37,9,52,0,0
0,38,9,53,0,0
0,39,9,53,0,0
0,40,9,55,0,0
0,41,9,55,0,11
0,42,9,56,0,92
0,43,10,1,0,0
0,44,10,3,0,0
0,45,10,8,0,0
0,46,10,8,0,0
0,47,10,9,0,0
0,48,10,9,0,0
0,49,10,11,0,0
0,50,10,13,0,95
1,51,10,14,0,97
0,52,10,16,0,27
0,53,10,17,0,88
0,54,10,20,0,0
0,55,10,27,0,0
0,56,10,33,0,0
0,57,10,33,0,0
0,58,10,34,0,0
0,59,10,37,0,0
0,60,10,38,0,0
0,61,10,39,0,0
0,62,10,41,0,0
0,63,10,48,0,0
0,64,10,50,0,0
0,65,10,52,0,0
0,66,10,54,0,0
0,67,11,1,0,0
0,68,11,7,0,0
0,69,11,9,0,0
0,70,11,12,0,0
0,71,11,13,0,0
0,72,11,23,0,0
0,73,11,26,0,0
0,74,11,32,0,0
0,75,11,36,0,0
0,76,11,45,0,0
0,77,11,47,0,0
0,78,11,47,0,0
0,79,11,53,0,0
0,80,11,54,0,0
0,81,11,55,0,0
0,82,11,56,0,0
0,83,11,56,0,0
0,84,12,2,0,0
0,85,12,4,0,0
0,86,12,5,0,0
0,87,12,10,0,0
0,88,12,17,0,0
0,89,12,18,0,0
0,90,12,19,0,0
0,91,12,22,0,0
0,92,12,29,0,0
0,93,12,33,0,0
0,94,12,41,0,0
0,95,12,44,0,0
0,96,12,49,0,0
0,97,12,49,0,0
0,98,12,49,0,0
0,99,12,50,0,0
0,100,12,53,0,0
0,101,12,53,0,0
0,102,12,54,0,0
0,103,12,55,0,0
0,104,12,58,0,0
0,105,13,0,0,0
0,106,13,2,0,0
0,107,13,3,0,0
0,108,13,4,0,0
0,109,13,4,0,127
1,110,13,5,0,183
1,111,13,8,0,54
0,112,13,13,0,0
0,113,13,13,0,127
0,114,13,16,0,0
0,115,13,17,0,0
0,116,13,24,0,0
0,117,13,26,0,0
0,118,13,30,0,0
0,119,13,40,0,0
0,120,13,43,0,0
0,121,13,48,0,0
0,122,13,50,0,0
0,123,14,0,0,0
0,124,14,2,0,0
0,125,14,9,0,0
0,126,14,12,0,0
0,127,14,13,0,0
0,128,14,18,0,0
0,129,14,19,0,0
0,130,14,25,0,0
0,131,14,26,0,0
0,132,14,28,0,0
0,133,14,30,0,0
0,134,14,30,0,0
0,135,14,35,0,0
0,136,14,44,0,0
0,137,14,49,0,0
0,138,14,50,0,0
0,139,14,52,0,0
0,140,14,55,0,0
0,141,14,58,0,0
0,142,14,59,0,0
0,143,15,1,0,0
0,144,15,5,0,0
0,145,15,9,0,0
0,146,15,10,0,0
0,147,15,10,0,0
0,148,15,11,0,0
0,149,15,11,0,10
0,150,15,14,0,0
0,151,15,16,0,0
0,152,15,19,0,0
0,153,15,20,0,0
0,154,15,20,0,0
0,155,15,21,0,0
0,156,15,22,0,134
1,157,15,23,0,205
2,158,15,24,0,265
2,159,15,26,0,240
3,160,15,26,0,285
4,161,15,26,0,291
3,162,15,29,0,140
3,163,15,30,0,100
0,164,15,35,0,0
0,165,15,39,0,0
0,166,15,45,0,0
0,167,15,47,0,0
0,168,15,48,0,0
0,169,15,49,0,0
0,170,15,49,0,17
0,171,16,0,0,0
0,172,16,2,0,0
0,173,16,5,0,0
0,174,16,6,0,0
0,175,16,9,0,0
0,176,16,9,0,0
0,177,16,23,0,0
0,178,16,23,0,0
0,179,16,24,0,0
0,180,16,24,0,0
0,181,16,24,0,0
0,182,16,25,0,0
0,183,16,25,0,0
0,184,16,26,0,0
0,185,16,30,0,0
0,186,16,32,0,0
0,187,16,32,0,0
0,188,16,32,0,0
0,189,16,34,0,0
0,190,16,35,0,0
0,191,16,36,0,70
0,192,16,37,0,33
0,193,16,40,0,0
0,194,16,42,0,0
0,195,16,43,0,0
0,196,16,43,0,0
0,197,16,45,0,0
0,198,16,52,0,0
0,199,16,55,0,0
0,200,16,58,0,0
0,201,16,59,0,0
0,202,17,3,0,0
0,203,17,4,0,0
0,204,17,5,0,0
0,205,17,8,0,0
0,206,17,9,0,0
0,207,17,14,0,0
0,208,17,17,0,0
0,209,17,22,0,0
0,210,17,23,0,0
0,211,17,25,0,0
0,212,17,26,0,133
1,213,17,28,0,32
1,214,17,29,0,9
0,215,17,29,0,0
0,216,17,31,0,0
0,217,17,32,0,0
0,218,17,33,0,23
0,219,17,35,0,0
0,220,17,35,0,118
0,221,17,47,0,0
0,224,17,57,0,0
0,1,8,0,1,0
0,2,8,1,1,0
0,3,8,2,1,0
0,4,8,3,1,0
0,5,8,5,1,0
0,6,8,7,1,0
0,7,8,11,1,0
0,8,8,15,1,0
0,9,8,17,1,0
0,10,8,21,1,0
0,11,8,23,1,0
0,12,8,24,1,0
0,13,8,27,1,0
0,14,8,36,1,0
0,15,8,40,1,0
0,16,8,41,1,0
0,17,8,48,1,0
0,18,8,50,1,0
0,19,8,50,1,0
0,20,8,51,1,0
0,21,8,52,1,0
0,22,8,53,1,0
0,23,8,55,1,0
0,24,8,58,1,0
0,25,8,59,1,0
0,26,9,1,1,0
0,27,9,18,1,0
0,28,9,20,1,0
0,29,9,21,1,0
0,30,9,24,1,0
0,31,9,26,1,0
0,32,9,27,1,0
0,33,9,29,1,0
0,34,9,34,1,0
0,35,9,35,1,0
0,36,9,37,1,0
0,37,9,38,1,0
0,38,9,43,1,0
0,39,9,49,1,0
0,40,9,53,1,0
0,41,9,54,1,0
0,42,9,55,1,0
0,43,9,56,1,0
0,44,10,3,1,0
0,45,10,8,1,0
0,46,10,9,1,0
0,47,10,9,1,0
0,48,10,12,1,0
0,49,10,20,1,0
0,50,10,22,1,0
0,51,10,26,1,0
0,52,10,26,1,0
0,53,10,28,1,59
0,54,10,30,1,253
1,55,10,31,1,183
2,56,10,32,1,185
3,57,10,32,1,211
4,58,10,33,1,267
5,59,10,34,1,232
4,60,10,35,1,261
3,61,10,36,1,231
0,62,10,40,1,73
0,63,10,47,1,0
0,64,10,49,1,0
0,65,10,52,1,0
0,66,10,53,1,0
0,67,10,56,1,0
0,68,10,58,1,0
0,69,10,59,1,0
0,70,11,2,1,0
0,71,11,4,1,0
0,72,11,6,1,0
0,73,11,8,1,0
0,74,11,8,1,0
0,75,11,9,1,0
0,76,11,13,1,0
0,77,11,14,1,3
0,78,11,21,1,0
0,79,11,22,1,22
1,80,11,22,1,18
0,81,11,27,1,0
0,82,11,28,1,0
0,83,11,38,1,0
0,84,11,40,1,0
0,85,11,43,1,0
0,86,11,44,1,0
0,87,11,45,1,0
0,88,11,46,1,0
0,89,11,47,1,0
0,90,11,47,1,15
0,91,11,50,1,3
0,92,11,53,1,0
0,93,11,54,1,73
1,94,11,54,1,289
1,95,11,55,1,332
2,96,11,58,1,230
3,97,11,59,1,222
3,98,11,59,1,206
0,99,12,9,1,0
0,100,12,10,1,0
0,101,12,11,1,0
0,102,12,13,1,0
0,103,12,15,1,0
0,104,12,15,1,0
0,105,12,17,1,0
0,106,12,18,1,98
1,107,12,19,1,40
0,108,12,20,1,11
0,109,12,22,1,0
0,110,12,24,1,0
0,111,12,29,1,0
0,112,12,29,1,0
0,113,12,36,1,0
0,114,12,39,1,0
0,115,12,42,1,0
0,116,12,48,1,0
0,117,12,54,1,0
0,118,12,57,1,0
0,119,13,2,1,0
0,120,13,9,1,0
0,121,13,14,1,0
0,122,13,16,1,0
0,123,13,17,1,0
0,124,13,18,1,26
0,125,13,19,1,76
0,126,13,21,1,164
1,127,13,21,1,333
1,128,13,26,1,69
2,129,13,26,1,270
2,130,13,27,1,624
2,131,13,29,1,501
3,132,13,30,1,526
3,133,13,32,1,455
4,134,13,33,1,417
5,135,13,37,1,205
3,136,13,39,1,168
1,137,13,41,1,65
0,138,13,44,1,34
0,139,13,47,1,0
0,140,13,50,1,0
0,141,13,51,1,0
0,142,13,53,1,247
1,143,13,56,1,100
0,144,13,58,1,121
0,145,14,4,1,0
0,146,14,5,1,0
0,147,14,12,1,0
0,148,14,15,1,0
0,149,14,16,1,0
0,150,14,23,1,0
0,151,14,28,1,0
0,152,14,29,1,0
0,153,14,32,1,0
0,154,14,32,1,0
0,155,14,36,1,0
0,156,14,38,1,0
0,157,14,40,1,0
0,158,14,41,1,0
0,159,14,41,1,0
0,160,14,43,1,0
0,161,14,43,1,121
0,162,14,49,1,0
0,163,14,51,1,0
0,164,14,52,1,0
0,165,14,53,1,0
0,166,14,54,1,0
0,167,14,54,1,0
0,168,14,58,1,0
0,169,15,7,1,0
0,170,15,11,1,0
0,171,15,15,1,0
0,172,15,16,1,0
0,173,15,16,1,0
0,174,15,17,1,0
0,175,15,21,1,0
0,176,15,25,1,0
0,177,15,27,1,0
0,178,15,36,1,0
0,179,15,38,1,0
0,180,15,43,1,0
0,181,15,43,1,0
0,182,15,43,1,0
0,183,15,44,1,0
0,184,15,45,1,0
0,185,15,46,1,0
0,186,15,48,1,0
0,187,15,49,1,0
0,188,15,50,1,0
0,189,15,52,1,0
0,190,15,52,1,0
0,191,15,55,1,0
0,192,15,55,1,0
0,193,16,0,1,0
0,194,16,0,1,0
0,195,16,1,1,0
0,196,16,1,1,0
0,197,16,4,1,0
0,198,16,4,1,0
0,199,16,5,1,0
0,200,16,8,1,0
0,201,16,11,1,0
0,202,16,13,1,0
0,203,16,13,1,0
0,204,16,18,1,0
0,205,16,18,1,0
0,206,16,19,1,0
0,207,16,23,1,0
0,208,16,27,1,0
0,209,16,30,1,0
0,210,16,30,1,0
0,211,16,31,1,0
0,212,16,36,1,0
0,213,16,38,1,0
0,214,16,38,1,92
1,215,16,38,1,185
1,216,16,40,1,110
0,217,16,42,1,29
0,218,16,45,1,0
0,219,16,45,1,34
0,220,16,47,1,0
0,221,16,49,1,0
0,222,16,51,1,0
0,223,16,51,1,0
0,224,16,51,1,310
1,225,16,52,1,271
0,226,16,58,1,0
0,227,16,59,1,0
0,228,17,11,1,0
0,229,17,18,1,0
0,230,17,19,1,0
0,231,17,26,1,0
0,232,17,27,1,0
0,233,17,28,1,0
0,234,17,30,1,0
0,235,17,30,1,93
0,236,17,32,1,109
1,237,17,34,1,210
1,238,17,35,1,271
2,239,17,37,1,363
0,240,17,45,1,0
0,241,17,50,1,0
0,1,8,0,2,0
0,2,8,0,2,0
0,3,8,0,2,0
0,4,8,1,2,0
0,5,8,14,2,0
0,6,8,18,2,0
0,7,8,18,2,0
0,8,8,19,2,0
0,9,8,21,2,0
0,10,8,22,2,0
0,11,8,24,2,16
0,12,8,28,2,0
0,13,8,28,2,60
1,14,8,28,2,160
2,15,8,29,2,221
2,16,8,31,2,183
2,17,8,32,2,138
2,18,8,33,2,211
3,19,8,33,2,485
2,20,8,34,2,442
2,21,8,40,2,104
0,22,8,44,2,0
0,23,8,47,2,0
0,24,8,48,2,0
0,25,8,49,2,0
0,26,8,49,2,0
0,27,8,53,2,0
0,28,9,0,2,0
0,29,9,4,2,0
0,30,9,5,2,0
0,31,9,8,2,0
0,32,9,10,2,0
0,33,9,19,2,0
0,34,9,22,2,0
0,35,9,29,2,0
0,36,9,34,2,0
0,37,9,37,2,0
0,38,9,39,2,0
0,39,9,39,2,0
0,40,9,44,2,0
0,41,9,44,2,0
0,42,9,47,2,0
0,43,9,54,2,0
0,44,10,0,2,0
0,45,10,5,2,0
0,46,10,5,2,0
0,47,10,9,2,0
0,48,10,14,2,0
0,49,10,15,2,0
0,50,10,18,2,0
0,51,10,18,2,0
0,52,10,19,2,0
0,53,10,21,2,0
0,54,10,22,2,0
0,55,10,22,2,0
0,56,10,23,2,0
0,57,10,27,2,0
0,58,10,31,2,0
0,59,10,40,2,0
0,60,10,42,2,0
0,61,10,45,2,0
0,62,10,46,2,0
0,63,10,46,2,0
0,64,10,51,2,0
0,65,10,51,2,0
0,66,10,53,2,63
1,67,10,53,2,93
0,68,10,59,2,0
0,69,11,0,2,0
0,70,11,2,2,0
0,71,11,3,2,0
0,72,11,7,2,0
0,73,11,7,2,0
0,74,11,8,2,149
0,75,11,12,2,0
0,76,11,19,2,0
0,77,11,21,2,0
0,78,11,21,2,0
0,79,11,22,2,0
0,80,11,29,2,0
0,81,11,29,2,0
0,82,11,31,2,0
0,83,11,32,2,0
0,84,11,32,2,0
0,85,11,34,2,0
0,86,11,37,2,0
0,87,11,38,2,0
0,88,11,39,2,0
0,89,11,48,2,0
0,90,11,54,2,0
0,91,11,55,2,0
0,92,11,56,2,0
0,93,11,59,2,0
0,94,11,59,2,0
0,95,12,1,2,0
0,96,12,4,2,0
0,97,12,9,2,0
0,98,12,9,2,0
0,99,12,13,2,0
0,100,12,15,2,0
0,101,12,16,2,0
0,102,12,18,2,0
0,103,12,20,2,0
0,104,12,30,2,0
0,105,12,32,2,0
0,106,12,32,2,0
0,107,12,38,2,0
0,108,12,38,2,0
0,109,12,41,2,0
0,110,12,45,2,0
0,111,12,46,2,0
0,112,12,48,2,0
0,113,12,49,2,0
0,114,12,54,2,0
0,115,12,56,2,0
0,116,12,57,2,0
0,117,12,59,2,0
0,118,13,9,2,0
0,119,13,14,2,0
0,120,13,15,2,0
0,121,13,16,2,0
0,122,13,17,2,0
0,123,13,20,2,0
0,124,13,24,2,0
0,125,13,29,2,0
0,126,13,30,2,0
0,127,13,33,2,0
0,128,13,37,2,0
0,129,13,37,2,0
0,130,13,38,2,0
0,131,13,44,2,0
0,132,13,44,2,0
0,133,13,44,2,0
0,134,13,51,2,0
0,135,13,56,2,0
0,136,14,1,2,0
0,137,14,8,2,0
0,138,14,10,2,0
0,139,14,17,2,0
0,140,14,22,2,0
0,141,14,28,2,0
0,142,14,29,2,0
0,143,14,38,2,0
0,144,14,42,2,0
0,145,14,43,2,0
0,146,14,44,2,0
0,147,14,48,2,0
0,148,14,50,2,0
0,149,14,55,2,0
0,150,15,0,2,0
0,151,15,2,2,0
0,152,15,8,2,0
0,153,15,12,2,0
0,154,15,12,2,0
0,155,15,18,2,0
0,156,15,18,2,0
0,157,15,22,2,0
0,158,15,24,2,0
0,159,15,24,2,172
0,160,15,28,2,77
0,161,15,39,2,0
0,162,15,40,2,0
0,163,15,45,2,0
0,164,15,48,2,0
0,165,15,51,2,0
0,166,15,52,2,0
0,167,15,56,2,0
0,168,15,56,2,0
0,169,16,9,2,0
0,170,16,10,2,0
0,171,16,13,2,0
0,172,16,18,2,0
0,173,16,23,2,0
0,174,16,23,2,0
0,175,16,25,2,0
0,176,16,29,2,0
0,177,16,31,2,0
0,178,16,33,2,0
0,179,16,35,2,0
0,180,16,41,2,0
0,181,16,44,2,0
0,182,16,44,2,0
0,183,16,44,2,0
0,184,16,45,2,0
0,185,16,54,2,0
0,186,16,56,2,0
0,187,16,56,2,0
0,188,16,57,2,0
0,189,17,0,2,0
0,190,17,0,2,0
0,191,17,0,2,15
0,192,17,3,2,0
0,193,17,5,2,50
0,194,17,9,2,0
0,195,17,9,2,20
0,196,17,17,2,0
0,197,17,22,2,0
0,198,17,23,2,0
0,199,17,30,2,0
0,200,17,35,2,0
0,201,17,38,2,0
0,202,17,39,2,0
0,203,17,51,2,0
0,204,17,52,2,0
0,205,17,53,2,0
0,206,17,53,2,0
0,1,8,0,3,0
0,2,8,0,3,0
0,3,8,5,3,0
0,4,8,10,3,0
0,5,8,13,3,0
0,6,8,22,3,0
0,7,8,26,3,0
0,8,8,28,3,0
0,9,8,28,3,0
0,10,8,29,3,11
0,11,8,31,3,21
0,12,8,36,3,0
0,13,8,37,3,0
0,14,8,38,3,0
0,15,8,40,3,0
0,16,8,42,3,0
0,17,8,43,3,0
0,18,8,43,3,13
0,19,8,44,3,3
0,20,8,49,3,0
0,21,8,50,3,0
0,22,8,53,3,0
0,23,8,59,3,0
0,24,9,0,3,0
0,25,9,7,3,0
0,26,9,18,3,0
0,27,9,24,3,0
0,28,9,25,3,0
0,29,9,27,3,0
0,30,9,28,3,0
0,31,9,28,3,0
0,32,9,29,3,0
0,33,9,34,3,0
0,34,9,36,3,0
0,35,9,37,3,0
0,36,9,38,3,269
1,37,9,39,3,176
2,38,9,40,3,148
3,39,9,41,3,118
2,40,9,42,3,72
0,41,9,45,3,0
0,42,9,46,3,0
0,43,9,47,3,0
0,44,9,50,3,0
0,45,9,52,3,0
0,46,9,53,3,0
0,47,9,54,3,0
0,48,9,54,3,0
0,49,9,55,3,9
1,50,9,55,3,73
0,51,9,57,3,0
0,52,9,59,3,0
0,53,10,1,3,0
0,54,10,1,3,24
0,55,10,1,3,119
0,56,10,7,3,0
0,57,10,8,3,129
0,58,10,17,3,0
0,59,10,18,3,0
0,60,10,26,3,0
0,61,10,27,3,0
0,62,10,29,3,0
0,63,10,31,3,0
0,64,10,32,3,0
0,65,10,40,3,0
0,66,10,42,3,0
0,67,10,48,3,0
0,68,10,50,3,0
0,69,10,52,3,0
0,70,11,3,3,0
0,71,11,4,3,0
0,72,11,4,3,0
0,73,11,5,3,0
0,74,11,10,3,0
0,75,11,11,3,0
0,76,11,14,3,0
0,77,11,18,3,0
0,78,11,21,3,0
0,79,11,26,3,0
0,80,11,27,3,0
0,81,11,31,3,0
0,82,11,32,3,0
0,83,11,33,3,0
0,84,11,35,3,0
0,85,11,38,3,0
0,86,11,42,3,0
0,87,11,43,3,0
0,88,11,48,3,0
0,89,11,50,3,0
0,90,11,54,3,0
0,91,11,54,3,0
0,92,11,54,3,0
0,93,11,59,3,0
0,94,12,0,3,0
0,95,12,0,3,42
0,96,12,3,3,0
0,97,12,4,3,0
0,98,12,7,3,0
0,99,12,22,3,0
0,100,12,27,3,0
0,101,12,29,3,0
0,102,12,42,3,0
0,103,12,46,3,0
0,104,12,52,3,0
0,105,12,56,3,0
0,106,12,59,3,0
0,107,13,1,3,0
0,108,13,2,3,0
0,109,13,5,3,0
0,110,13,7,3,0
0,111,13,10,3,0
0,112,13,10,3,0
0,113,13,28,3,0
0,114,13,29,3,0
0,115,13,30,3,0
0,116,13,38,3,0
0,117,13,38,3,0
0,118,13,38,3,0
0,119,13,40,3,0
0,120,13,46,3,0
0,121,13,51,3,0
0,122,13,55,3,0
0,123,14,0,3,0
0,124,14,3,3,0
0,125,14,9,3,0
0,126,14,10,3,0
0,127,14,11,3,0
0,128,14,13,3,0
0,129,14,14,3,0
0,130,14,14,3,0
0,131,14,18,3,0
0,132,14,20,3,0
0,133,14,20,3,0
0,134,14,22,3,0
0,135,14,22,3,44
0,136,14,30,3,0
0,137,14,32,3,0
0,138,14,33,3,0
0,139,14,40,3,0
0,140,14,41,3,0
0,141,14,41,3,17
0,142,14,44,3,0
0,143,14,49,3,0
0,144,14,49,3,199
1,145,14,49,3,344
0,146,14,56,3,0
0,147,14,56,3,0
0,148,14,56,3,0
0,149,15,0,3,0
0,150,15,4,3,0
0,151,15,8,3,0
0,152,15,8,3,0
0,153,15,14,3,0
0,154,15,14,3,0
0,155,15,19,3,0
0,156,15,23,3,0
0,157,15,24,3,0
0,158,15,26,3,0
0,159,15,26,3,0
0,160,15,29,3,0
0,161,15,32,3,0
0,162,15,40,3,0
0,163,15,46,3,0
0,164,15,49,3,0
0,165,15,50,3,0
0,166,15,55,3,0
0,167,15,58,3,0
0,168,16,2,3,0
0,169,16,6,3,0
0,170,16,9,3,0
0,171,16,16,3,0
0,172,16,17,3,0
0,173,16,18,3,0
0,174,16,20,3,27
1,175,16,20,3,43
0,176,16,28,3,0
0,177,16,31,3,0
0,178,16,34,3,0
0,179,16,34,3,141
0,180,16,36,3,3
0,181,16,36,3,228
0,182,16,50,3,0
0,183,16,52,3,0
0,184,16,54,3,0
0,185,16,57,3,0
0,186,17,2,3,0
0,187,17,4,3,0
0,188,17,4,3,0
0,189,17,6,3,0
0,190,17,11,3,0
0,191,17,11,3,0
0,192,17,13,3,0
0,193,17,13,3,461
1,194,17,14,3,528
2,195,17,15,3,570
3,196,17,15,3,579
4,197,17,19,3,395
5,198,17,19,3,422
5,199,17,23,3,371
6,200,17,23,3,397
2,201,17,27,3,190
3,202,17,27,3,217
0,203,17,35,3,0
0,204,17,39,3,0
0,205,17,43,3,0
0,206,17,44,3,0
0,207,17,46,3,0
0,208,17,48,3,0
0,210,17,54,3,0
0,211,17,55,3,0
0,212,17,56,3,0
0,213,17,57,3,0
0,214,17,58,3,0
0,1,8,0,4,0
0,2,8,1,4,0
0,3,8,2,4,0
0,4,8,4,4,0
0,5,8,5,4,0
0,6,8,8,4,0
0,7,8,8,4,0
0,8,8,18,4,0
0,9,8,20,4,0
0,10,8,22,4,0
0,11,8,24,4,0
0,12,8,25,4,0
0,13,8,31,4,0
0,14,8,31,4,0
0,15,8,35,4,0
0,16,8,40,4,0
0,17,8,41,4,0
0,18,8,45,4,0
0,19,8,50,4,0
0,20,8,51,4,0
0,21,8,54,4,0
0,22,8,55,4,0
0,23,8,57,4,0
0,24,8,58,4,0
0,25,9,1,4,0
0,26,9,1,4,0
0,27,9,1,4,32
0,28,9,8,4,0
0,29,9,8,4,99
1,30,9,10,4,123
1,31,9,11,4,98
2,32,9,11,4,113
0,33,9,14,4,0
0,34,9,18,4,0
0,35,9,19,4,0
0,36,9,20,4,0
0,37,9,20,4,0
0,38,9,25,4,0
0,39,9,28,4,0
0,40,9,28,4,0
0,41,9,37,4,0
0,42,9,37,4,0
0,43,9,40,4,0
0,44,9,41,4,0
0,45,9,41,4,0
0,46,9,41,4,0
0,47,9,42,4,7
0,48,9,45,4,0
0,49,9,46,4,72
0,50,9,50,4,0
0,51,9,50,4,0
0,52,9,53,4,0
0,53,9,57,4,0
0,54,9,57,4,0
0,55,10,2,4,0
0,56,10,4,4,0
0,57,10,11,4,0
0,58,10,17,4,0
0,59,10,18,4,0
0,60,10,25,4,0
0,61,10,25,4,0
0,62,10,31,4,0
0,63,10,34,4,0
0,64,10,34,4,0
0,65,10,35,4,0
0,66,10,35,4,104
1,67,10,36,4,107
0,68,10,38,4,137
1,69,10,38,4,226
2,70,10,38,4,259
3,71,10,39,4,195
0,72,10,45,4,0
0,73,10,46,4,0
0,74,10,48,4,0
0,75,10,53,4,0
0,76,10,54,4,0
0,77,10,56,4,62
0,78,11,4,4,0
0,79,11,5,4,0
0,80,11,5,4,0
0,81,11,6,4,0
0,82,11,6,4,2
0,83,11,9,4,0
0,84,11,11,4,0
0,85,11,11,4,0
0,86,11,13,4,0
0,87,11,16,4,0
0,88,11,17,4,0
0,89,11,18,4,0
0,90,11,21,4,0
0,91,11,23,4,0
0,92,11,26,4,0
0,93,11,30,4,0
0,94,11,30,4,0
0,95,11,31,4,0
0,96,11,34,4,0
0,97,11,36,4,0
0,98,11,43,4,0
0,99,11,45,4,0
0,100,11,46,4,0
0,101,11,52,4,0
0,102,11,52,4,0
0,103,11,52,4,0
0,104,11,59,4,0
0,105,12,3,4,0
0,106,12,7,4,0
0,107,12,8,4,0
0,108,12,11,4,0
0,109,12,12,4,0
0,110,12,16,4,0
0,111,12,17,4,0
0,112,12,17,4,0
0,113,12,18,4,0
0,114,12,19,4,0
0,115,12,20,4,0
0,116,12,21,4,0
0,117,12,23,4,0
0,118,12,25,4,0
0,119,12,33,4,0
0,120,12,40,4,0
0,121,12,42,4,0
0,122,12,45,4,0
0,123,12,48,4,0
0,124,12,49,4,0
0,125,12,50,4,0
0,126,12,50,4,0
0,127,12,51,4,0
0,128,12,52,4,0
0,129,12,52,4,0
0,130,12,53,4,0
0,131,12,57,4,0
0,132,12,58,4,0
0,133,13,5,4,0
0,134,13,13,4,0
0,135,13,17,4,0
0,136,13,19,4,0
0,137,13,20,4,0
0,138,13,26,4,0
0,139,13,30,4,0
0,140,13,31,4,0
0,141,13,33,4,0
0,142,13,34,4,99
0,143,13,38,4,0
0,144,13,49,4,0
0,145,13,51,4,0
0,146,13,52,4,0
0,147,13,56,4,0
0,148,13,58,4,0
0,149,14,2,4,0
0,150,14,2,4,0
0,151,14,7,4,0
0,152,14,11,4,0
0,153,14,12,4,0
0,154,14,14,4,0
0,155,14,14,4,0
0,156,14,16,4,0
0,157,14,19,4,0
0,158,14,21,4,0
0,159,14,22,4,0
0,160,14,27,4,0
0,161,14,28,4,0
0,162,14,34,4,0
0,163,14,35,4,0
0,164,14,37,4,0
0,165,14,40,4,0
0,166,14,41,4,0
0,167,14,42,4,0
0,168,14,43,4,0
0,169,14,45,4,0
0,170,14,55,4,0
0,171,14,58,4,0
0,172,14,59,4,0
0,173,14,59,4,39
0,174,15,3,4,0
0,175,15,4,4,0
0,176,15,7,4,0
0,177,15,8,4,0
0,178,15,12,4,0
0,179,15,14,4,0
0,180,15,16,4,0
0,181,15,17,4,0
0,182,15,20,4,0
0,183,15,21,4,0
0,184,15,24,4,0
0,185,15,25,4,0
0,186,15,26,4,0
0,187,15,32,4,0
0,188,15,33,4,0
0,189,15,35,4,0
0,190,15,37,4,0
0,191,15,40,4,0
0,192,15,42,4,0
0,193,15,42,4,0
0,194,15,51,4,0
0,195,15,54,4,0
0,196,15,54,4,0
0,197,15,55,4,0
0,198,15,57,4,0
0,199,15,57,4,0
0,200,15,59,4,0
0,201,16,0,4,0
0,202,16,1,4,0
0,203,16,8,4,0
0,204,16,10,4,0
0,205,16,16,4,0
0,206,16,23,4,0
0,207,16,26,4,0
0,208,16,28,4,0
0,209,16,29,4,0
0,210,16,31,4,0
0,211,16,31,4,146
1,212,16,33,4,34
0,213,16,35,4,0
0,214,16,35,4,391
1,215,16,39,4,306
0,216,16,44,4,2
0,217,16,50,4,0
0,218,16,57,4,0
0,219,16,58,4,0
0,220,16,59,4,0
0,221,17,1,4,0
0,222,17,4,4,0
0,223,17,5,4,0
0,224,17,8,4,0
0,225,17,8,4,0
0,226,17,10,4,0
0,227,17,10,4,0
0,228,17,14,4,0
0,229,17,15,4,0
0,230,17,20,4,0
0,231,17,24,4,0
0,232,17,25,4,0
0,233,17,26,4,0
0,234,17,27,4,0
0,235,17,27,4,0
0,236,17,30,4,9
0,237,17,34,4,0
0,238,17,43,4,0
0,239,17,45,4,0
0,242,17,54,4,0
0,1,8,0,0,0
0,2,8,0,0,0
0,3,8,0,0,0
0,4,8,1,0,0
0,5,8,13,0,0
0,6,8,15,0,0
0,7,8,16,0,0
0,8,8,16,0,0
0,9,8,25,0,0
0,10,8,32,0,0
0,11,8,34,0,0
0,12,8,38,0,0
0,13,8,38,0,0
0,14,8,41,0,0
0,15,8,42,0,0
0,16,8,42,0,105
0,17,8,45,0,39
0,18,8,47,0,67
1,19,8,48,0,46
0,20,8,50,0,0
0,21,8,55,0,0
0,22,8,56,0,0
0,23,8,56,0,0
0,24,9,0,0,0
0,25,9,2,0,0
0,26,9,3,0,0
0,27,9,11,0,0
0,28,9,13,0,0
0,29,9,14,0,0
0,30,9,15,0,0
0,31,9,15,0,0
0,32,9,19,0,0
0,33,9,19,0,0
0,34,9,24,0,0
0,35,9,26,0,0
0,36,9,29,0,0
0,37,9,31,0,0
0,38,9,32,0,0
0,39,9,32,0,0
0,40,9,32,0,0
0,41,9,33,0,71
0,42,9,37,0,0
0,43,9,43,0,0
0,44,9,47,0,0
0,45,9,49,0,0
0,46,9,51,0,0
0,47,9,54,0,0
0,48,9,54,0,0
0,49,9,56,0,0
0,50,10,0,0,0
0,51,10,1,0,0
0,52,10,2,0,0
0,53,10,3,0,0
0,54,10,8,0,0
0,55,10,8,0,0
0,56,10,11,0,0
0,57,10,13,0,0
0,58,10,23,0,0
0,59,10,25,0,0
0,60,10,28,0,0
0,61,10,28,0,0
0,62,10,29,0,0
0,63,10,30,0,0
0,64,10,33,0,0
0,65,10,35,0,0
0,66,10,42,0,0
0,67,10,42,0,0
0,68,10,43,0,0
0,69,10,45,0,0
0,70,10,47,0,0
0,71,10,47,0,42
0,72,10,48,0,86
1,73,10,49,0,77
0,74,10,51,0,0
0,75,10,55,0,0
0,76,10,56,0,0
0,77,10,58,0,0
0,78,10,59,0,0
0,79,11,1,0,0
0,80,11,11,0,0
0,81,11,12,0,0
0,82,11,12,0,0
0,83,11,13,0,0
0,84,11,14,0,0
0,85,11,16,0,0
0,86,11,17,0,0
0,87,11,17,0,218
1,88,11,18,0,385
2,89,11,19,0,404
0,90,11,27,0,0
0,91,11,30,0,0
0,92,11,36,0,0
0,93,11,42,0,0
0,94,11,43,0,0
0,95,11,47,0,0
0,96,11,48,0,0
0,97,11,50,0,0
0,98,11,57,0,0
0,99,11,58,0,0
0,100,12,0,0,0
0,101,12,1,0,13
0,102,12,3,0,0
0,103,12,3,0,88
1,104,12,4,0,76
2,105,12,5,0,109
1,106,12,6,0,46
0,107,12,9,0,0
0,108,12,10,0,0
0,109,12,13,0,0
0,110,12,17,0,0
0,111,12,27,0,0
0,112,12,31,0,0
0,113,12,34,0,0
0,114,12,35,0,0
0,115,12,39,0,0
0,116,12,43,0,0
0,117,12,43,0,14
0,118,12,45,0,0
0,119,12,47,0,0
0,120,12,48,0,0
0,121,12,48,0,0
0,122,12,55,0,0
0,123,12,55,0,0
0,124,13,6,0,0
0,125,13,8,0,0
0,126,13,8,0,0
0,127,13,10,0,0
0,128,13,10,0,0
0,129,13,11,0,0
0,130,13,16,0,0
0,131,13,24,0,0
0,132,13,27,0,0
0,133,13,30,0,0
0,134,13,30,0,0
0,135,13,30,0,0
0,136,13,33,0,0
0,137,13,35,0,0
0,138,13,35,0,36
0,139,13,36,0,7
0,140,13,42,0,0
0,141,13,42,0,0
0,142,13,45,0,0
0,143,13,49,0,0
0,144,13,50,0,0
0,145,13,52,0,0
0,146,13,52,0,0
0,147,14,3,0,0
0,148,14,6,0,0
0,149,14,6,0,0
0,150,14,16,0,0
0,151,14,20,0,0
0,152,14,22,0,0
0,153,14,24,0,0
0,154,14,32,0,0
0,155,14,32,0,0
0,156,14,34,0,0
0,157,14,38,0,0
0,158,14,38,0,0
0,159,14,48,0,0
0,160,14,49,0,0
0,161,14,52,0,0
0,162,14,54,0,0
0,163,14,55,0,0
0,164,14,57,0,0
0,165,14,59,0,0
0,166,14,59,0,12
1,167,14,59,0,17
0,168,15,1,0,0
0,169,15,7,0,0
0,170,15,8,0,0
0,171,15,8,0,0
0,172,15,11,0,0
0,173,15,13,0,97
0,174,15,15,0,0
0,175,15,21,0,0
0,176,15,26,0,0
0,177,15,29,0,0
0,178,15,30,0,0
0,179,15,33,0,0
0,180,15,36,0,0
0,181,15,39,0,0
0,182,15,42,0,0
0,183,15,48,0,0
0,184,15,52,0,0
0,185,15,53,0,0
0,186,15,54,0,0
0,187,15,55,0,0
0,188,15,59,0,0
0,189,16,2,0,0
0,190,16,2,0,0
0,191,16,3,0,0
0,192,16,5,0,0
0,193,16,5,0,0
0,194,16,5,0,0
0,195,16,5,0,78
1,196,16,5,0,98
0,197,16,9,0,0
0,198,16,10,0,0
0,199,16,12,0,0
0,200,16,12,0,0
0,201,16,12,0,0
0,202,16,12,0,0
0,203,16,13,0,84
0,204,16,15,0,0
0,205,16,18,0,0
0,206,16,19,0,0
0,207,16,21,0,0
0,208,16,23,0,0
0,209,16,24,0,0
0,210,16,24,0,0
0,211,16,25,0,0
0,212,16,27,0,0
0,213,16,37,0,0
0,214,16,37,0,0
0,215,16,37,0,0
0,216,16,39,0,0
0,217,16,41,0,35
0,218,16,45,0,0
0,219,16,47,0,0
0,220,16,47,0,0
0,221,16,49,0,0
0,222,16,50,0,0
0,223,16,51,0,0
0,224,16,54,0,0
0,225,16,55,0,0
0,226,17,2,0,0
0,227,17,9,0,0
0,228,17,12,0,0
0,229,17,16,0,0
0,230,17,16,0,0
0,231,17,18,0,0
0,232,17,23,0,0
0,233,17,23,0,0
0,234,17,25,0,0
0,235,17,29,0,0
0,236,17,42,0,0
0,237,17,44,0,0
0,238,17,44,0,0
0,239,17,46,0,0
0,240,17,50,0,0
0,241,17,51,0,0
0,242,17,53,0,0
0,243,17,56,0,0
0,244,17,57,0,0
0,1,8,0,1,0
0,2,8,13,1,0
0,3,8,17,1,0
0,4,8,20,1,0
0,5,8,22,1,0
0,6,8,24,1,0
0,7,8,26,1,0
0,8,8,27,1,0
0,9,8,28,1,0
0,10,8,29,1,0
0,11,8,29,1,0
0,12,8,29,1,1
0,13,8,36,1,0
0,14,8,38,1,0
0,15,8,40,1,0
0,16,8,40,1,0
0,17,8,40,1,45
1,18,8,41,1,21
0,19,8,42,1,6
0,20,8,47,1,0
0,21,8,47,1,0
0,22,8,51,1,0
0,23,8,57,1,0
0,24,8,59,1,0
0,25,9,0,1,0
0,26,9,2,1,0
0,27,9,4,1,0
0,28,9,4,1,7
0,29,9,6,1,0
0,30,9,9,1,0
0,31,9,12,1,0
0,32,9,12,1,0
0,33,9,14,1,20
0,34,9,17,1,0
0,35,9,17,1,0
0,36,9,21,1,0
0,37,9,22,1,0
0,38,9,24,1,0
0,39,9,28,1,0
0,40,9,32,1,0
0,41,9,34,1,0
0,42,9,34,1,0
0,43,9,46,1,0
0,44,9,46,1,0
0,45,9,47,1,0
0,46,9,48,1,0
0,47,9,50,1,0
0,48,9,51,1,0
0,49,9,53,1,14
0,50,9,55,1,0
0,51,9,55,1,0
0,52,9,57,1,0
0,53,10,0,1,0
0,54,10,2,1,0
0,55,10,2,1,0
0,56,10,4,1,0
0,57,10,7,1,0
0,58,10,9,1,0
0,59,10,11,1,0
0,60,10,17,1,0
0,61,10,17,1,0
0,62,10,23,1,0
0,63,10,24,1,0
0,64,10,26,1,0
0,65,10,27,1,0
0,66,10,28,1,2
0,67,10,29,1,0
0,68,10,29,1,0
0,69,10,29,1,37
0,70,10,31,1,0
0,71,10,31,1,103
0,72,10,32,1,8
0,73,10,34,1,0
0,74,10,36,1,0
0,75,10,39,1,0
0,76,10,44,1,0
0,77,10,45,1,0
0,78,10,47,1,0
0,79,10,48,1,0
0,80,10,54,1,0
0,81,11,1,1,0
0,82,11,2,1,0
0,83,11,10,1,0
0,84,11,11,1,0
0,85,11,14,1,0
0,86,11,15,1,0
0,87,11,15,1,0
0,88,11,16,1,0
0,89,11,16,1,0
0,90,11,17,1,46
1,91,11,17,1,80
0,92,11,19,1,51
0,93,11,20,1,75
1,94,11,21,1,156
0,95,11,29,1,0
0,96,11,29,1,34
0,97,11,34,1,0
0,98,11,34,1,0
0,99,11,37,1,0
0,100,11,42,1,0
0,101,11,44,1,0
0,102,11,52,1,0
0,103,11,53,1,0
0,104,11,54,1,0
0,105,11,56,1,0
0,106,12,0,1,0
0,107,12,3,1,0
0,108,12,3,1,7
1,109,12,3,1,345
1,110,12,8,1,81
0,111,12,12,1,0
0,112,12,20,1,0
0,113,12,21,1,0
0,114,12,21,1,0
0,115,12,22,1,0
0,116,12,22,1,0
0,117,12,24,1,0
0,118,12,24,1,0
0,119,12,25,1,26
0,120,12,26,1,2
0,121,12,28,1,0
0,122,12,31,1,0
0,123,12,32,1,0
0,124,12,36,1,0
0,125,12,45,1,0
0,126,12,46,1,0
0,127,12,47,1,0
0,128,12,50,1,0
0,129,12,53,1,0
0,130,12,58,1,0
0,131,12,58,1,0
0,132,13,2,1,0
0,133,13,3,1,0
0,134,13,10,1,0
0,135,13,17,1,0
0,136,13,19,1,0
0,137,13,20,1,0
0,138,13,22,1,0
0,139,13,22,1,0
0,140,13,23,1,0
0,141,13,26,1,0
0,142,13,26,1,16
0,143,13,31,1,0
0,144,13,34,1,0
0,145,13,34,1,0
0,146,13,35,1,0
0,147,13,36,1,0
0,148,13,36,1,0
0,149,13,39,1,0
0,150,13,39,1,0
0,151,13,40,1,0
0,152,13,43,1,0
0,153,13,45,1,83
0,154,13,46,1,166
0,155,13,55,1,0
0,156,13,57,1,0
0,157,13,58,1,0
0,158,13,59,1,0
0,159,13,59,1,0
0,160,14,2,1,111
0,161,14,7,1,0
0,162,14,7,1,34
0,163,14,12,1,0
0,164,14,15,1,0
0,165,14,18,1,0
0,166,14,21,1,0
0,167,14,22,1,0
0,168,14,24,1,0
0,169,14,24,1,0
0,170,14,25,1,0
0,171,14,26,1,0
0,172,14,26,1,0
0,173,14,32,1,0
0,174,14,47,1,0
0,175,14,49,1,0
0,176,14,49,1,0
0,177,14,50,1,0
0,178,14,51,1,0
0,179,14,53,1,0
0,180,14,57,1,0
0,181,14,59,1,0
0,182,14,59,1,0
0,183,15,1,1,0
0,184,15,3,1,0
0,185,15,3,1,0
0,186,15,8,1,0
0,187,15,8,1,0
0,188,15,11,1,0
0,189,15,13,1,0
0,190,15,14,1,0
0,191,15,14,1,0
0,192,15,14,1,64
0,193,15,16,1,39
1,194,15,17,1,64
0,195,15,21,1,0
0,196,15,24,1,0
0,197,15,25,1,0
0,198,15,32,1,0
0,199,15,38,1,0
0,200,15,41,1,0
0,201,15,41,1,0
0,202,15,46,1,0
0,203,15,48,1,0
0,204,15,50,1,0
0,205,15,52,1,0
0,206,15,55,1,0
0,207,16,1,1,0
0,208,16,2,1,0
0,209,16,5,1,0
0,210,16,6,1,0
0,211,16,6,1,0
0,212,16,7,1,0
0,213,16,9,1,17
0,214,16,10,1,0
0,215,16,18,1,0
0,216,16,19,1,0
0,217,16,19,1,0
0,218,16,22,1,0
0,219,16,23,1,0
0,220,16,25,1,0
0,221,16,33,1,0
0,222,16,37,1,0
0,223,16,44,1,0
0,224,16,54,1,0
0,225,16,56,1,0
0,226,16,59,1,0
0,227,16,59,1,0
0,228,17,1,1,0
0,229,17,1,1,0
0,230,17,4,1,0
0,231,17,18,1,0
0,232,17,23,1,0
0,233,17,23,1,0
0,234,17,24,1,0
0,235,17,25,1,4
0,236,17,27,1,0
0,237,17,27,1,0
0,238,17,28,1,0
0,239,17,29,1,1
0,240,17,33,1,0
0,241,17,33,1,0
0,242,17,37,1,0
0,243,17,39,1,0
0,244,17,41,1,0
0,245,17,47,1,0
0,246,17,47,1,0
0,247,17,48,1,0
0,249,17,57,1,0
0,250,17,57,1,0
0,1,8,0,2,0
0,2,8,0,2,0
0,3,8,5,2,0
0,4,8,7,2,0
0,5,8,11,2,0
0,6,8,14,2,0
0,7,8,15,2,0
0,8,8,17,2,0
0,9,8,19,2,0
0,10,8,23,2,0
0,11,8,28,2,0
0,12,8,31,2,0
0,13,8,31,2,0
0,14,8,32,2,0
0,15,8,34,2,0
0,16,8,36,2,0
0,17,8,37,2,0
0,18,8,44,2,0
0,19,8,46,2,0
0,20,8,47,2,0
0,21,8,47,2,79
1,22,8,48,2,60
0,23,8,51,2,0
0,24,8,51,2,188
0,25,9,0,2,0
0,26,9,2,2,0
0,27,9,2,2,0
0,28,9,2,2,22
0,29,9,6,2,0
0,30,9,12,2,0
0,31,9,12,2,0
0,32,9,16,2,0
0,33,9,21,2,0
0,34,9,25,2,0
0,35,9,35,2,0
0,36,9,42,2,0
0,37,9,46,2,0
0,38,9,47,2,0
0,39,9,48,2,0
0,40,9,49,2,0
0,41,9,51,2,0
0,42,9,53,2,0
0,43,9,59,2,0
0,44,10,1,2,0
0,45,10,1,2,0
0,46,10,3,2,0
0,47,10,6,2,0
0,48,10,8,2,0
0,49,10,11,2,0
0,50,10,13,2,0
0,51,10,16,2,0
0,52,10,19,2,0
0,53,10,20,2,0
0,54,10,21,2,34
1,55,10,21,2,115
0,56,10,26,2,36
0,57,10,27,2,0
0,58,10,30,2,0
0,59,10,30,2,0
0,60,10,30,2,42
0,61,10,38,2,0
0,62,10,40,2,0
0,63,10,40,2,0
0,64,10,41,2,21
0,65,10,41,2,85
1,66,10,43,2,21
0,67,10,47,2,0
0,68,10,51,2,0
0,69,10,52,2,0
0,70,10,55,2,0
0,71,10,56,2,0
0,72,11,0,2,0
0,73,11,1,2,0
0,74,11,6,2,0
0,75,11,8,2,0
0,76,11,12,2,0
0,77,11,14,2,0
0,78,11,16,2,0
0,79,11,19,2,0
0,80,11,26,2,0
0,81,11,28,2,0
0,82,11,30,2,0
0,83,11,30,2,0
0,84,11,36,2,0
0,85,11,37,2,0
0,86,11,38,2,0
0,87,11,41,2,0
0,88,11,41,2,0
0,89,11,42,2,77
0,90,11,44,2,0
0,91,11,47,2,0
0,92,11,48,2,0
0,93,11,53,2,0
0,94,11,58,2,0
0,95,12,0,2,0
0,96,12,6,2,0
0,97,12,9,2,0
0,98,12,14,2,0
0,99,12,14,2,0
0,100,12,14,2,0
0,101,12,17,2,0
0,102,12,18,2,70
0,103,12,21,2,0
0,104,12,22,2,0
0,105,12,23,2,0
0,106,12,29,2,0
0,107,12,30,2,0
0,108,12,32,2,0
0,109,12,33,2,0
0,110,12,36,2,0
0,111,12,39,2,0
0,112,12,39,2,0
0,113,12,39,2,0
0,114,12,47,2,0
0,115,12,54,2,0
0,116,12,54,2,0
0,117,12,55,2,0
0,118,12,59,2,0
0,119,13,4,2,0
0,120,13,9,2,0
0,121,13,12,2,0
0,122,13,13,2,0
0,123,13,14,2,0
0,124,13,15,2,0
0,125,13,21,2,0
0,126,13,22,2,0
0,127,13,23,2,0
0,128,13,26,2,0
0,129,13,27,2,0
0,130,13,29,2,0
0,131,13,29,2,0
0,132,13,31,2,0
0,133,13,38,2,0
0,134,13,40,2,0
0,135,13,41,2,0
0,136,13,47,2,0
0,137,13,54,2,0
0,138,13,57,2,0
0,139,14,0,2,0
0,140,14,1,2,0
0,141,14,4,2,0
0,142,14,6,2,0
0,143,14,9,2,0
0,144,14,11,2,0
0,145,14,12,2,0
0,146,14,13,2,0
0,147,14,13,2,0
0,148,14,17,2,0
0,149,14,20,2,324
1,150,14,22,2,212
1,151,14,25,2,112
0,152,14,29,2,19
0,153,14,35,2,0
0,154,14,35,2,0
0,155,14,38,2,0
0,156,14,43,2,0
0,157,14,44,2,0
0,158,14,45,2,0
0,159,14,46,2,0
0,160,14,49,2,0
0,161,14,49,2,71
0,162,14,50,2,49
0,163,14,55,2,0
0,164,14,57,2,0
0,165,15,0,2,0
0,166,15,3,2,105
0,167,15,6,2,0
0,168,15,9,2,0
0,169,15,10,2,0
0,170,15,12,2,0
0,171,15,12,2,0
0,172,15,12,2,0
0,173,15,13,2,0
0,174,15,14,2,0
0,175,15,14,2,0
0,176,15,17,2,262
1,177,15,19,2,135
0,178,15,28,2,0
0,179,15,32,2,0
0,180,15,36,2,0
0,181,15,37,2,0
0,182,15,38,2,113
1,183,15,38,2,154
1,184,15,40,2,50
0,185,15,45,2,0
0,186,15,47,2,0
0,187,15,50,2,0
0,188,15,51,2,0
0,189,15,52,2,0
0,190,15,55,2,0
0,191,15,55,2,0
0,192,15,56,2,6
0,193,15,57,2,101
0,194,15,59,2,122
0,195,16,2,2,0
0,196,16,2,2,157
0,197,16,5,2,0
0,198,16,5,2,441
0,199,16,14,2,0
0,200,16,15,2,0
0,201,16,15,2,84
1,202,16,16,2,189
1,203,16,18,2,191
2,204,16,18,2,341
3,205,16,18,2,351
0,206,16,24,2,117
0,207,16,32,2,0
0,208,16,35,2,0
0,209,16,36,2,0
0,210,16,37,2,0
0,211,16,39,2,0
0,212,16,40,2,0
0,213,16,43,2,0
0,214,16,49,2,0
0,215,16,51,2,0
0,216,16,51,2,0
0,217,16,57,2,0
0,218,17,3,2,0
0,219,17,9,2,0
0,220,17,15,2,0
0,221,17,17,2,0
0,222,17,17,2,0
0,223,17,17,2,0
0,224,17,24,2,0
0,225,17,26,2,0
0,226,17,26,2,0
0,227,17,27,2,0
0,228,17,29,2,0
0,229,17,31,2,0
0,230,17,31,2,0
0,231,17,32,2,0
0,232,17,43,2,0
0,233,17,48,2,0
0,234,17,50,2,0
0,237,17,57,2,0
0,238,17,57,2,0
0,1,8,0,3,0
0,2,8,3,3,0
0,3,8,4,3,0
0,4,8,11,3,0
0,5,8,15,3,0
0,6,8,19,3,0
0,7,8,20,3,0
0,8,8,22,3,0
0,9,8,22,3,0
0,10,8,24,3,0
0,11,8,28,3,0
0,12,8,31,3,0
0,13,8,34,3,0
0,14,8,36,3,0
0,15,8,39,3,0
0,16,8,42,3,0
0,17,8,44,3,0
0,18,8,44,3,0
0,19,8,50,3,0
0,20,8,53,3,0
0,21,8,54,3,0
0,22,8,58,3,0
0,23,8,58,3,0
0,24,9,0,3,0
0,25,9,0,3,0
0,26,9,1,3,0
0,27,9,6,3,0
0,28,9,8,3,0
0,29,9,8,3,0
0,30,9,9,3,0
0,31,9,9,3,0
0,32,9,13,3,0
0,33,9,16,3,0
0,34,9,17,3,0
0,35,9,22,3,0
0,36,9,22,3,0
0,37,9,23,3,11
0,38,9,25,3,0
0,39,9,27,3,0
0,40,9,30,3,0
0,41,9,37,3,0
0,42,9,39,3,0
0,43,9,39,3,65
1,44,9,39,3,63
0,45,9,42,3,0
0,46,9,45,3,0
0,47,9,53,3,0
0,48,10,3,3,0
0,49,10,4,3,0
0,50,10,7,3,0
0,51,10,7,3,0
0,52,10,10,3,0
0,53,10,13,3,0
0,54,10,13,3,0
0,55,10,18,3,0
0,56,10,20,3,0
0,57,10,21,3,0
0,58,10,21,3,0
0,59,10,22,3,0
0,60,10,24,3,0
0,61,10,25,3,0
0,62,10,30,3,0
0,63,10,34,3,0
0,64,10,37,3,0
0,65,10,37,3,0
0,66,10,44,3,0
0,67,10,46,3,0
0,68,10,46,3,0
0,69,10,50,3,0
0,70,10,51,3,0
0,71,10,51,3,0
0,72,10,52,3,0
0,73,10,53,3,0
0,74,10,54,3,7
0,75,10,57,3,0
0,76,10,59,3,25
0,77,11,1,3,0
0,78,11,1,3,99
1,79,11,1,3,120
2,80,11,2,3,94
3,81,11,3,3,139
0,82,11,6,3,0
0,83,11,8,3,0
0,84,11,8,3,0
0,85,11,9,3,0
0,86,11,9,3,0
0,87,11,11,3,0
0,88,11,13,3,0
0,89,11,18,3,0
0,90,11,23,3,0
0,91,11,24,3,0
0,92,11,24,3,0
0,93,11,34,3,0
0,94,11,35,3,0
0,95,11,35,3,0
0,96,11,35,3,94
1,97,11,36,3,140
1,98,11,37,3,95
2,99,11,38,3,103
0,100,11,40,3,0
0,101,11,42,3,0
0,102,11,42,3,80
0,103,11,47,3,0
0,104,11,49,3,0
0,105,11,51,3,0
0,106,11,55,3,0
0,107,11,56,3,0
0,108,11,59,3,0
0,109,11,59,3,0
0,110,12,12,3,0
0,111,12,12,3,0
0,112,12,25,3,0
0,113,12,27,3,0
0,114,12,28,3,0
0,115,12,32,3,0
0,116,12,32,3,0
0,117,12,36,3,0
0,118,12,38,3,0
0,119,12,44,3,0
0,120,12,45,3,0
0,121,12,56,3,0
0,122,13,4,3,0
0,123,13,14,3,0
0,124,13,15,3,0
0,125,13,15,3,0
0,126,13,22,3,0
0,127,13,22,3,0
0,128,13,22,3,0
0,129,13,30,3,0
0,130,13,32,3,0
0,131,13,35,3,0
0,132,13,36,3,0
0,133,13,37,3,0
0,134,13,38,3,0
0,135,13,41,3,0
0,136,13,49,3,0
0,137,13,54,3,0
0,138,14,0,3,0
0,139,14,1,3,0
0,140,14,4,3,0
0,141,14,6,3,0
0,142,14,7,3,0
0,143,14,8,3,0
0,144,14,12,3,0
0,145,14,15,3,0
0,146,14,18,3,0
0,147,14,21,3,0
0,148,14,23,3,0
0,149,14,25,3,0
0,150,14,31,3,0
0,151,14,34,3,0
0,152,14,40,3,0
0,153,14,41,3,0
0,154,14,50,3,0
0,155,14,56,3,0
0,156,15,3,3,0
0,157,15,4,3,0
0,158,15,6,3,0
0,159,15,6,3,0
0,160,15,8,3,0
0,161,15,11,3,0
0,162,15,13,3,0
0,163,15,15,3,0
0,164,15,16,3,213
1,165,15,19,3,171
1,166,15,20,3,322
2,167,15,21,3,385
2,168,15,22,3,376
3,169,15,22,3,404
4,170,15,24,3,288
5,171,15,24,3,361
4,172,15,28,3,170
0,173,15,32,3,12
1,174,15,32,3,67
1,175,15,33,3,124
1,176,15,33,3,193
2,177,15,33,3,194
3,178,15,34,3,269
0,179,15,39,3,0
0,180,15,42,3,0
0,181,15,43,3,0
0,182,15,46,3,0
0,183,15,46,3,0
0,184,15,47,3,0
0,185,15,49,3,0
0,186,15,50,3,0
0,187,15,50,3,0
0,188,15,51,3,16
0,189,16,3,3,0
0,190,16,6,3,0
0,191,16,7,3,0
0,192,16,11,3,0
0,193,16,11,3,0
0,194,16,11,3,0
0,195,16,14,3,0
0,196,16,14,3,0
0,197,16,15,3,0
0,198,16,17,3,0
0,199,16,19,3,0
0,200,16,24,3,0
0,201,16,31,3,0
0,202,16,36,3,0
0,203,16,41,3,0
0,204,16,42,3,0
0,205,16,43,3,0
0,206,16,47,3,0
0,207,16,48,3,0
0,208,16,49,3,0
0,209,16,52,3,0
0,210,16,54,3,0
0,211,16,55,3,0
0,212,17,1,3,0
0,213,17,3,3,0
0,214,17,3,3,0
0,215,17,6,3,0
0,216,17,16,3,0
0,217,17,17,3,0
0,218,17,19,3,0
0,219,17,26,3,0
0,220,17,28,3,0
0,221,17,31,3,0
0,222,17,32,3,0
0,223,17,36,3,0
0,224,17,37,3,0
0,225,17,37,3,0
0,226,17,39,3,0
0,227,17,41,3,0
0,228,17,50,3,0
0,229,17,50,3,0
0,230,17,54,3,0
0,231,17,55,3,0
0,232,17,55,3,0
0,1,8,0,4,0
0,2,8,1,4,0
0,3,8,2,4,0
0,4,8,7,4,0
0,5,8,7,4,0
0,6,8,8,4,0
0,7,8,10,4,0
0,8,8,16,4,0
0,9,8,22,4,0
0,10,8,23,4,0
0,11,8,25,4,0
0,12,8,29,4,0
0,13,8,32,4,0
0,14,8,32,4,0
0,15,8,35,4,0
0,16,8,35,4,0
0,17,8,36,4,0
0,18,8,39,4,0
0,19,8,42,4,0
0,20,8,43,4,0
0,21,8,43,4,20
1,22,8,43,4,113
1,23,8,44,4,110
1,24,8,45,4,128
1,25,8,46,4,100
0,26,8,48,4,10
0,27,8,49,4,45
0,28,8,50,4,20
0,29,8,50,4,84
1,30,8,51,4,101
0,31,8,54,4,25
0,32,8,55,4,0
0,33,8,55,4,33
0,34,9,5,4,0
0,35,9,7,4,0
0,36,9,8,4,0
0,37,9,13,4,0
0,38,9,13,4,0
0,39,9,14,4,0
0,40,9,16,4,0
0,41,9,19,4,0
0,42,9,22,4,0
0,43,9,25,4,0
0,44,9,28,4,0
0,45,9,28,4,0
0,46,9,49,4,0
0,47,9,52,4,0
0,48,9,57,4,0
0,49,10,2,4,0
0,50,10,6,4,0
0,51,10,6,4,0
0,52,10,8,4,0
0,53,10,16,4,0
0,54,10,16,4,0
0,55,10,17,4,0
0,56,10,18,4,0
0,57,10,19,4,0
0,58,10,31,4,0
0,59,10,32,4,0
0,60,10,32,4,0
0,61,10,34,4,0
0,62,10,40,4,0
0,63,10,41,4,0
0,64,10,43,4,0
0,65,10,46,4,0
0,66,10,48,4,0
0,67,10,52,4,0
0,68,10,55,4,0
0,69,10,58,4,0
0,70,10,59,4,0
0,71,11,0,4,0
0,72,11,7,4,0
0,73,11,8,4,0
0,74,11,10,4,0
0,75,11,12,4,0
0,76,11,12,4,0
0,77,11,17,4,0
0,78,11,20,4,0
0,79,11,22,4,0
0,80,11,24,4,0
0,81,11,26,4,0
0,82,11,28,4,0
0,83,11,29,4,0
0,84,11,30,4,0
0,85,11,33,4,0
0,86,11,33,4,0
0,87,11,34,4,0
0,88,11,38,4,0
0,89,11,41,4,0
0,90,11,42,4,0
0,91,11,43,4,0
0,92,11,47,4,0
0,93,11,52,4,0
0,94,11,59,4,0
0,95,11,59,4,0
0,96,12,8,4,0
0,97,12,9,4,0
0,98,12,10,4,0
0,99,12,14,4,0
0,100,12,14,4,29
0,101,12,16,4,0
0,102,12,16,4,0
0,103,12,16,4,201
0,104,12,28,4,0
0,105,12,30,4,0
0,106,12,36,4,0
0,107,12,37,4,0
0,108,12,41,4,0
0,109,12,43,4,0
0,110,12,44,4,0
0,111,12,47,4,0
0,112,12,48,4,0
0,113,12,48,4,0
0,114,12,51,4,0
0,115,12,54,4,0
0,116,12,54,4,0
0,117,12,55,4,0
0,118,13,0,4,0
0,119,13,3,4,0
0,120,13,6,4,0
0,121,13,7,4,0
0,122,13,10,4,0
0,123,13,10,4,0
0,124,13,14,4,0
0,125,13,17,4,0
0,126,13,22,4,0
0,127,13,24,4,0
0,128,13,24,4,0
0,129,13,28,4,0
0,130,13,29,4,0
0,131,13,30,4,39
0,132,13,33,4,0
0,133,13,35,4,0
0,134,13,36,4,0
0,135,13,36,4,49
0,136,13,37,4,211
1,137,13,38,4,189
2,138,13,39,4,201
0,139,13,44,4,0
0,140,13,44,4,91
1,141,13,45,4,83
0,142,13,48,4,270
1,143,13,49,4,349
2,144,13,50,4,654
3,145,13,51,4,594
3,146,13,54,4,493
3,147,13,56,4,427
4,148,13,57,4,439
5,149,13,58,4,397
6,150,13,59,4,482
5,151,14,1,4,393
6,152,14,1,4,401
3,153,14,6,4,211
2,154,14,8,4,104
0,155,14,11,4,45
0,156,14,12,4,84
0,157,14,17,4,128
1,158,14,18,4,114
2,159,14,19,4,204
2,160,14,20,4,274
0,161,14,29,4,0
0,162,14,30,4,0
0,163,14,34,4,0
0,164,14,37,4,0
0,165,14,43,4,0
0,166,14,45,4,0
0,167,14,46,4,0
0,168,14,46,4,22
0,169,14,56,4,0
0,170,14,58,4,0
0,171,14,59,4,0
0,172,15,10,4,0
0,173,15,10,4,0
0,174,15,15,4,0
0,175,15,23,4,0
0,176,15,24,4,0
0,177,15,24,4,0
0,178,15,27,4,0
0,179,15,27,4,0
0,180,15,30,4,0
0,181,15,30,4,0
0,182,15,31,4,0
0,183,15,32,4,18
0,184,15,32,4,178
0,185,15,36,4,0
0,186,15,37,4,0
0,187,15,39,4,0
0,188,15,39,4,0
0,189,15,41,4,0
0,190,15,42,4,0
0,191,15,44,4,0
0,192,15,45,4,0
0,193,15,50,4,0
0,194,15,53,4,0
0,195,15,54,4,238
1,196,15,56,4,153
2,197,15,58,4,91
3,198,15,58,4,109
0,199,16,0,4,0
0,200,16,0,4,22
0,201,16,4,4,0
0,202,16,4,4,0
0,203,16,5,4,0
0,204,16,6,4,0
0,205,16,7,4,0
0,206,16,7,4,52
0,207,16,9,4,154
0,208,16,11,4,64
0,209,16,26,4,0
0,210,16,26,4,0
0,211,16,27,4,0
0,212,16,31,4,0
0,213,16,31,4,118
0,214,16,36,4,0
0,215,16,37,4,0
0,216,16,38,4,0
0,217,16,40,4,0
0,218,16,48,4,0
0,219,16,51,4,0
0,220,16,51,4,0
0,221,16,51,4,0
0,222,16,56,4,0
0,223,16,56,4,1
0,224,17,0,4,27
0,225,17,2,4,0
0,226,17,3,4,0
0,227,17,4,4,0
0,228,17,8,4,0
0,229,17,8,4,0
0,230,17,11,4,0
0,231,17,13,4,0
0,232,17,15,4,0
0,233,17,17,4,0
0,234,17,21,4,0
0,235,17,24,4,0
0,236,17,26,4,0
0,237,17,27,4,0
0,238,17,27,4,7
0,239,17,33,4,0
0,240,17,33,4,0
0,241,17,34,4,0
0,242,17,35,4,5
0,243,17,37,4,0
0,244,17,37,4,108
0,245,17,46,4,0
0,246,17,46,4,0
0,247,17,51,4,0
0,248,17,52,4,0
0,249,17,54,4,0
0,250,17,56,4,0
0,251,17,57,4,0
0,1,8,0,0,0
0,2,8,0,0,0
0,3,8,0,0,0
0,4,8,5,0,0
0,5,8,6,0,0
0,6,8,10,0,0
0,7,8,10,0,0
0,8,8,14,0,0
0,9,8,16,0,0
0,10,8,17,0,0
0,11,8,17,0,8
0,12,8,22,0,0
0,13,8,23,0,0
0,14,8,26,0,0
0,15,8,34,0,0
0,16,8,35,0,0
0,17,8,40,0,0
0,18,8,41,0,0
0,19,8,45,0,0
0,20,8,46,0,0
0,21,8,53,0,0
0,22,8,55,0,0
0,23,8,59,0,0
0,24,9,2,0,0
0,25,9,5,0,0
0,26,9,6,0,0
0,27,9,6,0,0
0,28,9,7,0,0
0,29,9,8,0,0
0,30,9,9,0,0
0,31,9,18,0,0
0,32,9,19,0,0
0,33,9,22,0,0
0,34,9,23,0,0
0,35,9,26,0,0
0,36,9,27,0,0
0,37,9,36,0,0
0,38,9,46,0,0
0,39,9,48,0,0
0,40,9,49,0,0
0,41,9,50,0,0
0,42,9,51,0,0
0,43,9,53,0,0
0,44,9,56,0,0
0,45,9,57,0,0
0,46,10,1,0,0
0,47,10,7,0,0
0,48,10,13,0,0
0,49,10,14,0,0
0,50,10,14,0,0
0,51,10,15,0,0
0,52,10,18,0,0
0,53,10,20,0,162
1,54,10,20,0,175
0,55,10,25,0,0
0,56,10,27,0,0
0,57,10,28,0,0
0,58,10,30,0,0
0,59,10,32,0,0
0,60,10,40,0,0
0,61,10,50,0,0
0,62,10,56,0,0
0,63,10,57,0,0
0,64,11,1,0,0
0,65,11,1,0,0
0,66,11,7,0,0
0,67,11,16,0,0
0,68,11,16,0,0
0,69,11,20,0,0
0,70,11,22,0,0
0,71,11,24,0,0
0,72,11,25,0,0
0,73,11,26,0,0
0,74,11,29,0,0
0,75,11,43,0,0
0,76,11,44,0,0
0,77,11,49,0,0
0,78,11,50,0,0
0,79,11,55,0,0
0,80,11,57,0,0
0,81,11,59,0,0
0,82,12,3,0,0
0,83,12,10,0,0
0,84,12,13,0,0
0,85,12,14,0,0
0,86,12,15,0,0
0,87,12,17,0,0
0,88,12,28,0,0
0,89,12,28,0,0
0,90,12,29,0,0
0,91,12,37,0,0
0,92,12,38,0,0
0,93,12,47,0,0
0,94,12,48,0,0
0,95,12,50,0,0
0,96,12,50,0,0
0,97,12,55,0,0
0,98,12,59,0,0
0,99,13,1,0,0
0,100,13,14,0,0
0,101,13,19,0,0
0,102,13,19,0,0
0,103,13,20,0,0
0,104,13,24,0,0
0,105,13,24,0,0
0,106,13,25,0,0
0,107,13,27,0,0
0,108,13,27,0,0
0,109,13,30,0,0
0,110,13,35,0,0
0,111,13,39,0,0
0,112,13,45,0,0
0,113,13,50,0,0
0,114,13,51,0,0
0,115,13,53,0,0
0,116,13,53,0,0
0,117,13,57,0,0
0,118,14,2,0,0
0,119,14,3,0,0
0,120,14,3,0,0
0,121,14,11,0,0
0,122,14,13,0,0
0,123,14,16,0,0
0,124,14,16,0,0
0,125,14,21,0,0
0,126,14,22,0,0
0,127,14,27,0,0
0,128,14,30,0,0
0,129,14,31,0,0
0,130,14,32,0,0
0,131,14,35,0,0
0,132,14,39,0,0
0,133,14,39,0,0
0,134,14,40,0,0
0,135,14,40,0,0
0,136,14,42,0,3
0,137,14,42,0,66
0,138,14,50,0,0
0,139,14,54,0,0
0,140,15,2,0,0
0,141,15,4,0,0
0,142,15,5,0,0
0,143,15,6,0,0
0,144,15,7,0,0
0,145,15,8,0,0
0,146,15,9,0,0
0,147,15,9,0,152
0,148,15,12,0,8
0,149,15,13,0,0
0,150,15,20,0,0
0,151,15,22,0,0
0,152,15,23,0,0
0,153,15,24,0,0
0,154,15,30,0,0
0,155,15,30,0,0
0,156,15,31,0,0
0,157,15,31,0,0
0,158,15,32,0,0
0,159,15,33,0,0
0,160,15,36,0,0
0,161,15,39,0,0
0,162,15,39,0,0
0,163,15,42,0,0
0,164,15,49,0,0
0,165,15,50,0,0
0,166,15,53,0,0
0,167,15,58,0,0
0,168,15,58,0,0
0,169,15,59,0,0
0,170,15,59,0,0
0,171,15,59,0,46
1,172,16,0,0,82
0,173,16,6,0,0
0,174,16,6,0,40
1,175,16,6,0,32
2,176,16,6,0,53
1,177,16,7,0,121
0,178,16,12,0,0
0,179,16,15,0,0
0,180,16,15,0,0
0,181,16,15,0,0
0,182,16,17,0,0
0,183,16,26,0,0
0,184,16,32,0,0
0,185,16,36,0,0
0,186,16,36,0,0
0,187,16,37,0,0
0,188,16,39,0,0
0,189,16,39,0,0
0,190,16,40,0,0
0,191,16,40,0,99
0,192,16,42,0,159
1,193,16,45,0,21
0,194,16,46,0,0
0,195,16,49,0,0
0,196,16,50,0,0
0,197,16,51,0,0
0,198,17,0,0,0
0,199,17,2,0,0
0,200,17,5,0,0
0,201,17,6,0,0
0,202,17,8,0,0
0,203,17,10,0,0
0,204,17,12,0,0
0,205,17,12,0,0
0,206,17,14,0,0
0,207,17,14,0,0
0,208,17,17,0,0
0,209,17,17,0,0
0,210,17,18,0,1
0,211,17,22,0,0
0,212,17,24,0,0
0,213,17,27,0,0
0,214,17,30,0,0
0,215,17,32,0,0
0,216,17,34,0,0
0,217,17,36,0,0
0,218,17,40,0,0
0,219,17,49,0,0
0,221,17,59,0,0
0,1,8,0,1,0
0,2,8,0,1,0
0,3,8,1,1,0
0,4,8,3,1,0
0,5,8,5,1,0
0,6,8,6,1,0
0,7,8,9,1,0
0,8,8,9,1,0
0,9,8,9,1,0
0,10,8,10,1,0
0,11,8,16,1,0
0,12,8,21,1,0
0,13,8,22,1,0
0,14,8,25,1,0
0,15,8,32,1,0
0,16,8,32,1,0
0,17,8,34,1,0
0,18,8,36,1,0
0,19,8,38,1,0
0,20,8,38,1,0
0,21,8,38,1,20
0,22,8,41,1,0
0,23,8,43,1,0
0,24,8,46,1,0
0,25,8,46,1,195
1,26,8,46,1,211
2,27,8,47,1,186
3,28,8,47,1,255
4,29,8,49,1,194
2,30,8,50,1,114
3,31,8,51,1,113
0,32,8,58,1,0
0,33,8,59,1,0
0,34,9,1,1,0
0,35,9,3,1,58
0,36,9,4,1,0
0,37,9,5,1,8
0,38,9,5,1,19
0,39,9,7,1,115
0,40,9,12,1,0
0,41,9,12,1,0
0,42,9,13,1,0
0,43,9,14,1,0
0,44,9,14,1,185
1,45,9,15,1,278
0,46,9,22,1,0
0,47,9,28,1,0
0,48,9,29,1,0
0,49,9,35,1,0
0,50,9,43,1,0
0,51,9,47,1,0
0,52,9,51,1,0
0,53,9,53,1,0
0,54,9,56,1,0
0,55,9,58,1,0
0,56,9,58,1,0
0,57,10,0,1,0
0,58,10,1,1,0
0,59,10,3,1,0
0,60,10,12,1,0
0,61,10,13,1,0
0,62,10,14,1,0
0,63,10,16,1,0
0,64,10,18,1,0
0,65,10,21,1,0
0,66,10,28,1,0
0,67,10,30,1,0
0,68,10,30,1,0
0,69,10,32,1,0
0,70,10,33,1,0
0,71,10,36,1,0
0,72,10,40,1,0
0,73,10,41,1,0
0,74,10,41,1,0
0,75,10,46,1,0
0,76,10,50,1,0
0,77,10,52,1,0
0,78,10,55,1,0
0,79,10,55,1,0
0,80,10,58,1,0
0,81,11,1,1,0
0,82,11,4,1,0
0,83,11,4,1,0
0,84,11,5,1,0
0,85,11,7,1,0
0,86,11,9,1,0
0,87,11,10,1,0
0,88,11,12,1,0
0,89,11,12,1,0
0,90,11,15,1,0
0,91,11,16,1,0
0,92,11,17,1,0
0,93,11,27,1,0
0,94,11,28,1,0
0,95,11,33,1,0
0,96,11,36,1,0
0,97,11,38,1,0
0,98,11,38,1,25
0,99,11,39,1,61
0,100,11,45,1,0
0,101,11,47,1,0
0,102,11,47,1,33
0,103,11,48,1,132
0,104,11,51,1,0
0,105,11,51,1,14
0,106,11,53,1,0
0,107,11,58,1,0
0,108,11,59,1,0
0,109,12,4,1,0
0,110,12,5,1,0
0,111,12,5,1,0
0,112,12,5,1,0
0,113,12,7,1,5
0,114,12,9,1,27
0,115,12,9,1,45
1,116,12,9,1,67
2,117,12,10,1,113
1,118,12,12,1,159
1,119,12,12,1,160
2,120,12,14,1,115
3,121,12,14,1,166
3,122,12,14,1,271
0,123,12,20,1,8
0,124,12,21,1,0
0,125,12,22,1,24
0,126,12,23,1,271
1,127,12,23,1,257
2,128,12,24,1,263
3,129,12,25,1,270
3,130,12,27,1,212
4,131,12,27,1,862
3,132,12,29,1,868
2,133,12,35,1,495
3,134,12,38,1,472
1,135,12,44,1,114
0,136,12,49,1,0
0,137,12,50,1,23
0,138,12,50,1,52
1,139,12,51,1,49
0,140,12,53,1,0
0,141,12,54,1,0
0,142,12,55,1,0
0,143,12,57,1,0
0,144,13,1,1,0
0,145,13,5,1,0
0,146,13,6,1,0
0,147,13,7,1,0
0,148,13,7,1,0
0,149,13,7,1,3
0,150,13,8,1,61
1,151,13,9,1,74
0,152,13,11,1,0
0,153,13,11,1,0
0,154,13,20,1,0
0,155,13,22,1,0
0,156,13,24,1,0
0,157,13,26,1,0
0,158,13,29,1,0
0,159,13,30,1,0
0,160,13,31,1,0
0,161,13,33,1,59
1,162,13,33,1,117
0,163,13,40,1,0
0,164,13,44,1,0
0,165,13,46,1,0
0,166,13,46,1,0
0,167,13,53,1,0
0,168,13,56,1,0
0,169,13,56,1,0
0,170,13,58,1,0
0,171,14,3,1,0
0,172,14,3,1,0
0,173,14,4,1,0
0,174,14,5,1,0
0,175,14,6,1,0
0,176,14,16,1,0
0,177,14,19,1,0
0,178,14,19,1,0
0,179,14,20,1,0
0,180,14,21,1,0
0,181,14,21,1,155
1,182,14,22,1,138
2,183,14,23,1,128
3,184,14,23,1,143
0,185,14,32,1,0
0,186,14,34,1,0
0,187,14,34,1,0
0,188,14,37,1,0
0,189,14,39,1,0
0,190,14,40,1,0
0,191,14,40,1,69
0,192,14,45,1,0
0,193,14,47,1,0
0,194,14,55,1,0
0,195,14,55,1,0
0,196,14,57,1,0
0,197,15,1,1,0
0,198,15,2,1,0
0,199,15,14,1,0
0,200,15,22,1,0
0,201,15,26,1,0
0,202,15,27,1,0
0,203,15,31,1,0
0,204,15,31,1,0
0,205,15,34,1,0
0,206,15,34,1,0
0,207,15,38,1,0
0,208,15,39,1,0
0,209,15,41,1,0
0,210,15,42,1,14
0,211,15,45,1,0
0,212,15,46,1,0
0,213,15,47,1,59
0,214,15,48,1,74
0,215,15,50,1,0
0,216,15,52,1,0
0,217,15,54,1,0
0,218,15,57,1,0
0,219,15,58,1,0
0,220,15,59,1,0
0,221,16,2,1,0
0,222,16,3,1,0
0,223,16,3,1,0
0,224,16,8,1,0
0,225,16,18,1,0
0,226,16,19,1,0
0,227,16,26,1,0
0,228,16,29,1,0
0,229,16,29,1,0
0,230,16,31,1,0
0,231,16,31,1,0
0,232,16,47,1,0
0,233,16,48,1,0
0,234,16,48,1,0
0,235,16,50,1,0
0,236,16,53,1,0
0,237,16,53,1,0
0,238,16,54,1,0
0,239,16,55,1,0
0,240,16,55,1,0
0,241,16,56,1,0
0,242,16,59,1,0
0,243,17,0,1,0
0,244,17,1,1,24
0,245,17,1,1,16
0,246,17,6,1,0
0,247,17,8,1,0
0,248,17,12,1,0
0,249,17,17,1,0
0,250,17,18,1,0
0,251,17,18,1,0
0,252,17,20,1,0
0,253,17,20,1,102
0,254,17,24,1,0
0,255,17,26,1,0
0,256,17,32,1,0
0,257,17,41,1,0
0,258,17,43,1,0
0,259,17,50,1,0
0,260,17,53,1,0
0,261,17,57,1,0
0,1,8,0,2,0
0,2,8,0,2,0
0,3,8,3,2,0
0,4,8,6,2,0
0,5,8,10,2,0
0,6,8,10,2,0
0,7,8,11,2,0
0,8,8,16,2,0
0,9,8,19,2,0
0,10,8,20,2,0
0,11,8,22,2,0
0,12,8,36,2,0
0,13,8,36,2,0
0,14,8,38,2,0
0,15,8,40,2,0
0,16,8,41,2,0
0,17,8,43,2,0
0,18,8,46,2,0
0,19,8,50,2,0
0,20,8,55,2,0
0,21,8,56,2,0
0,22,8,56,2,0
0,23,8,58,2,0
0,24,9,3,2,0
0,25,9,5,2,0
0,26,9,7,2,0
0,27,9,14,2,0
0,28,9,14,2,0
0,29,9,14,2,0
0,30,9,16,2,0
0,31,9,17,2,0
0,32,9,17,2,0
0,33,9,18,2,5
0,34,9,24,2,0
0,35,9,27,2,0
0,36,9,28,2,0
0,37,9,33,2,0
0,38,9,33,2,0
0,39,9,34,2,0
0,40,9,36,2,0
0,41,9,41,2,0
0,42,9,44,2,0
0,43,9,45,2,0
0,44,9,45,2,0
0,45,9,47,2,0
0,46,9,51,2,0
0,47,9,52,2,0
0,48,9,53,2,0
0,49,9,54,2,0
0,50,9,56,2,0
0,51,9,57,2,0
0,52,10,0,2,0
0,53,10,3,2,0
0,54,10,5,2,0
0,55,10,11,2,0
0,56,10,12,2,0
0,57,10,15,2,0
0,58,10,18,2,0
0,59,10,20,2,0
0,60,10,23,2,0
0,61,10,24,2,33
1,62,10,24,2,8
0,63,10,28,2,0
0,64,10,29,2,0
0,65,10,32,2,0
0,66,10,38,2,0
0,67,10,39,2,0
0,68,10,42,2,0
0,69,10,42,2,0
0,70,10,43,2,253
1,71,10,44,2,223
0,72,10,48,2,51
1,73,10,48,2,137
0,74,10,53,2,0
0,75,10,57,2,0
0,76,11,2,2,0
0,77,11,3,2,0
0,78,11,4,2,0
0,79,11,5,2,0
0,80,11,7,2,0
0,81,11,12,2,0
0,82,11,15,2,0
0,83,11,19,2,0
0,84,11,21,2,0
0,85,11,23,2,0
0,86,11,23,2,0
0,87,11,24,2,0
0,88,11,26,2,0
0,89,11,26,2,0
0,90,11,30,2,0
0,91,11,30,2,0
0,92,11,31,2,0
0,93,11,32,2,1
0,94,11,37,2,0
0,95,11,38,2,0
0,96,11,44,2,0
0,97,11,49,2,0
0,98,11,51,2,0
0,99,11,52,2,0
0,100,11,53,2,0
0,101,11,54,2,0
0,102,11,55,2,0
0,103,12,3,2,0
0,104,12,3,2,0
0,105,12,7,2,0
0,106,12,10,2,0
0,107,12,13,2,0
0,108,12,17,2,0
0,109,12,19,2,0
0,110,12,22,2,0
0,111,12,23,2,0
0,112,12,26,2,0
0,113,12,27,2,0
0,114,12,28,2,0
0,115,12,29,2,35
1,116,12,29,2,54
0,117,12,32,2,0
0,118,12,36,2,0
0,119,12,36,2,0
0,120,12,44,2,0
0,121,12,50,2,0
0,122,12,56,2,0
0,123,12,58,2,0
0,124,13,1,2,0
0,125,13,4,2,0
0,126,13,5,2,0
0,127,13,18,2,0
0,128,13,20,2,0
0,129,13,25,2,0
0,130,13,27,2,0
0,131,13,33,2,0
0,132,13,34,2,0
0,133,13,35,2,0
0,134,13,37,2,0
0,135,13,40,2,0
0,136,13,40,2,0
0,137,13,44,2,0
0,138,13,45,2,0
0,139,13,45,2,0
0,140,13,48,2,0
0,141,13,49,2,0
0,142,13,50,2,0
0,143,13,51,2,0
0,144,13,52,2,7
0,145,13,52,2,95
1,146,13,54,2,148
1,147,13,55,2,224
0,148,14,2,2,0
0,149,14,6,2,0
0,150,14,7,2,0
0,151,14,7,2,0
0,152,14,9,2,0
0,153,14,10,2,58
0,154,14,11,2,106
1,155,14,12,2,118
2,156,14,12,2,115
2,157,14,13,2,83
0,158,14,16,2,11
0,159,14,26,2,0
0,160,14,28,2,0
0,161,14,28,2,0
0,162,14,31,2,0
0,163,14,32,2,0
0,164,14,33,2,0
0,165,14,35,2,0
0,166,14,35,2,0
0,167,14,43,2,0
0,168,14,45,2,0
0,169,14,49,2,0
0,170,14,51,2,0
0,171,14,54,2,0
0,172,14,57,2,0
0,173,14,58,2,0
0,174,15,3,2,0
0,175,15,5,2,0
0,176,15,8,2,0
0,177,15,10,2,0
0,178,15,11,2,0
0,179,15,11,2,0
0,180,15,12,2,0
0,181,15,16,2,0
0,182,15,17,2,0
0,183,15,20,2,0
0,184,15,21,2,0
0,185,15,22,2,34
0,186,15,23,2,73
1,187,15,24,2,211
1,188,15,25,2,236
2,189,15,26,2,190
3,190,15,27,2,230
3,191,15,28,2,187
1,192,15,31,2,58
1,193,15,31,2,106
0,194,15,35,2,0
0,195,15,36,2,0
0,196,15,37,2,0
0,197,15,40,2,0
0,198,15,41,2,0
0,199,15,44,2,60
1,200,15,45,2,11
0,201,15,51,2,0
0,202,15,51,2,0
0,203,15,57,2,0
0,204,16,2,2,0
0,205,16,8,2,0
0,206,16,14,2,0
0,207,16,18,2,0
0,208,16,21,2,0
0,209,16,21,2,0
0,210,16,32,2,0
0,211,16,35,2,0
0,212,16,38,2,0
0,213,16,43,2,0
0,214,16,44,2,0
0,215,16,44,2,0
0,216,16,47,2,0
0,217,16,48,2,0
0,218,16,51,2,0
0,219,16,51,2,0
0,220,16,52,2,0
0,221,16,56,2,0
0,222,17,0,2,0
0,223,17,0,2,0
0,224,17,2,2,0
0,225,17,5,2,0
0,226,17,6,2,0
0,227,17,9,2,0
0,228,17,10,2,0
0,229,17,16,2,0
0,230,17,17,2,0
0,231,17,17,2,0
0,232,17,22,2,0
0,233,17,33,2,0
0,234,17,37,2,0
0,235,17,37,2,0
0,236,17,39,2,0
0,237,17,39,2,34
1,238,17,40,2,113
2,239,17,40,2,133
1,240,17,42,2,128
0,241,17,45,2,0
0,242,17,47,2,0
0,243,17,48,2,0
0,244,17,52,2,0
0,1,8,0,3,0
0,2,8,1,3,0
0,3,8,2,3,0
0,4,8,9,3,0
0,5,8,16,3,0
0,6,8,20,3,0
0,7,8,21,3,0
0,8,8,24,3,0
0,9,8,27,3,0
0,10,8,27,3,0
0,11,8,30,3,0
0,12,8,31,3,0
0,13,8,36,3,0
0,14,8,43,3,0
0,15,8,47,3,0
0,16,8,53,3,0
0,17,8,56,3,0
0,18,8,59,3,0
0,19,8,59,3,0
0,20,8,59,3,0
0,21,9,0,3,0
0,22,9,9,3,0
0,23,9,13,3,0
0,24,9,30,3,0
0,25,9,32,3,0
0,26,9,35,3,0
0,27,9,37,3,0
0,28,9,39,3,0
0,29,9,42,3,0
0,30,9,50,3,0
0,31,9,52,3,0
0,32,9,53,3,21
1,33,9,53,3,48
0,34,9,54,3,98
0,35,10,1,3,0
0,36,10,3,3,0
0,37,10,5,3,0
0,38,10,10,3,0
0,39,10,14,3,0
0,40,10,19,3,0
0,41,10,20,3,0
0,42,10,23,3,0
0,43,10,24,3,0
0,44,10,24,3,0
0,45,10,28,3,0
0,46,10,31,3,0
0,47,10,36,3,0
0,48,10,37,3,0
0,49,10,38,3,38
0,50,10,41,3,0
0,51,10,42,3,0
0,52,10,42,3,25
0,53,10,46,3,0
0,54,10,47,3,0
0,55,10,52,3,0
0,56,10,54,3,0
0,57,10,57,3,0
0,58,11,0,3,0
0,59,11,4,3,0
0,60,11,4,3,0
0,61,11,4,3,0
0,62,11,9,3,0
0,63,11,11,3,0
0,64,11,12,3,0
0,65,11,15,3,0
0,66,11,17,3,0
0,67,11,18,3,0
0,68,11,21,3,0
0,69,11,22,3,0
0,70,11,22,3,70
0,71,11,23,3,176
0,72,11,32,3,0
0,73,11,34,3,0
0,74,11,42,3,0
0,75,11,49,3,0
0,76,11,51,3,0
0,77,11,52,3,0
0,78,11,52,3,0
0,79,11,55,3,0
0,80,12,1,3,0
0,81,12,3,3,0
0,82,12,5,3,0
0,83,12,5,3,0
0,84,12,8,3,0
0,85,12,10,3,0
0,86,12,10,3,0
0,87,12,12,3,0
0,88,12,15,3,0
0,89,12,16,3,0
0,90,12,17,3,0
0,91,12,22,3,0
0,92,12,22,3,0
0,93,12,24,3,0
0,94,12,26,3,0
0,95,12,30,3,0
0,96,12,30,3,0
0,97,12,32,3,0
0,98,12,35,3,0
0,99,12,37,3,0
0,100,12,48,3,0
0,101,12,48,3,0
0,102,12,49,3,0
0,103,12,49,3,0
0,104,12,52,3,0
0,105,12,55,3,0
0,106,12,57,3,0
0,107,12,59,3,0
0,108,13,1,3,0
0,109,13,1,3,0
0,110,13,3,3,0
0,111,13,5,3,0
0,112,13,11,3,0
0,113,13,11,3,0
0,114,13,25,3,0
0,115,13,27,3,0
0,116,13,31,3,0
0,117,13,32,3,0
0,118,13,38,3,0
0,119,13,39,3,0
0,120,13,40,3,0
0,121,13,44,3,0
0,122,13,49,3,0
0,123,13,55,3,0
0,124,14,2,3,0
0,125,14,3,3,0
0,126,14,6,3,0
0,127,14,11,3,0
0,128,14,13,3,0
0,129,14,14,3,0
0,130,14,14,3,32
0,131,14,15,3,21
0,132,14,18,3,0
0,133,14,19,3,0
0,134,14,20,3,153
1,135,14,20,3,170
1,136,14,23,3,205
1,137,14,24,3,180
1,138,14,26,3,163
2,139,14,27,3,216
0,140,14,33,3,0
0,141,14,35,3,0
0,142,14,37,3,4
0,143,14,37,3,190
0,144,14,42,3,0
0,145,14,43,3,0
0,146,14,45,3,69
1,147,14,46,3,90
0,148,14,48,3,58
1,149,14,48,3,35
0,150,14,49,3,110
0,151,14,52,3,0
0,152,14,54,3,0
0,153,14,54,3,0
0,154,14,56,3,0
0,155,14,56,3,32
0,156,14,59,3,0
0,157,15,0,3,19
1,158,15,0,3,97
1,159,15,2,3,51
1,160,15,2,3,74
2,161,15,2,3,102
0,162,15,5,3,24
0,163,15,6,3,0
0,164,15,10,3,0
0,165,15,13,3,0
0,166,15,13,3,0
0,167,15,17,3,0
0,168,15,20,3,0
0,169,15,23,3,0
0,170,15,24,3,0
0,171,15,26,3,0
0,172,15,30,3,0
0,173,15,31,3,0
0,174,15,32,3,0
0,175,15,37,3,0
0,176,15,38,3,0
0,177,15,39,3,0
0,178,15,44,3,0
0,179,15,44,3,0
0,180,15,45,3,0
0,181,15,46,3,0
0,182,15,52,3,0
0,183,15,52,3,0
0,184,15,53,3,35
0,185,15,54,3,234
0,186,15,59,3,67
0,187,16,0,3,18
0,188,16,2,3,0
0,189,16,9,3,0
0,190,16,11,3,0
0,191,16,11,3,0
0,192,16,13,3,0
0,193,16,13,3,0
0,194,16,14,3,0
0,195,16,14,3,86
1,196,16,15,3,99
2,197,16,15,3,132
0,198,16,22,3,0
0,199,16,23,3,0
0,200,16,28,3,0
0,201,16,29,3,0
0,202,16,32,3,0
0,203,16,32,3,0
0,204,16,33,3,65
0,205,16,36,3,0
0,206,16,43,3,0
0,207,16,44,3,0
0,208,16,46,3,0
0,209,16,48,3,0
0,210,16,48,3,0
0,211,16,50,3,0
0,212,16,53,3,0
0,213,16,54,3,0
0,214,16,54,3,0
0,215,16,58,3,0
0,216,16,59,3,0
0,217,17,0,3,0
0,218,17,8,3,0
0,219,17,9,3,0
0,220,17,11,3,0
0,221,17,11,3,0
0,222,17,16,3,0
0,223,17,20,3,0
0,224,17,21,3,0
0,225,17,21,3,0
0,226,17,22,3,0
0,227,17,23,3,0
0,228,17,23,3,0
0,229,17,24,3,0
0,230,17,25,3,155
1,231,17,27,3,91
1,232,17,28,3,43
0,233,17,33,3,0
0,234,17,34,3,0
0,235,17,35,3,0
0,236,17,36,3,0
0,237,17,37,3,0
0,238,17,38,3,0
0,239,17,42,3,0
0,240,17,44,3,0
0,241,17,54,3,0
0,1,8,0,4,0
0,2,8,0,4,0
0,3,8,6,4,0
0,4,8,6,4,0
0,5,8,9,4,0
0,6,8,14,4,0
0,7,8,14,4,0
0,8,8,25,4,0
0,9,8,25,4,0
0,10,8,31,4,0
0,11,8,32,4,0
0,12,8,33,4,0
0,13,8,39,4,0
0,14,8,41,4,0
0,15,8,41,4,0
0,16,8,43,4,0
0,17,8,44,4,0
0,18,8,47,4,0
0,19,8,47,4,0
0,20,8,48,4,0
0,21,8,50,4,0
0,22,8,53,4,0
0,23,8,55,4,0
0,24,8,55,4,0
0,25,8,56,4,0
0,26,8,56,4,5
0,27,8,59,4,0
0,28,8,59,4,0
0,29,9,6,4,0
0,30,9,9,4,0
0,31,9,9,4,0
0,32,9,12,4,0
0,33,9,12,4,53
0,34,9,12,4,44
0,35,9,14,4,0
0,36,9,15,4,0
0,37,9,19,4,0
0,38,9,20,4,0
0,39,9,21,4,0
0,40,9,30,4,0
0,41,9,31,4,0
0,42,9,36,4,0
0,43,9,36,4,0
0,44,9,37,4,0
0,45,9,42,4,0
0,46,9,52,4,0
0,47,9,54,4,0
0,48,9,54,4,0
0,49,9,56,4,0
0,50,9,57,4,0
0,51,10,0,4,0
0,52,10,1,4,0
0,53,10,3,4,4
0,54,10,3,4,0
0,55,10,7,4,0
0,56,10,8,4,0
0,57,10,9,4,15
0,58,10,12,4,0
0,59,10,13,4,0
0,60,10,18,4,0
0,61,10,18,4,0
0,62,10,21,4,225
1,63,10,23,4,139
2,64,10,23,4,158
0,65,10,26,4,118
1,66,10,26,4,166
0,67,10,32,4,34
1,68,10,32,4,34
0,69,10,33,4,43
0,70,10,35,4,89
0,71,10,39,4,0
0,72,10,40,4,57
0,73,10,41,4,39
0,74,10,43,4,0
0,75,10,50,4,0
0,76,10,54,4,0
0,77,10,55,4,0
0,78,10,59,4,0
0,79,10,59,4,0
0,80,11,0,4,0
0,81,11,1,4,0
0,82,11,2,4,0
0,83,11,2,4,0
0,84,11,3,4,0
0,85,11,7,4,0
0,86,11,16,4,0
0,87,11,21,4,0
0,88,11,24,4,0
0,89,11,27,4,0
0,90,11,28,4,0
0,91,11,30,4,0
0,92,11,35,4,0
0,93,11,39,4,0
0,94,11,40,4,0
0,95,11,42,4,0
0,96,11,44,4,0
0,97,11,45,4,0
0,98,11,48,4,0
0,99,11,50,4,0
0,100,11,51,4,0
0,101,11,51,4,0
0,102,11,52,4,0
0,103,11,54,4,0
0,104,11,55,4,0
0,105,12,1,4,0
0,106,12,3,4,0
0,107,12,5,4,0
0,108,12,6,4,0
0,109,12,6,4,0
0,110,12,7,4,0
0,111,12,15,4,0
0,112,12,16,4,0
0,113,12,18,4,0
0,114,12,24,4,0
0,115,12,25,4,0
0,116,12,25,4,0
0,117,12,28,4,0
0,118,12,29,4,0
0,119,12,36,4,0
0,120,12,38,4,0
0,121,12,42,4,0
0,122,12,44,4,0
0,123,12,45,4,0
0,124,12,46,4,0
0,125,12,47,4,0
0,126,12,58,4,0
0,127,13,1,4,0
0,128,13,2,4,0
0,129,13,3,4,0
0,130,13,5,4,0
0,131,13,5,4,0
0,132,13,7,4,0
0,133,13,8,4,128
1,134,13,9,4,59
1,135,13,10,4,50
0,136,13,17,4,0
0,137,13,17,4,0
0,138,13,19,4,0
0,139,13,21,4,0
0,140,13,24,4,0
0,141,13,27,4,0
0,142,13,34,4,0
0,143,13,34,4,0
0,144,13,34,4,0
0,145,13,45,4,0
0,146,13,45,4,0
0,147,13,45,4,0
0,148,13,49,4,0
0,149,13,49,4,0
0,150,13,49,4,23
0,151,13,55,4,0
0,152,13,56,4,0
0,153,14,3,4,0
0,154,14,13,4,0
0,155,14,15,4,0
0,156,14,16,4,0
0,157,14,21,4,0
0,158,14,22,4,0
0,159,14,24,4,0
0,160,14,31,4,0
0,161,14,33,4,0
0,162,14,38,4,0
0,163,14,38,4,0
0,164,14,40,4,0
0,165,14,48,4,0
0,166,14,49,4,0
0,167,14,52,4,0
0,168,14,52,4,0
0,169,14,55,4,0
0,170,14,56,4,0
0,171,14,58,4,71
0,172,14,59,4,30
0,173,15,1,4,68
0,174,15,4,4,0
0,175,15,7,4,0
0,176,15,11,4,0
0,177,15,11,4,0
0,178,15,15,4,0
0,179,15,15,4,0
0,180,15,18,4,0
0,181,15,18,4,0
0,182,15,20,4,0
0,183,15,20,4,0
0,184,15,26,4,0
0,185,15,27,4,0
0,186,15,28,4,0
0,187,15,30,4,0
0,188,15,30,4,0
0,189,15,30,4,0
0,190,15,34,4,0
0,191,15,36,4,54
1,192,15,36,4,140
0,193,15,39,4,81
1,194,15,40,4,230
0,195,15,47,4,0
0,196,15,50,4,0
0,197,15,51,4,0
0,198,15,53,4,0
0,199,16,6,4,0
0,200,16,10,4,0
0,201,16,13,4,0
0,202,16,14,4,0
0,203,16,19,4,0
0,204,16,21,4,0
0,205,16,28,4,0
0,206,16,33,4,0
0,207,16,35,4,0
0,208,16,36,4,0
0,209,16,38,4,0
0,210,16,40,4,0
0,211,16,41,4,0
0,212,16,45,4,0
0,213,16,47,4,0
0,214,16,48,4,0
0,215,16,49,4,0
0,216,16,50,4,0
0,217,16,51,4,0
0,218,16,53,4,0
0,219,16,53,4,0
0,220,16,55,4,0
0,221,16,59,4,0
0,222,17,4,4,0
0,223,17,4,4,0
0,224,17,4,4,0
0,225,17,6,4,0
0,226,17,6,4,0
0,227,17,7,4,0
0,228,17,7,4,130
1,229,17,7,4,170
0,230,17,13,4,0
0,231,17,13,4,0
0,232,17,14,4,0
0,233,17,20,4,0
0,234,17,31,4,0
0,235,17,34,4,0
0,236,17,35,4,0
0,237,17,37,4,0
0,238,17,42,4,0
0,239,17,42,4,0
0,240,17,42,4,0
0,241,17,45,4,0
0,1,8,0,0,0
0,2,8,5,0,0
0,3,8,6,0,0
0,4,8,8,0,0
0,5,8,9,0,0
0,6,8,9,0,0
0,7,8,11,0,0
0,8,8,12,0,0
0,9,8,16,0,68
1,10,8,16,0,173
1,11,8,18,0,113
2,12,8,19,0,190
3,13,8,19,0,180
0,14,8,24,0,0
0,15,8,31,0,0
0,16,8,31,0,0
0,17,8,37,0,0
0,18,8,39,0,0
0,19,8,40,0,0
0,20,8,53,0,0
0,21,8,55,0,0
0,22,8,56,0,0
0,23,8,57,0,0
0,24,8,57,0,65
1,25,8,58,0,26
2,26,8,58,0,21
0,27,8,59,0,0
0,28,9,2,0,0
0,29,9,7,0,0
0,30,9,7,0,0
0,31,9,9,0,0
0,32,9,12,0,0
0,33,9,12,0,0
0,34,9,21,0,0
0,35,9,26,0,0
0,36,9,28,0,0
0,37,9,28,0,0
0,38,9,29,0,0
0,39,9,30,0,0
0,40,9,30,0,191
0,41,9,39,0,0
0,42,9,41,0,0
0,43,9,48,0,0
0,44,9,52,0,0
0,45,9,53,0,0
0,46,9,54,0,21
1,47,9,54,0,119
0,48,10,1,0,0
0,49,10,2,0,0
0,50,10,5,0,0
0,51,10,14,0,0
0,52,10,21,0,0
0,53,10,21,0,0
0,54,10,34,0,0
0,55,10,37,0,0
0,56,10,45,0,0
0,57,10,47,0,0
0,58,11,0,0,0
0,59,11,0,0,0
0,60,11,3,0,0
0,61,11,5,0,0
0,62,11,7,0,0
0,63,11,8,0,25
0,64,11,11,0,0
0,65,11,12,0,10
0,66,11,16,0,0
0,67,11,16,0,0
0,68,11,18,0,0
0,69,11,20,0,0
0,70,11,20,0,0
0,71,11,23,0,0
0,72,11,28,0,0
0,73,11,34,0,0
0,74,11,35,0,0
0,75,11,35,0,0
0,76,11,36,0,0
0,77,11,37,0,0
0,78,11,46,0,0
0,79,11,48,0,0
0,80,11,49,0,0
0,81,11,50,0,0
0,82,11,55,0,0
0,83,11,56,0,0
0,84,11,56,0,0
0,85,11,57,0,0
0,86,12,3,0,0
0,87,12,4,0,0
0,88,12,10,0,0
0,89,12,15,0,0
0,90,12,17,0,0
0,91,12,20,0,0
0,92,12,21,0,0
0,93,12,22,0,0
0,94,12,23,0,71
0,95,12,25,0,63
1,96,12,25,0,57
0,97,12,26,0,86
0,98,12,28,0,0
0,99,12,36,0,0
0,100,12,37,0,0
0,101,12,38,0,0
0,102,12,49,0,0
0,103,12,49,0,0
0,104,12,54,0,0
0,105,12,54,0,0
0,106,12,55,0,0
0,107,12,55,0,0
0,108,12,57,0,0
0,109,12,59,0,0
0,110,13,1,0,0
0,111,13,2,0,0
0,112,13,5,0,0
0,113,13,8,0,0
0,114,13,11,0,0
0,115,13,13,0,0
0,116,13,25,0,0
0,117,13,28,0,0
0,118,13,29,0,0
0,119,13,30,0,0
0,120,13,35,0,0
0,121,13,38,0,0
0,122,13,41,0,0
0,123,13,50,0,0
0,124,13,53,0,0
0,125,13,54,0,0
0,126,13,55,0,0
0,127,13,58,0,0
0,128,14,2,0,0
0,129,14,4,0,0
0,130,14,4,0,174
1,131,14,6,0,353
2,132,14,7,0,342
0,133,14,13,0,11
0,134,14,15,0,0
0,135,14,15,0,0
0,136,14,16,0,0
0,137,14,22,0,0
0,138,14,22,0,0
0,139,14,22,0,0
0,140,14,25,0,0
0,141,14,26,0,0
0,142,14,29,0,0
0,143,14,36,0,0
0,144,14,42,0,0
0,145,14,46,0,0
0,146,14,47,0,0
0,147,14,48,0,0
0,148,14,48,0,0
0,149,14,49,0,45
0,150,14,51,0,90
0,151,14,53,0,0
0,152,14,53,0,322
0,153,15,1,0,0
0,154,15,3,0,0
0,155,15,3,0,51
0,156,15,10,0,0
0,157,15,12,0,0
0,158,15,12,0,0
0,159,15,15,0,431
1,160,15,16,0,338
2,161,15,19,0,320
3,162,15,21,0,312
2,163,15,23,0,231
3,164,15,24,0,270
3,165,15,26,0,168
1,166,15,29,0,165
1,167,15,30,0,101
2,168,15,31,0,56
0,169,15,35,0,0
0,170,15,35,0,0
0,171,15,36,0,134
1,172,15,36,0,271
2,173,15,37,0,272
3,174,15,37,0,259
3,175,15,38,0,213
4,176,15,38,0,394
5,177,15,40,0,439
2,178,15,42,0,325
3,179,15,44,0,215
0,180,15,53,0,0
0,181,15,54,0,0
0,182,15,56,0,0
0,183,15,58,0,0
0,184,16,0,0,0
0,185,16,0,0,0
0,186,16,2,0,0
0,187,16,2,0,206
1,188,16,3,0,246
1,189,16,6,0,136
2,190,16,7,0,185
0,191,16,10,0,0
0,192,16,16,0,0
0,193,16,21,0,0
0,194,16,23,0,0
0,195,16,24,0,0
0,196,16,26,0,0
0,197,16,29,0,0
0,198,16,29,0,1
0,199,16,30,0,0
0,200,16,30,0,0
0,201,16,35,0,0
0,202,16,37,0,0
0,203,16,40,0,199
1,204,16,40,0,210
2,205,16,42,0,105
3,206,16,42,0,77
0,207,16,47,0,0
0,208,16,49,0,0
0,209,16,51,0,0
0,210,16,54,0,0
0,211,16,55,0,0
0,212,16,57,0,0
0,213,17,2,0,0
0,214,17,5,0,0
0,215,17,6,0,0
0,216,17,6,0,0
0,217,17,6,0,0
0,218,17,7,0,0
0,219,17,7,0,0
0,220,17,10,0,0
0,221,17,11,0,0
0,222,17,11,0,0
0,223,17,14,0,0
0,224,17,15,0,0
0,225,17,16,0,0
0,226,17,20,0,0
0,227,17,24,0,0
0,228,17,26,0,0
0,229,17,26,0,0
0,230,17,27,0,0
0,231,17,27,0,0
0,232,17,30,0,0
0,233,17,30,0,46
1,234,17,30,0,64
2,235,17,31,0,155
2,236,17,31,0,189
0,237,17,36,0,0
0,238,17,42,0,0
0,239,17,42,0,0
0,240,17,43,0,130
0,241,17,47,0,0
0,242,17,48,0,0
0,243,17,49,0,0
0,244,17,50,0,0
0,245,17,51,0,1
0,246,17,52,0,0
0,247,17,54,0,0
0,1,8,0,1,0
0,2,8,1,1,0
0,3,8,5,1,0
0,4,8,6,1,0
0,5,8,14,1,0
0,6,8,15,1,0
0,7,8,18,1,0
0,8,8,18,1,0
0,9,8,20,1,0
0,10,8,22,1,0
0,11,8,22,1,0
0,12,8,26,1,0
0,13,8,29,1,0
0,14,8,30,1,0
0,15,8,30,1,0
0,16,8,31,1,101
1,17,8,31,1,157
1,18,8,34,1,124
1,19,8,35,1,38
0,20,8,38,1,0
0,21,8,39,1,0
0,22,8,39,1,58
1,23,8,39,1,143
2,24,8,40,1,266
2,25,8,41,1,252
0,26,8,51,1,0
0,27,8,52,1,0
0,28,8,56,1,0
0,29,9,3,1,0
0,30,9,4,1,0
0,31,9,10,1,0
0,32,9,17,1,0
0,33,9,21,1,0
0,34,9,23,1,0
0,35,9,25,1,0
0,36,9,27,1,0
0,37,9,32,1,0
0,38,9,35,1,0
0,39,9,36,1,0
0,40,9,37,1,0
0,41,9,37,1,32
0,42,9,38,1,13
0,43,9,39,1,0
0,44,9,43,1,0
0,45,9,44,1,0
0,46,9,45,1,0
0,47,9,45,1,0
0,48,9,45,1,277
0,49,9,56,1,0
0,50,9,56,1,0
0,51,10,0,1,0
0,52,10,0,1,0
0,53,10,1,1,0
0,54,10,10,1,0
0,55,10,11,1,0
0,56,10,16,1,0
0,57,10,23,1,0
0,58,10,23,1,0
0,59,10,27,1,0
0,60,10,28,1,0
0,61,10,29,1,0
0,62,10,33,1,0
0,63,10,34,1,0
0,64,10,38,1,0
0,65,10,39,1,0
0,66,10,40,1,0
0,67,10,40,1,0
0,68,10,41,1,0
0,69,10,42,1,0
0,70,10,43,1,0
0,71,10,45,1,0
0,72,10,46,1,0
0,73,10,49,1,0
0,74,10,49,1,299
1,75,10,50,1,317
2,76,10,53,1,214
1,77,10,56,1,137
0,78,11,0,1,211
1,79,11,1,1,184
0,80,11,5,1,0
0,81,11,6,1,0
0,82,11,9,1,0
0,83,11,14,1,0
0,84,11,16,1,0
0,85,11,20,1,0
0,86,11,21,1,0
0,87,11,22,1,0
0,88,11,26,1,0
0,89,11,26,1,15
0,90,11,29,1,135
1,91,11,30,1,79
0,92,11,34,1,0
0,93,11,34,1,14
0,94,11,42,1,0
0,95,11,43,1,40
1,96,11,43,1,21
0,97,11,44,1,11
0,98,11,47,1,0
0,99,12,0,1,0
0,100,12,3,1,0
0,101,12,4,1,0
0,102,12,6,1,0
0,103,12,10,1,0
0,104,12,10,1,0
0,105,12,15,1,0
0,106,12,15,1,0
0,107,12,16,1,0
0,108,12,17,1,0
0,109,12,18,1,0
0,110,12,21,1,0
0,111,12,23,1,0
0,112,12,26,1,0
0,113,12,26,1,105
0,114,12,33,1,0
0,115,12,34,1,0
0,116,12,38,1,0
0,117,12,42,1,0
0,118,12,44,1,0
0,119,12,44,1,0
0,120,12,49,1,0
0,121,12,51,1,0
0,122,12,54,1,0
0,123,12,56,1,0
0,124,12,59,1,0
0,125,13,2,1,0
0,126,13,3,1,24
0,127,13,5,1,0
0,128,13,6,1,84
1,129,13,7,1,52
2,130,13,7,1,94
3,131,13,7,1,88
0,132,13,9,1,66
0,133,13,12,1,0
0,134,13,17,1,0
0,135,13,18,1,0
0,136,13,18,1,0
0,137,13,18,1,0
0,138,13,22,1,0
0,139,13,24,1,0
0,140,13,25,1,0
0,141,13,26,1,7
0,142,13,26,1,128
1,143,13,27,1,180
2,144,13,28,1,278
3,145,13,28,1,293
3,146,13,29,1,316
4,147,13,29,1,330
5,148,13,29,1,343
5,149,13,31,1,313
0,150,13,37,1,0
0,151,13,45,1,0
0,152,13,45,1,0
0,153,13,51,1,0
0,154,13,55,1,0
0,155,13,59,1,0
0,156,14,5,1,0
0,157,14,9,1,0
0,158,14,15,1,0
0,159,14,20,1,0
0,160,14,20,1,0
0,161,14,24,1,0
0,162,14,25,1,0
0,163,14,31,1,0
0,164,14,35,1,0
0,165,14,37,1,0
0,166,14,46,1,0
0,167,14,47,1,0
0,168,14,48,1,0
0,169,14,48,1,0
0,170,14,52,1,0
0,171,15,1,1,0
0,172,15,2,1,0
0,173,15,4,1,0
0,174,15,4,1,0
0,175,15,5,1,0
0,176,15,6,1,0
0,177,15,7,1,0
0,178,15,7,1,0
0,179,15,9,1,0
0,180,15,9,1,42
0,181,15,13,1,0
0,182,15,18,1,0
0,183,15,19,1,0
0,184,15,20,1,0
0,185,15,21,1,0
0,186,15,21,1,0
0,187,15,25,1,0
0,188,15,27,1,0
0,189,15,30,1,0
0,190,15,32,1,0
0,191,15,35,1,0
0,192,15,36,1,0
0,193,15,37,1,0
0,194,15,38,1,0
0,195,15,42,1,0
0,196,15,46,1,0
0,197,15,47,1,0
0,198,15,51,1,0
0,199,15,52,1,0
0,200,15,53,1,0
0,201,16,5,1,0
0,202,16,6,1,0
0,203,16,7,1,0
0,204,16,11,1,0
0,205,16,14,1,0
0,206,16,16,1,0
0,207,16,16,1,0
0,208,16,17,1,0
0,209,16,20,1,0
0,210,16,21,1,0
0,211,16,22,1,0
0,212,16,24,1,0
0,213,16,29,1,0
0,214,16,32,1,0
0,215,16,34,1,0
0,216,16,37,1,0
0,217,16,38,1,0
0,218,16,50,1,0
0,219,16,50,1,0
0,220,16,50,1,0
0,221,16,53,1,0
0,222,16,55,1,0
0,223,16,56,1,0
0,224,17,1,1,0
0,225,17,1,1,0
0,226,17,1,1,0
0,227,17,10,1,0
0,228,17,12,1,0
0,229,17,13,1,0
0,230,17,14,1,0
0,231,17,24,1,0
0,232,17,24,1,0
0,233,17,29,1,0
0,234,17,31,1,0
0,235,17,33,1,0
0,236,17,35,1,0
0,237,17,40,1,0
0,238,17,45,1,0
0,239,17,48,1,0
0,240,17,49,1,0
0,242,17,53,1,0
0,1,8,0,2,0
0,2,8,0,2,0
0,3,8,5,2,0
0,4,8,8,2,0
0,5,8,16,2,0
0,6,8,16,2,0
0,7,8,25,2,0
0,8,8,26,2,0
0,9,8,28,2,0
0,10,8,32,2,0
0,11,8,33,2,0
0,12,8,34,2,0
0,13,8,39,2,0
0,14,8,44,2,0
0,15,8,45,2,0
0,16,8,45,2,0
0,17,8,50,2,0
0,18,8,51,2,0
0,19,8,51,2,0
0,20,8,54,2,0
0,21,9,4,2,0
0,22,9,5,2,0
0,23,9,8,2,0
0,24,9,11,2,0
0,25,9,13,2,0
0,26,9,15,2,0
0,27,9,15,2,0
0,28,9,22,2,0
0,29,9,23,2,0
0,30,9,24,2,0
0,31,9,28,2,0
0,32,9,30,2,0
0,33,9,30,2,0
0,34,9,31,2,0
0,35,9,32,2,0
0,36,9,37,2,0
0,37,9,37,2,0
0,38,9,41,2,0
0,39,9,42,2,0
0,40,9,54,2,0
0,41,9,55,2,0
0,42,10,2,2,0
0,43,10,4,2,0
0,44,10,6,2,0
0,45,10,7,2,0
0,46,10,7,2,100
1,47,10,7,2,115
0,48,10,10,2,5
0,49,10,13,2,48
0,50,10,15,2,103
0,51,10,18,2,0
0,52,10,21,2,0
0,53,10,22,2,0
0,54,10,31,2,0
0,55,10,33,2,0
0,56,10,33,2,0
0,57,10,36,2,0
0,58,10,42,2,0
0,59,10,47,2,0
0,60,10,49,2,0
0,61,10,54,2,0
0,62,10,57,2,0
0,63,11,0,2,0
0,64,11,1,2,0
0,65,11,1,2,95
0,66,11,3,2,141
1,67,11,4,2,115
2,68,11,5,2,86
1,69,11,6,2,33
0,70,11,10,2,0
0,71,11,12,2,0
0,72,11,14,2,0
0,73,11,15,2,0
0,74,11,17,2,0
0,75,11,22,2,0
0,76,11,24,2,78
1,77,11,24,2,91
0,78,11,27,2,0
0,79,11,28,2,126
1,80,11,29,2,56
2,81,11,29,2,43
0,82,11,30,2,66
0,83,11,34,2,0
0,84,11,36,2,0
0,85,11,39,2,0
0,86,11,40,2,0
0,87,11,41,2,2
0,88,11,41,2,174
1,89,11,42,2,144
0,90,11,47,2,0
0,91,11,49,2,0
0,92,11,51,2,0
0,93,11,56,2,0
0,94,11,58,2,0
0,95,12,4,2,0
0,96,12,11,2,0
0,97,12,15,2,0
0,98,12,19,2,0
0,99,12,20,2,0
0,100,12,27,2,0
0,101,12,31,2,0
0,102,12,33,2,0
0,103,12,35,2,0
0,104,12,35,2,0
0,105,12,37,2,0
0,106,12,41,2,0
0,107,12,44,2,0
0,108,12,45,2,0
0,109,12,46,2,0
0,110,12,49,2,0
0,111,12,50,2,0
0,112,12,51,2,38
0,113,12,54,2,0
0,114,12,54,2,0
0,115,12,55,2,0
0,116,12,56,2,0
0,117,12,57,2,0
0,118,12,57,2,144
0,119,13,1,2,22
0,120,13,3,2,19
0,121,13,4,2,0
0,122,13,7,2,0
0,123,13,11,2,0
0,124,13,13,2,0
0,125,13,16,2,0
0,126,13,16,2,0
0,127,13,19,2,0
0,128,13,19,2,0
0,129,13,20,2,0
0,130,13,27,2,0
0,131,13,29,2,0
0,132,13,32,2,0
0,133,13,35,2,0
0,134,13,36,2,0
0,135,13,45,2,0
0,136,13,46,2,0
0,137,13,47,2,0
0,138,13,49,2,0
0,139,13,53,2,0
0,140,13,55,2,0
0,141,13,57,2,0
0,142,14,1,2,0
0,143,14,5,2,0
0,144,14,6,2,0
0,145,14,6,2,0
0,146,14,9,2,0
0,147,14,10,2,0
0,148,14,11,2,8
0,149,14,14,2,0
0,150,14,19,2,0
0,151,14,19,2,0
0,152,14,20,2,0
0,153,14,21,2,0
0,154,14,21,2,0
0,155,14,22,2,133
0,156,14,25,2,0
0,157,14,27,2,0
0,158,14,36,2,0
0,159,14,37,2,0
0,160,14,38,2,0
0,161,14,38,2,0
0,162,14,38,2,0
0,163,14,52,2,0
0,164,14,54,2,0
0,165,14,56,2,0
0,166,14,57,2,0
0,167,15,7,2,0
0,168,15,7,2,0
0,169,15,8,2,0
0,170,15,9,2,0
0,171,15,12,2,0
0,172,15,14,2,0
0,173,15,18,2,0
0,174,15,21,2,0
0,175,15,25,2,0
0,176,15,26,2,0
0,177,15,27,2,0
0,178,15,34,2,0
0,179,15,34,2,0
0,180,15,38,2,0
0,181,15,42,2,0
0,182,15,45,2,0
0,183,15,46,2,0
0,184,15,46,2,0
0,185,15,48,2,0
0,186,15,50,2,0
0,187,15,54,2,0
0,188,15,54,2,0
0,189,15,59,2,0
0,190,16,0,2,0
0,191,16,4,2,0
0,192,16,4,2,0
0,193,16,20,2,0
0,194,16,20,2,0
0,195,16,22,2,0
0,196,16,32,2,0
0,197,16,33,2,0
0,198,16,38,2,0
0,199,16,39,2,0
0,200,16,40,2,0
0,201,16,40,2,0
0,202,16,43,2,0
0,203,16,49,2,0
0,204,16,51,2,0
0,205,16,51,2,0
0,206,16,54,2,0
0,207,16,54,2,0
0,208,16,56,2,0
0,209,17,6,2,0
0,210,17,7,2,0
0,211,17,9,2,0
0,212,17,12,2,0
0,213,17,14,2,0
0,214,17,17,2,0
0,215,17,22,2,0
0,216,17,24,2,0
0,217,17,24,2,5
0,218,17,25,2,0
0,219,17,25,2,27
0,220,17,27,2,34
0,221,17,29,2,0
0,222,17,30,2,0
0,223,17,31,2,140
1,224,17,32,2,170
2,225,17,32,2,175
2,226,17,34,2,96
0,227,17,43,2,0
0,228,17,44,2,0
0,229,17,44,2,0
0,230,17,46,2,0
0,231,17,48,2,0
0,232,17,48,2,0
0,233,17,49,2,13
0,1,8,0,3,0
0,2,8,0,3,0
0,3,8,1,3,0
0,4,8,17,3,0
0,5,8,17,3,0
0,6,8,17,3,0
0,7,8,17,3,0
0,8,8,17,3,48
0,9,8,19,3,395
1,10,8,20,3,423
0,11,8,30,3,0
0,12,8,33,3,0
0,13,8,35,3,0
0,14,8,35,3,0
0,15,8,35,3,0
0,16,8,38,3,0
0,17,8,40,3,0
0,18,8,41,3,0
0,19,8,41,3,0
0,20,8,44,3,0
0,21,8,44,3,0
0,22,8,45,3,0
0,23,8,53,3,0
0,24,8,56,3,0
0,25,8,57,3,0
0,26,9,3,3,0
0,27,9,6,3,0
0,28,9,11,3,0
0,29,9,13,3,0
0,30,9,14,3,0
0,31,9,17,3,0
0,32,9,20,3,0
0,33,9,22,3,0
0,34,9,23,3,0
0,35,9,24,3,0
0,36,9,24,3,37
0,37,9,25,3,13
0,38,9,27,3,0
0,39,9,28,3,0
0,40,9,30,3,0
0,41,9,34,3,0
0,42,9,36,3,0
0,43,9,37,3,0
0,44,9,38,3,40
0,45,9,38,3,78
0,46,9,40,3,0
0,47,9,41,3,0
0,48,9,41,3,0
0,49,9,41,3,24
1,50,9,42,3,17
0,51,9,44,3,0
0,52,9,52,3,0
0,53,9,54,3,0
0,54,9,55,3,0
0,55,9,59,3,0
0,56,10,0,3,0
0,57,10,1,3,0
0,58,10,4,3,0
0,59,10,5,3,0
0,60,10,6,3,0
0,61,10,6,3,0
0,62,10,8,3,0
0,63,10,10,3,0
0,64,10,11,3,0
0,65,10,14,3,29
1,66,10,14,3,18
0,67,10,16,3,0
0,68,10,19,3,0
0,69,10,22,3,0
0,70,10,30,3,0
0,71,10,31,3,0
0,72,10,32,3,0
0,73,10,33,3,0
0,74,10,34,3,0
0,75,10,34,3,0
0,76,10,39,3,0
0,77,10,42,3,0
0,78,10,45,3,0
0,79,10,46,3,0
0,80,10,53,3,0
0,81,10,58,3,0
0,82,11,4,3,0
0,83,11,5,3,0
0,84,11,7,3,0
0,85,11,8,3,0
0,86,11,10,3,0
0,87,11,12,3,0
0,88,11,14,3,0
0,89,11,16,3,0
0,90,11,16,3,0
0,91,11,20,3,0
0,92,11,23,3,0
0,93,11,24,3,0
0,94,11,25,3,95
1,95,11,26,3,86
0,96,11,31,3,0
0,97,11,36,3,0
0,98,11,37,3,0
0,99,11,39,3,0
0,100,11,41,3,0
0,101,11,41,3,0
0,102,11,43,3,0
0,103,11,45,3,0
0,104,11,47,3,0
0,105,11,50,3,0
0,106,11,51,3,0
0,107,11,57,3,0
0,108,11,57,3,0
0,109,11,59,3,0
0,110,12,9,3,0
0,111,12,11,3,0
0,112,12,11,3,0
0,113,12,12,3,0
0,114,12,12,3,21
0,115,12,12,3,90
0,116,12,14,3,21
0,117,12,18,3,0
0,118,12,27,3,0
0,119,12,37,3,0
0,120,12,40,3,0
0,121,12,40,3,0
0,122,12,48,3,0
0,123,12,49,3,0
0,124,12,50,3,0
0,125,12,51,3,0
0,126,12,51,3,28
1,127,12,51,3,24
0,128,12,52,3,3
0,129,12,54,3,62
0,130,12,56,3,0
0,131,13,1,3,0
0,132,13,4,3,0
0,133,13,6,3,0
0,134,13,6,3,0
0,135,13,11,3,0
0,136,13,12,3,0
0,137,13,12,3,0
0,138,13,17,3,0
0,139,13,17,3,0
0,140,13,20,3,0
0,141,13,20,3,0
0,142,13,23,3,0
0,143,13,23,3,0
0,144,13,24,3,3
0,145,13,26,3,256
1,146,13,29,3,146
2,147,13,29,3,117
0,148,13,33,3,17
0,149,13,40,3,0
0,150,13,45,3,0
0,151,13,46,3,0
0,152,14,1,3,0
0,153,14,2,3,0
0,154,14,4,3,0
0,155,14,6,3,0
0,156,14,9,3,0
0,157,14,11,3,0
0,158,14,14,3,0
0,159,14,16,3,0
0,160,14,16,3,0
0,161,14,16,3,0
0,162,14,19,3,0
0,163,14,19,3,0
0,164,14,21,3,106
1,165,14,22,3,64
2,166,14,22,3,89
2,167,14,23,3,166
1,168,14,25,3,49
0,169,14,26,3,97
0,170,14,28,3,0
0,171,14,29,3,90
0,172,14,37,3,0
0,173,14,39,3,0
0,174,14,41,3,0
0,175,14,42,3,0
0,176,14,43,3,0
0,177,14,44,3,0
0,178,14,45,3,0
0,179,14,48,3,0
0,180,14,50,3,0
0,181,14,58,3,0
0,182,15,2,3,0
0,183,15,7,3,0
0,184,15,11,3,0
0,185,15,19,3,0
0,186,15,19,3,0
0,187,15,23,3,0
0,188,15,28,3,0
0,189,15,35,3,0
0,190,15,37,3,0
0,191,15,37,3,0
0,192,15,37,3,0
0,193,15,53,3,0
0,194,15,54,3,0
0,195,15,55,3,0
0,196,15,59,3,0
0,197,16,5,3,0
0,198,16,8,3,0
0,199,16,8,3,0
0,200,16,13,3,0
0,201,16,16,3,0
0,202,16,18,3,0
0,203,16,21,3,0
0,204,16,21,3,0
0,205,16,23,3,0
0,206,16,24,3,0
0,207,16,25,3,0
0,208,16,27,3,0
0,209,16,27,3,117
0,210,16,36,3,0
0,211,16,37,3,0
0,212,16,42,3,0
0,213,16,47,3,0
0,214,16,54,3,0
0,215,16,56,3,0
0,216,16,58,3,0
0,217,17,4,3,0
0,218,17,17,3,0
0,219,17,21,3,0
0,220,17,24,3,0
0,221,17,25,3,0
0,222,17,28,3,0
0,223,17,30,3,0
0,224,17,31,3,0
0,225,17,34,3,0
0,226,17,47,3,0
0,227,17,54,3,0
0,1,8,0,4,0
0,2,8,10,4,0
0,3,8,13,4,0
0,4,8,17,4,0
0,5,8,18,4,0
0,6,8,18,4,0
0,7,8,18,4,0
0,8,8,23,4,0
0,9,8,26,4,0
0,10,8,30,4,0
0,11,8,31,4,0
0,12,8,32,4,32
0,13,8,37,4,0
0,14,8,43,4,0
0,15,8,45,4,0
0,16,8,50,4,0
0,17,8,51,4,0
0,18,8,52,4,0
0,19,8,52,4,0
0,20,8,55,4,0
0,21,9,1,4,0
0,22,9,2,4,0
0,23,9,2,4,0
0,24,9,5,4,0
0,25,9,11,4,0
0,26,9,13,4,0
0,27,9,14,4,0
0,28,9,15,4,0
0,29,9,16,4,95
0,30,9,19,4,113
1,31,9,19,4,87
0,32,9,26,4,0
0,33,9,26,4,0
0,34,9,28,4,0
0,35,9,30,4,0
0,36,9,31,4,61
1,37,9,32,4,77
1,38,9,32,4,65
2,39,9,33,4,67
0,40,9,38,4,0
0,41,9,39,4,0
0,42,9,42,4,0
0,43,9,43,4,0
0,44,9,48,4,0
0,45,9,50,4,0
0,46,9,55,4,0
0,47,9,57,4,0
0,48,9,59,4,0
0,49,10,1,4,0
0,50,10,8,4,0
0,51,10,11,4,0
0,52,10,15,4,0
0,53,10,16,4,0
0,54,10,23,4,0
0,55,10,25,4,0
0,56,10,25,4,0
0,57,10,26,4,0
0,58,10,27,4,0
0,59,10,31,4,22
0,60,10,34,4,0
0,61,10,35,4,201
1,62,10,37,4,459
0,63,10,48,4,0
0,64,10,48,4,0
0,65,10,49,4,0
0,66,10,49,4,5
0,67,10,51,4,0
0,68,10,55,4,0
0,69,10,56,4,0
0,70,10,57,4,0
0,71,10,57,4,129
1,72,10,59,4,18
0,73,11,3,4,0
0,74,11,8,4,0
0,75,11,9,4,0
0,76,11,12,4,0
0,77,11,17,4,0
0,78,11,19,4,0
0,79,11,20,4,0
0,80,11,24,4,0
0,81,11,25,4,0
0,82,11,28,4,0
0,83,11,32,4,0
0,84,11,33,4,0
0,85,11,34,4,0
0,86,11,35,4,77
0,87,11,37,4,718
1,88,11,40,4,705
1,89,11,50,4,189
2,90,11,51,4,190
3,91,11,51,4,366
3,92,11,53,4,358
3,93,11,54,4,436
3,94,11,54,4,761
1,95,12,1,4,428
2,96,12,6,4,282
3,97,12,6,4,315
4,98,12,6,4,376
3,99,12,10,4,299
3,100,12,11,4,713
3,101,12,12,4,689
4,102,12,12,4,658
4,103,12,13,4,647
4,104,12,17,4,460
5,105,12,22,4,181
3,106,12,23,4,163
0,107,12,26,4,29
1,108,12,26,4,94
0,109,12,31,4,29
0,110,12,32,4,6
0,111,12,36,4,0
0,112,12,38,4,0
0,113,12,39,4,0
0,114,12,40,4,0
0,115,12,41,4,0
0,116,12,44,4,0
0,117,12,46,4,0
0,118,12,46,4,135
1,119,12,48,4,12
0,120,12,52,4,0
0,121,12,53,4,0
0,122,12,53,4,0
0,123,12,58,4,0
0,124,13,5,4,0
0,125,13,8,4,0
0,126,13,11,4,0
0,127,13,19,4,0
0,128,13,24,4,0
0,129,13,25,4,0
0,130,13,30,4,0
0,131,13,33,4,0
0,132,13,37,4,0
0,133,13,38,4,0
0,134,13,39,4,0
0,135,13,39,4,0
0,136,13,49,4,0
0,137,13,53,4,0
0,138,13,57,4,0
0,139,14,1,4,0
0,140,14,1,4,0
0,141,14,5,4,0
0,142,14,6,4,14
0,143,14,12,4,0
0,144,14,15,4,0
0,145,14,17,4,55
1,146,14,17,4,44
0,147,14,20,4,0
0,148,14,22,4,0
0,149,14,22,4,0
0,150,14,23,4,0
0,151,14,26,4,0
0,152,14,29,4,0
0,153,14,35,4,0
0,154,14,37,4,0
0,155,14,39,4,0
0,156,14,41,4,0
0,157,14,45,4,0
0,158,14,46,4,0
0,159,14,48,4,0
0,160,14,55,4,0
0,161,14,55,4,0
0,162,14,55,4,0
0,163,14,59,4,0
0,164,15,10,4,0
0,165,15,11,4,0
0,166,15,13,4,0
0,167,15,14,4,0
0,168,15,15,4,9
0,169,15,16,4,103
1,170,15,16,4,97
2,171,15,17,4,67
0,172,15,18,4,97
1,173,15,19,4,129
0,174,15,24,4,0
0,175,15,25,4,0
0,176,15,26,4,60
0,177,15,29,4,0
0,178,15,32,4,0
0,179,15,33,4,0
0,180,15,33,4,0
0,181,15,37,4,0
0,182,15,38,4,0
0,183,15,40,4,0
0,184,15,42,4,0
0,185,15,47,4,0
0,186,15,55,4,0
0,187,16,6,4,0
0,188,16,6,4,0
0,189,16,10,4,0
0,190,16,12,4,0
0,191,16,13,4,0
0,192,16,13,4,0
0,193,16,13,4,203
0,194,16,22,4,0
0,195,16,26,4,0
0,196,16,34,4,0
0,197,16,37,4,0
0,198,16,38,4,0
0,199,16,39,4,0
0,200,16,39,4,0
0,201,16,41,4,0
0,202,16,45,4,0
0,203,16,46,4,0
0,204,16,47,4,246
1,205,16,48,4,268
2,206,16,48,4,491
3,207,16,49,4,517
2,208,16,53,4,557
3,209,16,54,4,617
2,210,17,0,4,246
2,211,17,3,4,333
3,212,17,4,4,745
2,213,17,6,4,621
3,214,17,7,4,615
4,215,17,7,4,614
5,216,17,8,4,697
5,217,17,12,4,828
2,218,17,17,4,534
3,219,17,20,4,435
3,220,17,22,4,399
4,221,17,23,4,347
5,222,17,24,4,430
5,223,17,26,4,409
2,224,17,31,4,138
0,225,17,37,4,0
0,226,17,37,4,73
0,228,17,46,4,0
0,229,17,47,4,0
0,232,17,52,4,0
0,233,17,53,4,75
0,1,8,0,0,0
0,2,8,1,0,0
0,3,8,2,0,0
0,4,8,3,0,0
0,5,8,3,0,0
0,6,8,4,0,0
0,7,8,6,0,0
0,8,8,12,0,0
0,9,8,14,0,0
0,10,8,16,0,0
0,11,8,29,0,0
0,12,8,35,0,0
0,13,8,36,0,0
0,14,8,43,0,0
0,15,8,56,0,0
0,16,9,5,0,0
0,17,9,5,0,0
0,18,9,6,0,0
0,19,9,10,0,0
0,20,9,12,0,0
0,21,9,12,0,0
0,22,9,13,0,0
0,23,9,13,0,0
0,24,9,15,0,42
0,25,9,19,0,0
0,26,9,20,0,0
0,27,9,20,0,0
0,28,9,24,0,0
0,29,9,29,0,0
0,30,9,33,0,0
0,31,9,38,0,0
0,32,9,39,0,0
0,33,9,43,0,0
0,34,9,43,0,0
0,35,9,43,0,0
0,36,9,49,0,0
0,37,9,50,0,0
0,38,9,56,0,0
0,39,10,5,0,0
0,40,10,8,0,0
0,41,10,10,0,0
0,42,10,11,0,0
0,43,10,15,0,55
1,44,10,16,0,98
2,45,10,16,0,290
0,46,10,25,0,0
0,47,10,29,0,0
0,48,10,30,0,0
0,49,10,32,0,0
0,50,10,33,0,0
0,51,10,34,0,42
1,52,10,34,0,57
0,53,10,40,0,0
0,54,10,49,0,0
0,55,10,53,0,0
0,56,10,54,0,0
0,57,10,55,0,0
0,58,10,56,0,0
0,59,10,59,0,0
0,60,11,1,0,0
0,61,11,9,0,0
0,62,11,12,0,0
0,63,11,13,0,0
0,64,11,16,0,0
0,65,11,20,0,0
0,66,11,24,0,0
0,67,11,25,0,0
0,68,11,27,0,0
0,69,11,31,0,0
0,70,11,33,0,0
0,71,11,38,0,0
0,72,11,48,0,0
0,73,11,51,0,0
0,74,11,53,0,0
0,75,11,56,0,0
0,76,11,57,0,0
0,77,12,0,0,0
0,78,12,1,0,0
0,79,12,1,0,0
0,80,12,2,0,211
1,81,12,2,0,348
0,82,12,8,0,1
0,83,12,10,0,0
0,84,12,11,0,0
0,85,12,13,0,0
0,87,12,14,0,110
0,86,12,14,0,72
2,88,12,14,0,97
3,89,12,15,0,295
1,90,12,18,0,179
0,91,12,24,0,0
0,92,12,24,0,0
0,93,12,27,0,0
0,94,12,28,0,0
0,95,12,31,0,0
0,96,12,34,0,0
0,97,12,38,0,0
0,98,12,38,0,0
0,99,12,38,0,0
0,100,12,43,0,0
0,101,12,46,0,0
0,102,12,49,0,0
0,103,12,56,0,0
0,104,12,59,0,0
0,105,13,2,0,0
0,106,13,10,0,0
0,107,13,18,0,0
0,108,13,20,0,0
0,109,13,22,0,0
0,110,13,28,0,0
0,111,13,28,0,0
0,112,13,29,0,0
0,113,13,30,0,333
1,114,13,34,0,93
2,115,13,35,0,92
0,116,13,36,0,18
1,117,13,36,0,85
1,118,13,38,0,44
1,119,13,38,0,110
1,120,13,39,0,60
2,121,13,39,0,84
3,122,13,40,0,300
1,123,13,43,0,112
2,124,13,44,0,139
1,125,13,45,0,184
2,126,13,45,0,185
2,127,13,47,0,80
0,128,13,49,0,398
1,129,13,51,0,352
2,130,13,51,0,403
3,131,13,53,0,356
4,132,13,54,0,410
5,133,13,55,0,408
6,134,13,56,0,354
6,135,13,56,0,404
7,136,13,56,0,420
4,137,14,1,0,447
5,138,14,1,0,600
2,139,14,4,0,485
3,140,14,4,0,701
1,141,14,12,0,455
2,142,14,12,0,485
3,143,14,13,0,471
4,144,14,14,0,469
5,145,14,15,0,495
5,146,14,18,0,337
6,147,14,19,0,309
7,148,14,19,0,300
7,149,14,20,0,334
0,150,14,30,0,0
0,151,14,36,0,0
0,152,14,41,0,0
0,153,14,43,0,0
0,154,14,44,0,0
0,155,14,46,0,0
0,156,14,53,0,0
0,157,14,55,0,0
0,158,14,57,0,0
0,159,15,1,0,0
0,160,15,2,0,0
0,161,15,2,0,0
0,162,15,3,0,0
0,163,15,12,0,0
0,164,15,14,0,0
0,165,15,14,0,0
0,166,15,22,0,0
0,167,15,22,0,0
0,168,15,23,0,0
0,169,15,31,0,0
0,170,15,34,0,0
0,171,15,37,0,0
0,172,15,37,0,0
0,173,15,39,0,0
0,174,15,41,0,0
0,175,15,42,0,0
0,176,15,46,0,0
0,177,15,49,0,0
0,178,15,51,0,0
0,179,15,55,0,0
0,180,15,55,0,0
0,181,15,55,0,13
0,182,15,56,0,0
0,183,16,1,0,0
0,184,16,5,0,0
0,185,16,6,0,0
0,186,16,7,0,0
0,187,16,11,0,0
0,188,16,15,0,0
0,189,16,16,0,0
0,190,16,20,0,0
0,191,16,21,0,0
0,192,16,22,0,41
1,193,16,22,0,46
0,194,16,26,0,0
0,195,16,26,0,0
0,196,16,39,0,0
0,197,16,42,0,0
0,198,16,55,0,0
0,199,17,2,0,0
0,200,17,3,0,0
0,201,17,4,0,0
0,202,17,5,0,0
0,203,17,6,0,0
0,204,17,6,0,24
1,205,17,6,0,24
0,206,17,9,0,59
0,207,17,12,0,0
0,208,17,12,0,0
0,209,17,13,0,0
0,210,17,17,0,0
0,211,17,18,0,0
0,212,17,19,0,0
0,213,17,21,0,35
0,214,17,22,0,65
1,215,17,23,0,50
0,216,17,26,0,0
0,217,17,28,0,0
0,218,17,32,0,0
0,219,17,34,0,0
0,220,17,36,0,0
0,221,17,44,0,0
0,222,17,45,0,0
0,223,17,45,0,0
0,224,17,47,0,0
0,225,17,50,0,0
0,227,17,56,0,0
0,1,8,0,1,0
0,2,8,17,1,0
0,3,8,17,1,0
0,4,8,19,1,0
0,5,8,20,1,0
0,6,8,20,1,0
0,7,8,23,1,0
0,8,8,24,1,0
0,9,8,26,1,0
0,10,8,35,1,0
0,11,8,40,1,0
0,12,8,41,1,0
0,13,8,42,1,0
0,14,8,46,1,0
0,15,8,50,1,0
0,16,8,52,1,0
0,17,8,56,1,0
0,18,9,1,1,0
0,19,9,1,1,0
0,20,9,2,1,0
0,21,9,5,1,0
0,22,9,7,1,0
0,23,9,7,1,130
1,24,9,8,1,354
1,25,9,13,1,71
1,26,9,14,1,39
2,27,9,14,1,68
2,28,9,15,1,60
0,29,9,20,1,0
0,30,9,30,1,0
0,31,9,32,1,0
0,32,9,33,1,0
0,33,9,35,1,0
0,34,9,36,1,0
0,35,9,39,1,0
0,36,9,40,1,0
0,37,9,42,1,0
0,38,9,43,1,0
0,39,9,44,1,0
0,40,9,45,1,0
0,41,9,47,1,0
0,42,9,49,1,0
0,43,9,52,1,0
0,44,9,54,1,0
0,45,9,55,1,0
0,46,10,0,1,0
0,47,10,1,1,0
0,48,10,3,1,0
0,49,10,6,1,0
0,50,10,7,1,0
0,51,10,10,1,0
0,52,10,15,1,0
0,53,10,16,1,0
0,54,10,16,1,0
0,55,10,23,1,0
0,56,10,24,1,0
0,57,10,27,1,0
0,58,10,28,1,0
0,59,10,30,1,0
0,60,10,34,1,0
0,61,10,34,1,0
0,62,10,36,1,0
0,63,10,37,1,0
0,64,10,41,1,0
0,65,10,42,1,0
0,66,10,44,1,0
0,67,10,46,1,0
0,68,10,48,1,0
0,69,10,52,1,0
0,70,10,54,1,0
0,71,10,54,1,0
0,72,10,57,1,0
0,73,11,0,1,41
0,74,11,1,1,2
0,75,11,1,1,0
0,76,11,4,1,0
0,77,11,4,1,0
0,78,11,6,1,0
0,79,11,6,1,0
0,80,11,12,1,0
0,81,11,21,1,0
0,82,11,27,1,0
0,83,11,30,1,0
0,84,11,34,1,0
0,85,11,35,1,0
0,86,11,36,1,0
0,87,11,39,1,0
0,88,11,39,1,0
0,89,11,40,1,0
0,90,11,40,1,0
0,91,11,40,1,38
0,92,11,44,1,0
0,93,11,50,1,0
0,94,11,50,1,0
0,95,11,54,1,0
0,96,11,55,1,0
0,97,11,56,1,0
0,98,11,58,1,0
0,99,11,59,1,0
0,100,12,2,1,0
0,101,12,2,1,0
0,102,12,4,1,0
0,103,12,7,1,0
0,104,12,9,1,0
0,105,12,10,1,0
0,106,12,11,1,0
0,107,12,12,1,0
0,108,12,13,1,0
0,109,12,16,1,0
0,110,12,16,1,0
0,111,12,20,1,0
0,112,12,25,1,0
0,113,12,25,1,0
0,114,12,26,1,0
0,115,12,28,1,0
0,116,12,29,1,185
0,117,12,33,1,2
0,118,12,34,1,0
0,119,12,34,1,5
0,120,12,45,1,0
0,121,12,47,1,0
0,122,12,47,1,0
0,123,12,50,1,0
0,124,12,52,1,0
0,125,12,52,1,0
0,126,12,53,1,0
0,127,12,54,1,0
0,128,12,57,1,0
0,129,12,59,1,0
0,130,12,59,1,0
0,131,13,0,1,0
0,132,13,1,1,0
0,133,13,4,1,0
0,134,13,6,1,0
0,135,13,7,1,0
0,136,13,9,1,0
0,137,13,16,1,0
0,138,13,16,1,0
0,139,13,18,1,0
0,140,13,25,1,0
0,141,13,25,1,0
0,142,13,25,1,0
0,143,13,26,1,0
0,144,13,29,1,0
0,145,13,29,1,0
0,146,13,30,1,0
0,147,13,31,1,0
0,148,13,34,1,0
0,149,13,36,1,0
0,150,13,37,1,14
1,151,13,37,1,209
1,152,13,38,1,285
2,153,13,38,1,298
2,154,13,41,1,142
0,155,13,46,1,0
0,156,13,51,1,0
0,157,13,52,1,0
0,158,13,55,1,0
0,159,14,5,1,0
0,160,14,7,1,0
0,161,14,11,1,0
0,162,14,16,1,0
0,163,14,22,1,0
0,164,14,30,1,0
0,165,14,31,1,0
0,166,14,31,1,0
0,167,14,33,1,0
0,168,14,38,1,0
0,169,14,43,1,0
0,170,14,44,1,0
0,171,14,44,1,0
0,172,14,54,1,0
0,173,14,54,1,0
0,174,14,56,1,0
0,175,14,59,1,0
0,176,15,1,1,0
0,177,15,5,1,0
0,178,15,7,1,0
0,179,15,8,1,0
0,180,15,8,1,126
1,181,15,10,1,33
0,182,15,19,1,0
0,183,15,20,1,0
0,184,15,21,1,0
0,185,15,22,1,0
0,186,15,23,1,0
0,187,15,26,1,0
0,188,15,27,1,0
0,189,15,28,1,0
0,190,15,28,1,0
0,191,15,29,1,0
0,192,15,31,1,0
0,193,15,31,1,73
0,194,15,35,1,0
0,195,15,37,1,0
0,196,15,39,1,0
0,197,15,40,1,0
0,198,15,41,1,0
0,199,15,42,1,0
0,200,15,42,1,16
0,201,15,49,1,0
0,202,15,57,1,0
0,203,16,0,1,0
0,204,16,1,1,0
0,205,16,1,1,0
0,206,16,11,1,0
0,207,16,12,1,0
0,208,16,13,1,0
0,209,16,18,1,0
0,210,16,19,1,0
0,211,16,19,1,0
0,212,16,21,1,0
0,213,16,23,1,0
0,214,16,23,1,0
0,215,16,24,1,0
0,216,16,29,1,0
0,217,16,32,1,0
0,218,16,33,1,0
0,219,16,39,1,0
0,220,16,41,1,0
0,221,16,45,1,0
0,222,16,45,1,0
0,223,16,47,1,0
0,224,16,48,1,0
0,225,16,50,1,0
0,226,16,50,1,45
0,227,16,51,1,0
0,228,16,53,1,0
0,229,16,56,1,0
0,230,16,59,1,0
0,231,17,0,1,0
0,232,17,0,1,0
0,233,17,4,1,0
0,234,17,6,1,0
0,235,17,9,1,0
0,236,17,11,1,0
0,237,17,14,1,0
0,238,17,15,1,0
0,239,17,29,1,0
0,240,17,30,1,0
0,241,17,34,1,0
0,242,17,36,1,0
0,243,17,39,1,0
0,244,17,45,1,0
0,245,17,52,1,0
0,246,17,52,1,0
0,1,8,0,2,0
0,2,8,12,2,0
0,3,8,15,2,0
0,4,8,22,2,0
0,5,8,28,2,0
0,6,8,32,2,0
0,7,8,43,2,0
0,8,8,51,2,0
0,9,8,57,2,0
0,10,9,2,2,0
0,11,9,5,2,0
0,12,9,8,2,0
0,13,9,15,2,0
0,14,9,18,2,0
0,15,9,18,2,0
0,16,9,19,2,0
0,17,9,20,2,0
0,18,9,22,2,0
0,19,9,23,2,18
0,20,9,26,2,0
0,21,9,27,2,0
0,22,9,28,2,0
0,23,9,30,2,0
0,24,9,30,2,0
0,25,9,32,2,0
0,26,9,33,2,0
0,27,9,38,2,0
0,28,9,43,2,0
0,29,9,43,2,0
0,30,9,47,2,0
0,31,9,48,2,0
0,32,9,49,2,0
0,33,9,52,2,0
0,34,9,52,2,0
0,35,9,53,2,0
0,36,9,55,2,0
0,37,9,55,2,0
0,38,10,1,2,0
0,39,10,2,2,0
0,40,10,2,2,0
0,41,10,7,2,0
0,42,10,8,2,0
0,43,10,8,2,0
0,44,10,8,2,0
0,45,10,9,2,0
0,46,10,12,2,0
0,47,10,19,2,0
0,48,10,20,2,0
0,49,10,21,2,174
0,50,10,28,2,0
0,51,10,30,2,0
0,52,10,30,2,0
0,53,10,32,2,0
0,54,10,34,2,0
0,55,10,36,2,0
0,56,10,37,2,0
0,57,10,38,2,7
0,58,10,46,2,0
0,59,10,46,2,0
0,60,10,48,2,0
0,61,10,48,2,0
0,62,10,54,2,0
0,63,11,0,2,0
0,64,11,3,2,0
0,65,11,3,2,0
0,66,11,6,2,0
0,67,11,8,2,0
0,68,11,14,2,0
0,69,11,14,2,0
0,70,11,15,2,0
0,71,11,15,2,0
0,72,11,17,2,0
0,73,11,18,2,0
0,74,11,20,2,0
0,75,11,21,2,0
0,76,11,21,2,0
0,77,11,24,2,0
0,78,11,25,2,0
0,79,11,25,2,14
0,80,11,26,2,183
1,81,11,26,2,270
2,82,11,27,2,443
3,83,11,29,2,381
3,84,11,30,2,371
1,85,11,35,2,211
1,86,11,37,2,120
2,87,11,38,2,83
0,88,11,40,2,0
0,89,11,41,2,43
0,90,11,44,2,0
0,91,11,46,2,0
0,92,11,54,2,0
0,93,12,6,2,0
0,94,12,8,2,0
0,95,12,9,2,0
0,96,12,16,2,0
0,97,12,23,2,0
0,98,12,24,2,0
0,99,12,27,2,0
0,100,12,29,2,0
0,101,12,31,2,0
0,102,12,32,2,0
0,103,12,33,2,0
0,104,12,36,2,0
0,105,12,36,2,7
0,106,12,37,2,0
0,107,12,38,2,0
0,108,12,39,2,102
0,109,12,41,2,0
0,110,12,43,2,0
0,111,12,44,2,0
0,112,12,45,2,0
0,113,12,45,2,0
0,114,12,46,2,0
0,115,12,48,2,0
0,116,12,53,2,0
0,117,12,56,2,0
0,118,12,57,2,0
0,119,13,0,2,0
0,120,13,1,2,0
0,121,13,1,2,12
0,122,13,3,2,2
0,123,13,3,2,251
1,124,13,4,2,271
0,125,13,11,2,0
0,126,13,12,2,0
0,127,13,22,2,0
0,128,13,29,2,0
0,129,13,29,2,0
0,130,13,35,2,0
0,131,13,36,2,0
0,132,13,36,2,0
0,133,13,38,2,180
1,134,13,38,2,249
2,135,13,39,2,467
2,136,13,41,2,452
3,137,13,42,2,434
0,138,13,50,2,90
1,139,13,51,2,95
0,140,13,54,2,0
0,141,13,56,2,124
0,142,13,58,2,3
0,143,14,1,2,0
0,144,14,4,2,0
0,145,14,7,2,0
0,146,14,9,2,0
0,147,14,9,2,43
1,148,14,9,2,85
0,149,14,13,2,0
0,150,14,13,2,0
0,151,14,17,2,0
0,152,14,19,2,0
0,153,14,20,2,0
0,154,14,22,2,0
0,155,14,23,2,0
0,156,14,25,2,0
0,157,14,26,2,0
0,158,14,27,2,0
0,159,14,27,2,0
0,160,14,29,2,0
0,161,14,36,2,0
0,162,14,37,2,0
0,163,14,37,2,0
0,164,14,39,2,0
0,165,14,42,2,0
0,166,14,47,2,0
0,167,14,47,2,0
0,168,14,48,2,0
0,169,14,53,2,0
0,170,14,53,2,0
0,171,14,53,2,53
0,172,14,54,2,85
0,173,14,58,2,0
0,174,15,1,2,0
0,175,15,2,2,0
0,176,15,3,2,5
0,177,15,3,2,0
0,178,15,4,2,0
0,179,15,5,2,0
0,180,15,11,2,0
0,181,15,17,2,0
0,182,15,18,2,0
0,183,15,26,2,0
0,184,15,26,2,0
0,185,15,30,2,0
0,186,15,32,2,0
0,187,15,37,2,0
0,188,15,41,2,0
0,189,15,46,2,0
0,190,15,47,2,0
0,191,15,48,2,0
0,192,15,53,2,0
0,193,15,56,2,0
0,194,15,57,2,0
0,195,16,0,2,0
0,196,16,8,2,0
0,197,16,8,2,0
0,198,16,10,2,0
0,199,16,12,2,0
0,200,16,16,2,0
0,201,16,18,2,0
0,202,16,19,2,70
0,203,16,22,2,0
0,204,16,23,2,0
0,205,16,26,2,0
0,206,16,28,2,0
0,207,16,32,2,0
0,208,16,32,2,0
0,209,16,32,2,29
1,210,16,33,2,163
0,211,16,41,2,0
0,212,16,44,2,0
0,213,16,51,2,0
0,214,17,0,2,0
0,215,17,1,2,0
0,216,17,4,2,0
0,217,17,8,2,0
0,218,17,8,2,0
0,219,17,9,2,0
0,220,17,14,2,0
0,221,17,15,2,0
0,222,17,15,2,0
0,223,17,16,2,0
0,224,17,20,2,0
0,225,17,21,2,0
0,226,17,23,2,0
0,227,17,28,2,0
0,228,17,29,2,0
0,229,17,30,2,0
0,230,17,34,2,0
0,231,17,36,2,0
0,232,17,36,2,0
0,233,17,36,2,0
0,234,17,37,2,0
0,235,17,39,2,59
0,236,17,41,2,0
0,237,17,44,2,0
0,238,17,51,2,0
0,1,8,0,3,0
0,2,8,0,3,0
0,3,8,2,3,0
0,4,8,3,3,0
0,5,8,5,3,0
0,6,8,8,3,0
0,7,8,8,3,0
0,8,8,14,3,0
0,9,8,14,3,0
0,10,8,16,3,0
0,11,8,19,3,0
0,12,8,22,3,0
0,13,8,24,3,0
0,14,8,28,3,0
0,15,8,31,3,0
0,16,8,31,3,0
0,17,8,34,3,0
0,18,8,35,3,0
0,19,8,36,3,0
0,20,8,45,3,0
0,21,8,47,3,0
0,22,8,55,3,0
0,23,8,57,3,0
0,24,9,1,3,0
0,25,9,6,3,0
0,26,9,10,3,0
0,27,9,10,3,0
0,28,9,18,3,0
0,29,9,20,3,0
0,30,9,33,3,0
0,31,9,33,3,0
0,32,9,35,3,0
0,33,9,43,3,0
0,34,9,44,3,0
0,35,9,45,3,0
0,36,9,46,3,0
0,37,9,55,3,0
0,38,9,57,3,0
0,39,10,1,3,0
0,40,10,5,3,0
0,41,10,15,3,0
0,42,10,16,3,0
0,43,10,17,3,0
0,44,10,22,3,0
0,45,10,22,3,0
0,46,10,22,3,0
0,47,10,25,3,0
0,48,10,27,3,0
0,49,10,38,3,0
0,50,10,49,3,0
0,51,10,50,3,0
0,52,10,53,3,0
0,53,10,55,3,0
0,54,10,58,3,0
0,55,10,58,3,0
0,56,11,0,3,0
0,57,11,2,3,0
0,58,11,6,3,0
0,59,11,9,3,0
0,60,11,14,3,0
0,61,11,21,3,0
0,62,11,25,3,0
0,63,11,27,3,0
0,64,11,29,3,0
0,65,11,31,3,0
0,66,11,37,3,0
0,67,11,37,3,0
0,68,11,39,3,0
0,69,11,41,3,0
0,70,11,45,3,0
0,71,11,46,3,0
0,72,11,51,3,0
0,73,11,51,3,0
0,74,11,53,3,0
0,75,11,56,3,0
0,76,11,57,3,0
0,77,11,58,3,42
0,78,11,59,3,0
0,79,12,0,3,0
0,80,12,1,3,0
0,81,12,4,3,0
0,82,12,6,3,0
0,83,12,7,3,0
0,84,12,10,3,0
0,85,12,11,3,0
0,86,12,16,3,0
0,87,12,19,3,0
0,88,12,24,3,0
0,89,12,25,3,0
0,90,12,29,3,0
0,91,12,32,3,0
0,92,12,33,3,0
0,93,12,38,3,0
0,94,12,43,3,0
0,95,12,49,3,0
0,96,12,51,3,0
0,97,12,58,3,0
0,98,13,0,3,0
0,99,13,1,3,0
0,100,13,3,3,0
0,101,13,6,3,0
0,102,13,9,3,0
0,103,13,10,3,0
0,104,13,13,3,0
0,105,13,15,3,0
0,106,13,15,3,0
0,107,13,16,3,0
0,108,13,19,3,0
0,109,13,23,3,0
0,110,13,25,3,0
0,111,13,27,3,0
0,112,13,27,3,0
0,113,13,28,3,0
0,114,13,30,3,0
0,115,13,30,3,0
0,116,13,34,3,0
0,117,13,34,3,0
0,118,13,36,3,0
0,119,13,44,3,0
0,120,13,50,3,0
0,121,13,58,3,0
0,122,13,58,3,0
0,123,13,59,3,0
0,124,14,1,3,0
0,125,14,1,3,0
0,126,14,4,3,0
0,127,14,4,3,0
0,128,14,5,3,0
0,129,14,7,3,29
0,130,14,13,3,0
0,131,14,23,3,0
0,132,14,23,3,0
0,133,14,24,3,0
0,134,14,25,3,0
0,135,14,31,3,0
0,136,14,31,3,0
0,137,14,36,3,0
0,138,14,36,3,0
0,139,14,36,3,0
0,140,14,39,3,0
0,141,14,42,3,0
0,142,14,47,3,0
0,143,14,47,3,0
0,144,14,51,3,0
0,145,14,53,3,0
0,146,14,53,3,20
0,147,14,54,3,0
0,148,14,56,3,0
0,149,14,57,3,0
0,150,15,3,3,0
0,151,15,3,3,0
0,152,15,4,3,5
0,153,15,4,3,94
0,154,15,8,3,20
0,155,15,11,3,134
1,156,15,12,3,349
1,157,15,14,3,254
0,158,15,29,3,0
0,159,15,30,3,0
0,160,15,31,3,0
0,161,15,33,3,0
0,162,15,34,3,0
0,163,15,35,3,45
0,164,15,37,3,31
0,165,15,39,3,0
0,166,15,39,3,5
0,167,15,42,3,0
0,168,15,42,3,109
0,169,15,48,3,22
0,170,15,49,3,210
0,171,15,52,3,31
0,172,15,53,3,93
1,173,15,54,3,142
0,174,16,1,3,0
0,175,16,1,3,0
0,176,16,2,3,0
0,177,16,5,3,0
0,178,16,6,3,411
1,179,16,8,3,277
2,180,16,11,3,215
1,181,16,14,3,93
2,182,16,14,3,154
3,183,16,14,3,190
1,184,16,16,3,75
0,185,16,18,3,0
0,186,16,18,3,0
0,187,16,20,3,0
0,188,16,26,3,0
0,189,16,31,3,0
0,190,16,36,3,0
0,191,16,39,3,0
0,192,16,42,3,0
0,193,16,43,3,0
0,194,16,44,3,0
0,195,16,49,3,0
0,196,16,51,3,0
0,197,16,54,3,0
0,198,16,57,3,0
0,199,16,59,3,0
0,200,17,0,3,0
0,201,17,10,3,0
0,202,17,14,3,0
0,203,17,17,3,0
0,204,17,17,3,0
0,205,17,21,3,0
0,206,17,24,3,0
0,207,17,25,3,0
0,208,17,26,3,0
0,209,17,29,3,0
0,210,17,34,3,0
0,211,17,36,3,0
0,212,17,45,3,0
0,213,17,47,3,0
0,214,17,48,3,0
0,215,17,50,3,0
0,216,17,53,3,0
0,1,8,0,4,0
0,2,8,3,4,0
0,3,8,5,4,0
0,4,8,5,4,0
0,5,8,5,4,0
0,6,8,13,4,0
0,7,8,15,4,0
0,8,8,16,4,0
0,9,8,17,4,43
0,10,8,21,4,0
0,11,8,25,4,0
0,12,8,26,4,0
0,13,8,27,4,0
0,14,8,27,4,56
0,15,8,31,4,0
0,16,8,33,4,0
0,17,8,35,4,0
0,18,8,35,4,0
0,19,8,37,4,0
0,20,8,38,4,0
0,21,8,40,4,0
0,22,8,40,4,0
0,23,8,45,4,0
0,24,8,48,4,0
0,25,9,2,4,0
0,26,9,4,4,0
0,27,9,5,4,0
0,28,9,5,4,0
0,29,9,8,4,0
0,30,9,8,4,0
0,31,9,13,4,0
0,32,9,21,4,0
0,33,9,23,4,0
0,34,9,26,4,0
0,35,9,27,4,0
0,36,9,37,4,0
0,37,9,41,4,0
0,38,9,44,4,0
0,39,9,46,4,0
0,40,9,51,4,0
0,41,9,56,4,0
0,42,9,59,4,0
0,43,9,59,4,0
0,44,10,1,4,0
0,45,10,8,4,0
0,46,10,9,4,0
0,47,10,14,4,0
0,48,10,15,4,0
0,49,10,19,4,0
0,50,10,23,4,0
0,51,10,23,4,0
0,52,10,26,4,82
1,53,10,26,4,88
0,54,10,29,4,76
0,55,10,31,4,0
0,56,10,34,4,0
0,57,10,34,4,0
0,58,10,36,4,0
0,59,10,38,4,0
0,60,10,38,4,0
0,61,10,39,4,0
0,62,10,40,4,0
0,63,10,42,4,0
0,64,10,43,4,14
0,65,10,49,4,0
0,66,10,54,4,0
0,67,10,55,4,0
0,68,11,1,4,0
0,69,11,2,4,0
0,70,11,5,4,0
0,71,11,6,4,0
0,72,11,6,4,0
0,73,11,7,4,59
0,74,11,9,4,0
0,75,11,10,4,0
0,76,11,11,4,54
1,77,11,11,4,73
0,78,11,13,4,321
1,79,11,14,4,277
2,80,11,15,4,269
3,81,11,16,4,217
0,82,11,20,4,0
0,83,11,22,4,0
0,84,11,31,4,0
0,85,11,32,4,0
0,86,11,33,4,0
0,87,11,34,4,38
0,88,11,40,4,0
0,89,11,45,4,0
0,90,11,46,4,0
0,91,11,46,4,0
0,92,11,47,4,0
0,93,11,54,4,0
0,94,12,1,4,0
0,95,12,1,4,0
0,96,12,2,4,0
0,97,12,7,4,0
0,98,12,11,4,0
0,99,12,18,4,0
0,100,12,19,4,0
0,101,12,19,4,169
1,102,12,20,4,145
0,103,12,23,4,0
0,104,12,25,4,0
0,105,12,31,4,0
0,106,12,33,4,0
0,107,12,36,4,0
0,108,12,37,4,0
0,109,12,38,4,0
0,110,12,48,4,0
0,111,12,48,4,0
0,112,12,49,4,0
0,113,12,52,4,0
0,114,12,54,4,0
0,115,12,57,4,0
0,116,12,59,4,0
0,117,12,59,4,0
0,118,13,0,4,0
0,119,13,1,4,0
0,120,13,13,4,0
0,121,13,19,4,0
0,122,13,20,4,0
0,123,13,20,4,0
0,124,13,22,4,0
0,125,13,23,4,0
0,126,13,23,4,2
0,127,13,26,4,0
0,128,13,26,4,243
1,129,13,27,4,229
2,130,13,29,4,141
3,131,13,29,4,202
1,132,13,31,4,326
2,133,13,32,4,389
2,134,13,33,4,441
2,135,13,37,4,211
0,136,13,44,4,0
0,137,13,45,4,0
0,138,13,46,4,0
0,139,13,47,4,0
0,140,13,48,4,198
1,141,13,50,4,353
1,142,13,52,4,297
1,143,13,56,4,112
1,144,13,58,4,72
0,145,14,3,4,0
0,146,14,4,4,0
0,147,14,4,4,0
0,148,14,8,4,0
0,149,14,8,4,0
0,150,14,12,4,0
0,151,14,20,4,0
0,152,14,27,4,0
0,153,14,28,4,0
0,154,14,31,4,0
0,155,14,33,4,0
0,156,14,37,4,0
0,157,14,40,4,0
0,158,14,41,4,0
0,159,14,43,4,0
0,160,14,47,4,0
0,161,14,49,4,0
0,162,14,49,4,0
0,163,14,50,4,0
0,164,14,52,4,0
0,165,14,52,4,0
0,166,14,53,4,0
0,167,14,54,4,0
0,168,15,0,4,0
0,169,15,1,4,0
0,170,15,4,4,0
0,171,15,5,4,0
0,172,15,9,4,0
0,173,15,12,4,0
0,174,15,13,4,0
0,175,15,14,4,0
0,176,15,16,4,0
0,177,15,18,4,0
0,178,15,19,4,0
0,179,15,21,4,0
0,180,15,25,4,0
0,181,15,30,4,65
1,182,15,30,4,42
0,183,15,34,4,0
0,184,15,36,4,0
0,185,15,38,4,0
0,186,15,38,4,0
0,187,15,40,4,0
0,188,15,40,4,0
0,189,15,41,4,0
0,190,15,42,4,130
1,191,15,43,4,258
1,192,15,46,4,47
0,193,15,50,4,0
0,194,15,52,4,0
0,195,15,52,4,0
0,196,15,56,4,0
0,197,15,59,4,0
0,198,16,0,4,0
0,199,16,6,4,0
0,200,16,11,4,0
0,201,16,12,4,0
0,202,16,14,4,0
0,203,16,16,4,0
0,204,16,23,4,0
0,205,16,25,4,0
0,206,16,27,4,0
0,207,16,28,4,0
0,208,16,35,4,0
0,209,16,35,4,0
0,210,16,35,4,0
0,211,16,37,4,0
0,212,16,38,4,0
0,213,16,41,4,152
1,214,16,43,4,34
0,215,16,46,4,0
0,216,16,52,4,0
0,217,16,55,4,0
0,218,16,56,4,0
0,219,16,57,4,0
0,220,17,2,4,0
0,221,17,3,4,0
0,222,17,5,4,0
0,223,17,9,4,0
0,224,17,11,4,0
0,225,17,11,4,180
1,226,17,12,4,344
2,227,17,13,4,390
2,228,17,17,4,259
0,229,17,25,4,0
0,230,17,26,4,0
0,231,17,32,4,0
0,232,17,33,4,0
0,233,17,34,4,0
0,234,17,35,4,0
0,235,17,35,4,0
0,236,17,36,4,0
0,237,17,38,4,31
0,238,17,40,4,0
0,239,17,46,4,0
0,241,17,51,4,0
0,243,17,52,4,0
0,244,17,53,4,0
0,246,17,54,4,155
0,1,8,0,0,0
0,2,8,0,0,0
0,3,8,1,0,0
0,4,8,1,0,0
0,5,8,5,0,0
0,6,8,5,0,0
0,7,8,8,0,0
0,8,8,11,0,0
0,9,8,17,0,0
0,10,8,19,0,0
0,11,8,19,0,0
0,12,8,21,0,0
0,13,8,25,0,0
0,14,8,27,0,0
0,16,8,27,0,0
0,15,8,27,0,0
0,17,8,28,0,133
1,18,8,28,0,186
2,19,8,29,0,188
1,20,8,32,0,88
1,21,8,33,0,44
2,22,8,33,0,124
1,23,8,34,0,169
2,24,8,35,0,162
0,25,8,40,0,0
0,26,8,41,0,37
0,27,8,46,0,0
0,28,8,55,0,0
0,29,8,58,0,0
0,30,9,1,0,0
0,31,9,1,0,0
0,32,9,2,0,0
0,33,9,6,0,0
0,34,9,7,0,0
0,35,9,9,0,0
0,36,9,12,0,0
0,37,9,15,0,0
0,38,9,25,0,0
0,39,9,27,0,0
0,40,9,28,0,0
0,41,9,33,0,0
0,42,9,39,0,0
0,43,9,41,0,0
0,44,9,43,0,0
0,45,9,44,0,0
0,46,9,49,0,0
0,47,9,50,0,0
0,48,9,53,0,0
0,49,9,59,0,0
0,50,10,0,0,0
0,51,10,8,0,0
0,52,10,11,0,0
0,53,10,12,0,0
0,54,10,14,0,0
0,55,10,15,0,0
0,56,10,15,0,0
0,57,10,16,0,197
1,58,10,16,0,217
2,59,10,18,0,171
3,60,10,19,0,259
1,61,10,22,0,103
0,62,10,26,0,0
0,63,10,34,0,0
0,64,10,35,0,0
0,65,10,37,0,0
0,66,10,38,0,0
0,67,10,41,0,0
0,68,10,46,0,0
0,69,10,53,0,0
0,70,10,56,0,0
0,71,10,58,0,0
0,72,10,59,0,0
0,73,11,7,0,0
0,74,11,10,0,0
0,75,11,10,0,0
0,76,11,12,0,0
0,77,11,13,0,0
0,78,11,14,0,0
0,79,11,15,0,9
0,80,11,19,0,0
0,81,11,21,0,0
0,82,11,29,0,0
0,83,11,38,0,0
0,84,11,39,0,0
0,85,11,39,0,0
0,86,11,43,0,0
0,87,11,43,0,0
0,88,11,47,0,0
0,89,11,50,0,0
0,90,11,51,0,0
0,91,11,52,0,0
0,92,11,52,0,19
0,93,11,54,0,133
0,94,11,57,0,113
1,95,11,57,0,171
0,96,12,3,0,0
0,97,12,4,0,0
0,98,12,5,0,0
0,99,12,6,0,66
1,100,12,7,0,111
0,101,12,10,0,131
0,102,12,15,0,0
0,103,12,16,0,0
0,104,12,21,0,0
0,105,12,23,0,0
0,106,12,24,0,0
0,107,12,25,0,0
0,108,12,28,0,0
0,109,12,31,0,0
0,110,12,33,0,105
0,111,12,39,0,0
0,112,12,42,0,0
0,113,12,45,0,0
0,114,12,45,0,0
0,115,12,46,0,0
0,116,12,47,0,0
0,117,12,52,0,0
0,118,12,54,0,0
0,119,12,54,0,0
0,120,12,56,0,0
0,121,12,59,0,0
0,122,13,1,0,0
0,123,13,2,0,0
0,124,13,5,0,0
0,125,13,7,0,0
0,126,13,8,0,0
0,127,13,20,0,0
0,128,13,20,0,0
0,129,13,21,0,0
0,130,13,25,0,0
0,131,13,27,0,0
0,132,13,30,0,0
0,133,13,32,0,0
0,134,13,33,0,0
0,135,13,33,0,0
0,136,13,35,0,42
0,137,13,48,0,0
0,138,13,49,0,0
0,139,13,50,0,0
0,140,13,52,0,0
0,141,13,52,0,0
0,142,13,55,0,0
0,143,13,56,0,0
0,144,13,58,0,0
0,145,13,59,0,0
0,146,14,1,0,0
0,147,14,3,0,0
0,148,14,3,0,0
0,149,14,4,0,0
0,150,14,5,0,0
0,151,14,6,0,33
0,152,14,8,0,0
0,153,14,12,0,0
0,154,14,15,0,0
0,155,14,15,0,0
0,156,14,17,0,0
0,157,14,18,0,0
0,158,14,21,0,0
0,159,14,26,0,0
0,160,14,26,0,0
0,161,14,30,0,0
0,162,14,32,0,0
0,163,14,39,0,0
0,164,14,39,0,0
0,165,14,40,0,0
0,166,14,49,0,0
0,167,14,50,0,0
0,168,14,54,0,0
0,169,14,55,0,0
0,170,14,56,0,0
0,171,14,58,0,0
0,172,15,0,0,0
0,173,15,0,0,113
1,174,15,0,0,167
2,175,15,1,0,170
2,176,15,2,0,121
0,177,15,11,0,0
0,178,15,11,0,0
0,179,15,12,0,0
0,180,15,24,0,0
0,181,15,25,0,0
0,182,15,26,0,0
0,183,15,29,0,0
0,184,15,32,0,0
0,185,15,33,0,0
0,186,15,33,0,0
0,187,15,35,0,0
0,188,15,36,0,16
0,189,15,38,0,0
0,190,15,38,0,0
0,191,15,42,0,0
0,192,15,46,0,0
0,193,15,46,0,0
0,194,15,48,0,0
0,195,15,48,0,0
0,196,15,48,0,115
0,197,15,54,0,0
0,198,15,54,0,0
0,199,15,59,0,0
0,200,16,0,0,0
0,201,16,1,0,0
0,202,16,2,0,0
0,203,16,6,0,0
0,204,16,17,0,0
0,205,16,19,0,0
0,206,16,19,0,0
0,207,16,21,0,0
0,208,16,23,0,0
0,209,16,23,0,0
0,210,16,25,0,0
0,211,16,34,0,0
0,212,16,34,0,0
0,213,16,35,0,0
0,214,16,35,0,0
0,215,16,35,0,25
0,216,16,36,0,12
0,217,16,38,0,0
0,218,16,49,0,0
0,219,16,51,0,0
0,220,16,52,0,0
0,221,16,52,0,0
0,222,16,54,0,0
0,223,16,56,0,0
0,224,16,59,0,0
0,225,17,0,0,0
0,226,17,0,0,0
0,227,17,3,0,0
0,228,17,3,0,0
0,229,17,3,0,0
0,230,17,5,0,0
0,231,17,7,0,0
0,232,17,9,0,0
0,233,17,10,0,0
0,234,17,12,0,0
0,235,17,12,0,0
0,236,17,13,0,8
0,237,17,21,0,0
0,238,17,27,0,0
0,239,17,27,0,0
0,240,17,30,0,0
0,241,17,33,0,0
0,242,17,35,0,0
0,243,17,38,0,0
0,244,17,39,0,0
0,245,17,40,0,0
0,246,17,41,0,0
0,247,17,42,0,0
0,1,8,0,1,0
0,2,8,1,1,0
0,3,8,4,1,0
0,4,8,10,1,0
0,5,8,10,1,0
0,6,8,14,1,0
0,7,8,15,1,0
0,8,8,16,1,0
0,9,8,16,1,0
0,10,8,17,1,6
0,11,8,19,1,0
0,12,8,20,1,0
0,13,8,25,1,0
0,14,8,27,1,0
0,15,8,31,1,0
0,16,8,31,1,0
0,17,8,31,1,0
0,18,8,33,1,0
0,19,8,34,1,0
0,20,8,35,1,22
0,21,8,38,1,0
0,22,8,38,1,0
0,23,8,43,1,0
0,24,8,45,1,0
0,25,8,45,1,62
0,26,8,46,1,77
0,27,8,48,1,0
0,28,8,49,1,25
0,29,8,49,1,59
0,30,8,51,1,55
0,31,8,52,1,177
0,32,8,55,1,29
1,33,8,55,1,180
1,34,8,57,1,135
0,35,8,59,1,33
1,36,8,59,1,27
0,37,9,0,1,0
0,38,9,4,1,0
0,39,9,5,1,0
0,40,9,7,1,0
0,41,9,8,1,6
0,42,9,9,1,0
0,43,9,13,1,0
0,44,9,15,1,0
0,45,9,15,1,0
0,46,9,16,1,35
0,47,9,20,1,50
1,48,9,20,1,95
0,49,9,25,1,0
0,50,9,29,1,0
0,51,9,30,1,45
0,52,9,34,1,0
0,53,9,35,1,0
0,54,9,37,1,0
0,55,9,40,1,0
0,56,9,46,1,0
0,57,9,48,1,0
0,58,9,50,1,0
0,59,9,54,1,0
0,60,9,55,1,0
0,61,9,57,1,0
0,62,10,3,1,0
0,63,10,20,1,0
0,64,10,21,1,0
0,65,10,22,1,0
0,66,10,26,1,0
0,67,10,32,1,0
0,68,10,34,1,0
0,69,10,34,1,0
0,70,10,41,1,0
0,71,10,41,1,0
0,72,10,58,1,0
0,73,10,58,1,0
0,74,11,1,1,0
0,75,11,2,1,0
0,76,11,3,1,0
0,77,11,9,1,0
0,78,11,11,1,0
0,79,11,11,1,0
0,80,11,14,1,0
0,81,11,18,1,0
0,82,11,24,1,0
0,83,11,29,1,0
0,84,11,30,1,0
0,85,11,31,1,0
0,86,11,31,1,0
0,87,11,33,1,0
0,88,11,38,1,0
0,89,11,43,1,0
0,90,11,46,1,0
0,91,11,46,1,0
0,92,11,48,1,0
0,93,11,48,1,0
0,94,11,52,1,0
0,95,11,54,1,0
0,96,11,54,1,0
0,97,11,55,1,0
0,98,11,59,1,0
0,99,11,59,1,0
0,100,12,0,1,0
0,101,12,0,1,0
0,102,12,2,1,0
0,103,12,5,1,0
0,104,12,7,1,0
0,105,12,9,1,0
0,106,12,11,1,0
0,107,12,13,1,0
0,108,12,15,1,0
0,109,12,16,1,0
0,110,12,19,1,0
0,111,12,19,1,0
0,112,12,20,1,178
1,113,12,22,1,134
0,114,12,34,1,0
0,115,12,37,1,0
0,116,12,38,1,0
0,117,12,39,1,0
0,118,12,41,1,0
0,119,12,41,1,0
0,120,12,42,1,0
0,121,12,48,1,0
0,122,12,49,1,0
0,123,12,50,1,0
0,124,12,50,1,0
0,125,12,57,1,0
0,126,12,58,1,0
0,127,13,6,1,0
0,128,13,7,1,0
0,129,13,10,1,0
0,130,13,11,1,0
0,131,13,14,1,0
0,132,13,14,1,0
0,133,13,16,1,0
0,134,13,19,1,0
0,135,13,22,1,0
0,136,13,27,1,0
0,137,13,32,1,0
0,138,13,35,1,0
0,139,13,45,1,0
0,140,13,53,1,0
0,141,13,58,1,0
0,142,13,58,1,0
0,143,14,2,1,0
0,144,14,4,1,0
0,145,14,7,1,0
0,146,14,8,1,0
0,147,14,11,1,0
0,148,14,12,1,0
0,149,14,14,1,0
0,150,14,16,1,0
0,151,14,17,1,0
0,152,14,18,1,0
0,153,14,18,1,0
0,154,14,19,1,0
0,155,14,41,1,0
0,156,14,42,1,0
0,157,14,42,1,0
0,158,14,45,1,0
0,159,14,47,1,0
0,160,14,47,1,0
0,161,14,48,1,0
0,162,14,54,1,0
0,163,14,54,1,0
0,164,14,58,1,0
0,165,15,1,1,0
0,166,15,7,1,0
0,167,15,8,1,0
0,168,15,15,1,0
0,169,15,15,1,0
0,170,15,18,1,0
0,171,15,18,1,0
0,172,15,18,1,131
1,173,15,20,1,64
2,174,15,20,1,218
1,175,15,23,1,89
1,176,15,24,1,122
0,177,15,27,1,0
0,178,15,43,1,0
0,179,15,44,1,0
0,180,15,46,1,0
0,181,15,48,1,0
0,182,15,57,1,0
0,183,15,58,1,0
0,184,16,0,1,0
0,185,16,1,1,0
0,186,16,12,1,0
0,187,16,15,1,0
0,188,16,22,1,0
0,189,16,23,1,0
0,190,16,26,1,0
0,191,16,28,1,0
0,192,16,31,1,0
0,193,16,33,1,0
0,194,16,34,1,0
0,195,16,35,1,90
0,196,16,41,1,0
0,197,16,43,1,0
0,198,16,43,1,0
0,199,16,46,1,0
0,200,16,46,1,43
0,201,16,48,1,0
0,202,16,52,1,0
0,203,16,58,1,0
0,204,16,59,1,0
0,205,17,0,1,0
0,206,17,1,1,0
0,207,17,1,1,0
0,208,17,2,1,0
0,209,17,5,1,0
0,210,17,6,1,0
0,211,17,12,1,0
0,212,17,12,1,0
0,213,17,12,1,0
0,214,17,15,1,0
0,215,17,18,1,0
0,216,17,19,1,0
0,217,17,22,1,0
0,218,17,34,1,0
0,219,17,35,1,0
0,220,17,38,1,0
0,221,17,38,1,0
0,222,17,42,1,0
0,223,17,43,1,0
0,224,17,47,1,0
0,225,17,48,1,0
0,1,8,0,2,0
0,2,8,0,2,0
0,3,8,2,2,0
0,4,8,2,2,0
0,5,8,5,2,0
0,6,8,5,2,0
0,7,8,8,2,0
0,8,8,8,2,0
0,9,8,14,2,0
0,10,8,19,2,0
0,11,8,20,2,0
0,12,8,21,2,0
0,13,8,28,2,0
0,14,8,30,2,0
0,15,8,30,2,0
0,16,8,38,2,0
0,17,8,39,2,0
0,18,8,39,2,0
0,19,8,40,2,0
0,20,8,43,2,0
0,21,8,45,2,0
0,22,8,46,2,0
0,23,8,50,2,0
0,24,8,53,2,0
0,25,8,54,2,0
0,26,8,58,2,0
0,27,9,0,2,0
0,28,9,2,2,0
0,29,9,14,2,0
0,30,9,15,2,0
0,31,9,15,2,48
0,32,9,19,2,0
0,33,9,25,2,0
0,34,9,32,2,0
0,35,9,33,2,0
0,36,9,40,2,0
0,37,9,40,2,0
0,38,9,41,2,0
0,39,9,44,2,9
0,40,9,45,2,1
0,41,9,45,2,38
0,42,9,46,2,56
0,43,9,48,2,41
1,44,9,49,2,317
1,45,9,49,2,392
2,46,9,53,2,422
0,47,10,5,2,0
0,48,10,6,2,0
0,49,10,8,2,0
0,50,10,11,2,0
0,51,10,12,2,0
0,52,10,20,2,0
0,53,10,20,2,0
0,54,10,21,2,0
0,55,10,26,2,0
0,56,10,27,2,0
0,57,10,44,2,0
0,58,10,51,2,0
0,59,10,54,2,0
0,60,10,55,2,0
0,61,10,56,2,0
0,62,10,58,2,0
0,63,10,58,2,0
0,64,11,0,2,0
0,65,11,2,2,0
0,66,11,3,2,0
0,67,11,8,2,0
0,68,11,9,2,0
0,69,11,10,2,0
0,70,11,10,2,0
0,71,11,12,2,0
0,72,11,14,2,0
0,73,11,16,2,0
0,74,11,18,2,0
0,75,11,20,2,0
0,76,11,20,2,0
0,77,11,22,2,0
0,78,11,28,2,0
0,79,11,33,2,0
0,80,11,36,2,0
0,81,11,37,2,0
0,82,11,38,2,0
0,83,11,39,2,0
0,84,11,41,2,0
0,85,11,44,2,0
0,86,11,48,2,0
0,87,11,55,2,0
0,88,11,57,2,0
0,89,11,59,2,0
0,90,12,3,2,0
0,91,12,6,2,0
0,92,12,6,2,0
0,93,12,7,2,0
0,94,12,10,2,0
0,95,12,13,2,0
0,96,12,13,2,0
0,97,12,14,2,0
0,98,12,16,2,0
0,99,12,18,2,0
0,100,12,19,2,0
0,101,12,19,2,0
0,102,12,22,2,0
0,103,12,24,2,0
0,104,12,28,2,0
0,105,12,28,2,0
0,106,12,29,2,0
0,107,12,30,2,0
0,108,12,30,2,0
0,109,12,33,2,0
0,110,12,37,2,0
0,111,12,39,2,0
0,112,12,40,2,0
0,113,12,41,2,186
0,114,12,45,2,83
1,115,12,45,2,123
2,116,12,46,2,126
0,117,12,49,2,0
0,118,12,52,2,0
0,119,12,53,2,0
0,120,12,53,2,0
0,121,12,56,2,0
0,122,12,57,2,0
0,123,12,58,2,0
0,124,13,1,2,0
0,125,13,2,2,0
0,126,13,14,2,0
0,127,13,18,2,0
0,128,13,27,2,0
0,129,13,42,2,0
0,130,13,44,2,0
0,131,13,49,2,0
0,132,13,51,2,0
0,133,13,51,2,0
0,134,13,52,2,0
0,135,13,53,2,0
0,136,13,55,2,10
0,137,13,59,2,0
0,138,14,2,2,0
0,139,14,2,2,90
0,140,14,6,2,327
1,141,14,8,2,227
0,142,14,13,2,3
0,143,14,18,2,0
0,144,14,19,2,0
0,145,14,22,2,0
0,146,14,26,2,0
0,147,14,29,2,0
0,148,14,32,2,0
0,149,14,35,2,0
0,150,14,44,2,0
0,151,14,46,2,0
0,152,14,46,2,0
0,153,14,48,2,0
0,154,14,48,2,28
0,155,14,49,2,0
0,156,14,52,2,0
0,157,14,55,2,0
0,158,15,5,2,0
0,159,15,6,2,0
0,160,15,8,2,0
0,161,15,13,2,0
0,162,15,14,2,0
0,163,15,21,2,0
0,164,15,24,2,0
0,165,15,25,2,0
0,166,15,25,2,0
0,167,15,26,2,0
0,168,15,29,2,0
0,169,15,31,2,0
0,170,15,31,2,0
0,171,15,32,2,15
0,172,15,37,2,0
0,173,15,39,2,0
0,174,15,40,2,66
0,175,15,41,2,24
1,176,15,41,2,25
0,177,15,43,2,0
0,178,15,50,2,0
0,179,15,50,2,0
0,180,15,50,2,0
0,181,16,4,2,0
0,182,16,6,2,0
0,183,16,7,2,0
0,184,16,7,2,0
0,185,16,10,2,0
0,186,16,11,2,0
0,187,16,12,2,0
0,188,16,18,2,0
0,189,16,21,2,0
0,190,16,23,2,0
0,191,16,23,2,0
0,192,16,25,2,0
0,193,16,26,2,0
0,194,16,27,2,0
0,195,16,27,2,0
0,196,16,28,2,0
0,197,16,31,2,0
0,198,16,34,2,0
0,199,16,35,2,0
0,200,16,44,2,0
0,201,16,57,2,0
0,202,17,0,2,0
0,203,17,4,2,0
0,204,17,6,2,0
0,205,17,7,2,0
0,206,17,12,2,0
0,207,17,13,2,0
0,208,17,14,2,0
0,209,17,16,2,0
0,210,17,17,2,0
0,211,17,25,2,0
0,212,17,27,2,0
0,213,17,28,2,0
0,214,17,30,2,0
0,215,17,31,2,0
0,216,17,38,2,0
0,217,17,39,2,0
0,218,17,42,2,0
0,219,17,43,2,0
0,220,17,47,2,0
0,221,17,48,2,0
0,222,17,50,2,0
0,223,17,50,2,0
0,1,8,0,3,0
0,2,8,2,3,0
0,3,8,2,3,0
0,4,8,3,3,0
0,5,8,4,3,0
0,6,8,14,3,0
0,7,8,14,3,0
0,8,8,20,3,0
0,9,8,20,3,0
0,10,8,22,3,0
0,11,8,27,3,0
0,12,8,27,3,0
0,13,8,32,3,0
0,14,8,32,3,0
0,15,8,32,3,0
0,16,8,34,3,0
0,17,8,36,3,0
0,18,8,37,3,0
0,19,8,40,3,0
0,20,8,40,3,0
0,21,8,49,3,0
0,22,8,51,3,0
0,23,8,53,3,0
0,24,8,54,3,0
0,25,8,59,3,0
0,26,9,0,3,0
0,27,9,1,3,0
0,28,9,3,3,0
0,29,9,13,3,0
0,30,9,13,3,0
0,31,9,14,3,0
0,32,9,14,3,0
0,33,9,15,3,74
1,34,9,15,3,101
0,35,9,23,3,0
0,36,9,30,3,0
0,37,9,31,3,0
0,38,9,37,3,0
0,39,9,40,3,0
0,40,9,42,3,0
0,41,9,46,3,0
0,42,9,46,3,0
0,43,9,49,3,0
0,44,9,50,3,0
0,45,9,51,3,0
0,46,9,55,3,0
0,47,9,59,3,0
0,48,10,2,3,0
0,49,10,6,3,0
0,50,10,6,3,0
0,51,10,6,3,0
0,52,10,7,3,0
0,53,10,14,3,0
0,54,10,22,3,0
0,55,10,22,3,0
0,56,10,23,3,0
0,57,10,24,3,0
0,58,10,26,3,0
0,59,10,28,3,0
0,60,10,32,3,0
0,61,10,33,3,0
0,62,10,40,3,0
0,63,10,41,3,0
0,64,10,42,3,0
0,65,10,50,3,0
0,66,10,51,3,0
0,67,10,56,3,0
0,68,10,59,3,0
0,69,11,0,3,0
0,70,11,1,3,28
0,71,11,2,3,92
0,72,11,5,3,109
1,73,11,6,3,137
1,74,11,7,3,233
1,75,11,10,3,296
2,76,11,10,3,327
0,77,11,20,3,32
0,78,11,21,3,0
0,79,11,22,3,111
0,80,11,24,3,0
0,81,11,26,3,0
0,82,11,31,3,0
0,83,11,38,3,0
0,84,11,39,3,0
0,85,11,41,3,0
0,86,11,44,3,0
0,87,11,49,3,0
0,88,11,53,3,0
0,89,11,55,3,0
0,90,11,55,3,0
0,91,12,3,3,0
0,92,12,6,3,0
0,93,12,7,3,0
0,94,12,8,3,0
0,95,12,11,3,0
0,96,12,15,3,0
0,97,12,16,3,0
0,98,12,18,3,0
0,99,12,18,3,0
0,100,12,19,3,0
0,101,12,21,3,0
0,102,12,22,3,0
0,103,12,24,3,0
0,104,12,25,3,27
0,105,12,27,3,0
0,106,12,30,3,0
0,107,12,34,3,0
0,108,12,34,3,0
0,109,12,35,3,0
0,110,12,35,3,0
0,111,12,37,3,0
0,112,12,44,3,0
0,113,12,46,3,0
0,114,12,50,3,0
0,115,12,52,3,0
0,116,12,53,3,0
0,117,12,55,3,0
0,118,12,55,3,0
0,119,12,56,3,0
0,120,12,56,3,160
1,121,12,57,3,195
2,122,12,58,3,364
3,123,12,58,3,356
3,124,13,0,3,409
3,125,13,1,3,525
4,126,13,3,3,474
3,127,13,6,3,369
2,128,13,10,3,216
3,129,13,11,3,192
4,130,13,11,3,185
2,131,13,14,3,548
1,132,13,15,3,483
2,133,13,16,3,503
3,134,13,16,3,593
4,135,13,22,3,296
5,136,13,22,3,375
4,137,13,24,3,409
3,138,13,26,3,492
2,139,13,29,3,362
3,140,13,30,3,432
3,141,13,33,3,244
0,142,13,38,3,198
1,143,13,39,3,214
2,144,13,39,3,231
0,145,13,44,3,0
0,146,13,46,3,0
0,147,13,47,3,0
0,148,13,48,3,9
0,149,13,50,3,0
0,150,13,51,3,12
0,151,13,56,3,0
0,152,14,0,3,0
0,153,14,4,3,0
0,154,14,5,3,0
0,155,14,8,3,0
0,156,14,10,3,0
0,157,14,10,3,0
0,158,14,10,3,0
0,159,14,11,3,0
0,160,14,14,3,0
0,161,14,17,3,0
0,162,14,20,3,0
0,163,14,20,3,0
0,164,14,22,3,0
0,165,14,22,3,0
0,166,14,24,3,0
0,167,14,24,3,0
0,168,14,25,3,0
0,169,14,32,3,0
0,170,14,33,3,0
0,171,14,39,3,0
0,172,14,39,3,0
0,173,14,44,3,0
0,174,14,44,3,0
0,175,14,46,3,0
0,176,14,59,3,0
0,177,15,4,3,0
0,178,15,8,3,0
0,179,15,11,3,0
0,180,15,11,3,0
0,181,15,12,3,0
0,182,15,13,3,0
0,183,15,16,3,0
0,184,15,18,3,0
0,185,15,18,3,0
0,186,15,19,3,0
0,187,15,25,3,0
0,188,15,29,3,0
0,189,15,36,3,0
0,190,15,37,3,0
0,191,15,38,3,0
0,192,15,50,3,0
0,193,15,52,3,0
0,194,15,54,3,0
0,195,15,57,3,0
0,196,15,57,3,0
0,197,15,59,3,0
0,198,16,1,3,0
0,199,16,2,3,0
0,200,16,3,3,112
0,201,16,6,3,0
0,202,16,8,3,20
1,203,16,8,3,293
1,204,16,9,3,406
2,205,16,10,3,577
3,206,16,11,3,701
4,207,16,12,3,674
3,208,16,17,3,492
4,209,16,17,3,581
5,210,16,17,3,673
5,211,16,20,3,664
6,212,16,21,3,599
5,213,16,25,3,542
4,214,16,28,3,440
3,215,16,31,3,250
0,216,16,40,3,0
0,217,16,46,3,0
0,218,16,48,3,0
0,219,16,52,3,0
0,220,16,55,3,0
0,221,17,1,3,0
0,222,17,4,3,0
0,223,17,7,3,0
0,224,17,15,3,0
0,225,17,16,3,0
0,226,17,16,3,0
0,227,17,18,3,0
0,228,17,18,3,0
0,229,17,23,3,0
0,230,17,29,3,0
0,231,17,29,3,0
0,232,17,29,3,0
0,233,17,35,3,0
0,234,17,40,3,0
0,235,17,42,3,0
0,236,17,42,3,0
0,237,17,44,3,0
0,238,17,44,3,0
0,240,17,51,3,0
0,242,17,56,3,0
0,1,8,0,4,0
0,2,8,0,4,0
0,3,8,1,4,0
0,4,8,1,4,0
0,5,8,4,4,0
0,6,8,5,4,0
0,7,8,5,4,0
0,8,8,5,4,0
0,9,8,7,4,0
0,10,8,7,4,107
0,11,8,11,4,0
0,12,8,15,4,0
0,13,8,15,4,107
1,14,8,17,4,57
1,15,8,17,4,71
0,16,8,19,4,128
0,17,8,27,4,0
0,18,8,28,4,0
0,19,8,30,4,0
0,20,8,34,4,0
0,21,8,34,4,0
0,22,8,34,4,0
0,23,8,38,4,0
0,24,8,39,4,0
0,25,8,40,4,0
0,26,8,40,4,0
0,27,8,40,4,0
0,28,8,45,4,0
0,29,8,47,4,0
0,30,8,51,4,0
0,31,8,52,4,0
0,32,8,58,4,0
0,33,9,1,4,0
0,34,9,3,4,15
0,35,9,3,4,90
0,36,9,5,4,9
0,37,9,6,4,5
0,38,9,10,4,0
0,39,9,11,4,0
0,40,9,11,4,4
0,41,9,14,4,0
0,42,9,15,4,0
0,43,9,15,4,13
0,44,9,17,4,0
0,45,9,18,4,0
0,46,9,19,4,0
0,47,9,25,4,0
0,48,9,28,4,0
0,49,9,34,4,0
0,50,9,35,4,0
0,51,9,35,4,0
0,52,9,35,4,0
0,53,9,37,4,0
0,54,9,55,4,0
0,55,9,58,4,0
0,56,10,1,4,0
0,57,10,5,4,0
0,58,10,5,4,0
0,59,10,5,4,0
0,60,10,6,4,23
0,61,10,9,4,0
0,62,10,12,4,0
0,63,10,22,4,0
0,64,10,27,4,0
0,65,10,28,4,0
0,66,10,31,4,0
0,67,10,32,4,0
0,68,10,35,4,0
0,69,10,41,4,0
0,70,10,43,4,0
0,71,10,47,4,0
0,72,10,47,4,0
0,73,10,50,4,0
0,74,10,55,4,0
0,75,10,56,4,0
0,76,11,1,4,0
0,77,11,5,4,0
0,78,11,5,4,0
0,79,11,7,4,0
0,80,11,10,4,0
0,81,11,11,4,0
0,82,11,15,4,0
0,83,11,16,4,0
0,84,11,16,4,15
0,85,11,17,4,229
1,86,11,19,4,162
2,87,11,20,4,236
2,88,11,22,4,141
2,89,11,22,4,213
3,90,11,23,4,304
0,91,11,28,4,17
0,92,11,30,4,153
0,93,11,36,4,0
0,94,11,36,4,90
0,95,11,38,4,0
0,96,11,43,4,0
0,97,11,48,4,0
0,98,11,49,4,0
0,99,11,53,4,0
0,100,11,54,4,0
0,101,11,57,4,0
0,102,11,58,4,0
0,103,12,0,4,0
0,104,12,1,4,0
0,105,12,1,4,170
1,106,12,3,4,127
0,107,12,6,4,0
0,108,12,6,4,85
0,109,12,8,4,79
0,110,12,18,4,0
0,111,12,22,4,0
0,112,12,23,4,0
0,113,12,23,4,0
0,114,12,24,4,74
1,115,12,25,4,108
0,116,12,30,4,0
0,117,12,35,4,0
0,118,12,38,4,0
0,119,12,39,4,0
0,120,12,40,4,0
0,121,12,42,4,0
0,122,12,45,4,0
0,123,12,45,4,0
0,124,12,47,4,4
0,125,12,50,4,0
0,126,12,51,4,0
0,127,12,53,4,0
0,128,12,59,4,0
0,129,13,0,4,0
0,130,13,2,4,0
0,131,13,2,4,110
1,132,13,2,4,129
2,133,13,2,4,156
0,134,13,7,4,0
0,135,13,7,4,0
0,136,13,9,4,0
0,137,13,12,4,0
0,138,13,13,4,0
0,139,13,15,4,0
0,140,13,16,4,0
0,141,13,17,4,0
0,142,13,17,4,400
1,143,13,18,4,378
2,144,13,19,4,396
3,145,13,20,4,351
0,146,13,27,4,0
0,147,13,30,4,0
0,148,13,33,4,0
0,149,13,35,4,0
0,150,13,39,4,0
0,151,13,42,4,0
0,152,13,43,4,0
0,153,13,43,4,361
1,154,13,43,4,535
1,155,13,50,4,106
2,156,13,51,4,84
0,157,13,54,4,0
0,158,13,57,4,0
0,159,13,59,4,0
0,160,14,4,4,0
0,161,14,6,4,0
0,162,14,7,4,0
0,163,14,8,4,0
0,164,14,10,4,0
0,165,14,12,4,0
0,166,14,12,4,32
0,167,14,14,4,0
0,168,14,14,4,48
0,169,14,16,4,41
1,170,14,17,4,287
1,171,14,20,4,245
2,172,14,20,4,230
2,173,14,23,4,206
1,174,14,25,4,128
0,175,14,29,4,0
0,176,14,40,4,0
0,177,14,43,4,0
0,178,14,43,4,0
0,179,14,43,4,0
0,180,14,45,4,0
0,181,14,47,4,0
0,182,14,49,4,0
0,183,14,52,4,0
0,184,14,53,4,0
0,185,14,57,4,0
0,186,14,58,4,0
0,187,15,0,4,0
0,188,15,3,4,0
0,189,15,11,4,0
0,190,15,17,4,0
0,191,15,25,4,0
0,192,15,25,4,0
0,193,15,26,4,0
0,194,15,33,4,0
0,195,15,35,4,0
0,196,15,41,4,0
0,197,15,46,4,0
0,198,15,46,4,0
0,199,15,49,4,0
0,200,15,54,4,0
0,201,15,54,4,0
0,202,15,55,4,0
0,203,15,57,4,0
0,204,15,58,4,79
0,205,16,3,4,138
1,206,16,5,4,219
1,207,16,8,4,53
0,208,16,14,4,0
0,209,16,19,4,0
0,210,16,20,4,0
0,211,16,20,4,0
0,212,16,20,4,0
0,213,16,22,4,0
0,214,16,23,4,0
0,215,16,24,4,0
0,216,16,25,4,0
0,217,16,33,4,0
0,218,16,34,4,0
0,219,16,35,4,0
0,220,16,35,4,0
0,221,16,36,4,60
1,222,16,37,4,106
1,223,16,37,4,99
2,224,16,38,4,103
0,225,16,40,4,71
1,226,16,40,4,239
1,227,16,42,4,243
2,228,16,42,4,250
3,229,16,43,4,230
3,230,16,45,4,164
4,231,16,45,4,215
0,232,16,50,4,0
0,233,16,50,4,16
0,234,16,54,4,0
0,235,16,59,4,0
0,236,17,0,4,0
0,237,17,2,4,0
0,238,17,6,4,0
0,239,17,12,4,0
0,240,17,19,4,0
0,241,17,19,4,0
0,242,17,28,4,0
0,243,17,31,4,0
0,244,17,36,4,0
0,245,17,39,4,0
0,246,17,41,4,0
0,247,17,49,4,0
0,248,17,49,4,0
0,1,8,0,0,0
0,2,8,1,0,0
0,3,8,3,0,0
0,4,8,5,0,0
0,5,8,9,0,0
0,6,8,10,0,0
0,7,8,12,0,0
0,8,8,15,0,0
0,9,8,17,0,0
0,10,8,18,0,0
0,11,8,20,0,0
0,12,8,23,0,0
0,13,8,31,0,0
0,14,8,32,0,0
0,15,8,34,0,0
0,16,8,37,0,0
0,17,8,38,0,19
0,18,8,39,0,12
1,19,8,39,0,121
0,20,8,44,0,0
0,21,8,45,0,0
0,22,8,47,0,0
0,23,8,47,0,10
1,24,8,47,0,56
0,25,8,48,0,88
0,26,8,51,0,245
1,27,8,51,0,233
2,28,8,52,0,260
3,29,8,54,0,184
4,30,8,54,0,176
5,31,8,55,0,156
4,32,8,56,0,125
5,33,8,56,0,211
0,34,9,1,0,0
0,35,9,2,0,0
0,36,9,5,0,0
0,37,9,11,0,0
0,38,9,14,0,0
0,39,9,17,0,0
0,40,9,18,0,0
0,41,9,21,0,0
0,42,9,22,0,0
0,43,9,24,0,0
0,44,9,25,0,0
0,45,9,26,0,0
0,46,9,26,0,0
0,47,9,31,0,0
0,48,9,34,0,0
0,49,9,36,0,0
0,50,9,37,0,35
0,51,9,42,0,0
0,52,9,43,0,0
0,53,9,49,0,0
0,54,9,49,0,0
0,55,9,51,0,0
0,56,9,52,0,0
0,57,9,54,0,20
0,58,9,56,0,83
1,59,9,57,0,101
0,60,10,2,0,0
0,61,10,2,0,0
0,62,10,4,0,0
0,63,10,5,0,0
0,64,10,7,0,0
0,65,10,7,0,120
0,66,10,11,0,0
0,67,10,11,0,0
0,68,10,11,0,0
0,69,10,14,0,83
0,70,10,18,0,0
0,71,10,18,0,0
0,72,10,19,0,0
0,73,10,32,0,0
0,74,10,33,0,0
0,75,10,33,0,0
0,76,10,34,0,0
0,77,10,35,0,38
0,78,10,38,0,0
0,79,10,41,0,0
0,80,10,45,0,0
0,81,10,45,0,0
0,82,10,46,0,0
0,83,10,50,0,0
0,84,10,52,0,0
0,85,10,53,0,0
0,86,10,55,0,0
0,87,10,57,0,0
0,88,11,2,0,0
0,89,11,5,0,0
0,90,11,5,0,0
0,91,11,7,0,0
0,92,11,10,0,0
0,93,11,11,0,0
0,94,11,14,0,0
0,95,11,16,0,0
0,96,11,16,0,0
0,97,11,16,0,0
0,98,11,16,0,0
0,99,11,17,0,0
0,100,11,18,0,0
0,101,11,20,0,0
0,102,11,23,0,0
0,103,11,25,0,0
0,104,11,25,0,0
0,105,11,30,0,0
0,106,11,33,0,0
0,107,11,34,0,0
0,108,11,38,0,0
0,109,11,44,0,0
0,110,11,44,0,0
0,111,11,45,0,0
0,112,11,45,0,0
0,113,11,45,0,17
0,114,11,55,0,0
0,115,11,58,0,0
0,116,12,1,0,0
0,117,12,12,0,0
0,118,12,12,0,0
0,119,12,13,0,0
0,120,12,17,0,0
0,121,12,18,0,0
0,122,12,18,0,0
0,123,12,19,0,0
0,124,12,19,0,0
0,125,12,21,0,0
0,126,12,24,0,0
0,127,12,24,0,0
0,128,12,26,0,0
0,129,12,28,0,0
0,130,12,32,0,0
0,131,12,33,0,0
0,132,12,33,0,0
0,133,12,41,0,0
0,134,12,45,0,0
0,135,12,48,0,0
0,136,12,50,0,0
0,137,12,54,0,0
0,138,12,57,0,0
0,139,13,0,0,0
0,140,13,4,0,0
0,141,13,4,0,0
0,142,13,8,0,0
0,143,13,9,0,0
0,144,13,15,0,0
0,145,13,17,0,0
0,146,13,18,0,0
0,147,13,19,0,0
0,148,13,22,0,0
0,149,13,22,0,61
0,150,13,25,0,0
0,151,13,25,0,2
0,152,13,27,0,0
0,153,13,28,0,14
0,154,13,35,0,0
0,155,13,35,0,0
0,156,13,37,0,0
0,157,13,37,0,0
0,158,13,38,0,0
0,159,13,41,0,0
0,160,13,42,0,0
0,161,13,48,0,0
0,162,13,50,0,0
0,163,13,52,0,0
0,164,13,54,0,0
0,165,13,55,0,0
0,166,13,55,0,0
0,167,13,58,0,0
0,168,14,0,0,0
0,169,14,2,0,0
0,170,14,3,0,0
0,171,14,4,0,141
0,172,14,7,0,175
1,173,14,9,0,290
2,174,14,10,0,254
2,175,14,11,0,194
3,176,14,13,0,154
1,177,14,15,0,89
2,178,14,16,0,43
0,179,14,20,0,0
0,180,14,24,0,0
0,181,14,30,0,0
0,182,14,30,0,0
0,183,14,34,0,0
0,184,14,34,0,0
0,185,14,35,0,0
0,186,14,43,0,0
0,187,14,44,0,0
0,188,14,48,0,0
0,189,14,55,0,0
0,190,14,56,0,0
0,191,15,1,0,0
0,192,15,3,0,0
0,193,15,8,0,0
0,194,15,10,0,0
0,195,15,13,0,0
0,196,15,13,0,0
0,197,15,18,0,0
0,198,15,21,0,0
0,199,15,24,0,0
0,200,15,25,0,0
0,201,15,26,0,0
0,202,15,29,0,52
1,203,15,30,0,216
1,204,15,32,0,129
1,205,15,34,0,146
1,206,15,34,0,134
2,207,15,35,0,129
0,208,15,41,0,0
0,209,15,42,0,0
0,210,15,44,0,0
0,211,15,45,0,0
0,212,15,48,0,0
0,213,15,49,0,0
0,214,15,50,0,0
0,215,15,56,0,0
0,216,16,2,0,0
0,217,16,2,0,0
0,218,16,3,0,0
0,219,16,5,0,0
0,220,16,5,0,0
0,221,16,8,0,0
0,222,16,8,0,0
0,223,16,10,0,0
0,224,16,12,0,0
0,225,16,14,0,0
0,226,16,15,0,0
0,227,16,17,0,0
0,228,16,24,0,0
0,229,16,24,0,0
0,230,16,28,0,0
0,231,16,30,0,0
0,232,16,32,0,0
0,233,16,33,0,0
0,234,16,33,0,0
0,235,16,35,0,0
0,236,16,42,0,0
0,237,16,45,0,0
0,238,16,46,0,0
0,239,16,51,0,0
0,240,16,52,0,0
0,241,16,52,0,0
0,242,16,52,0,0
0,243,16,57,0,0
0,244,16,58,0,0
0,245,17,0,0,0
0,246,17,2,0,0
0,247,17,7,0,0
0,248,17,8,0,0
0,249,17,9,0,0
0,250,17,18,0,0
0,251,17,19,0,0
0,252,17,21,0,0
0,253,17,22,0,0
0,254,17,26,0,0
0,255,17,37,0,0
0,256,17,40,0,0
0,257,17,46,0,0
0,258,17,46,0,0
0,259,17,47,0,0
0,260,17,48,0,0
0,261,17,49,0,0
0,262,17,55,0,0
0,1,8,0,1,0
0,2,8,8,1,0
0,3,8,10,1,0
0,4,8,12,1,0
0,5,8,12,1,0
0,6,8,19,1,0
0,7,8,20,1,0
0,8,8,21,1,48
0,9,8,23,1,0
0,10,8,25,1,0
0,11,8,31,1,0
0,12,8,34,1,0
0,13,8,36,1,0
0,14,8,42,1,0
0,15,8,44,1,0
0,16,8,47,1,0
0,17,8,48,1,0
0,18,8,54,1,0
0,19,9,0,1,0
0,20,9,1,1,0
0,21,9,3,1,0
0,22,9,3,1,0
0,23,9,12,1,0
0,24,9,15,1,0
0,25,9,16,1,0
0,26,9,22,1,0
0,27,9,22,1,0
0,28,9,26,1,0
0,29,9,29,1,0
0,30,9,30,1,0
0,31,9,32,1,0
0,32,9,36,1,0
0,33,9,36,1,0
0,34,9,37,1,0
0,35,9,51,1,0
0,36,9,52,1,0
0,37,9,56,1,0
0,38,9,57,1,0
0,39,9,58,1,0
0,40,10,3,1,0
0,41,10,3,1,0
0,42,10,7,1,0
0,43,10,7,1,0
0,44,10,8,1,0
0,45,10,11,1,0
0,46,10,14,1,0
0,47,10,16,1,0
0,48,10,20,1,0
0,49,10,22,1,0
0,50,10,25,1,0
0,51,10,27,1,0
0,52,10,28,1,0
0,53,10,35,1,0
0,54,10,36,1,0
0,55,10,38,1,0
0,56,10,39,1,0
0,57,10,41,1,0
0,58,10,44,1,0
0,59,10,49,1,0
0,60,10,50,1,0
0,61,10,51,1,0
0,62,10,53,1,0
0,63,10,54,1,0
0,64,10,56,1,0
0,65,10,57,1,0
0,66,10,58,1,8
0,67,11,0,1,0
0,68,11,3,1,0
0,69,11,6,1,0
0,70,11,7,1,0
0,71,11,8,1,0
0,72,11,11,1,0
0,73,11,12,1,0
0,74,11,19,1,0
0,75,11,20,1,0
0,76,11,25,1,0
0,77,11,25,1,0
0,78,11,26,1,0
0,79,11,33,1,0
0,80,11,33,1,0
0,81,11,33,1,0
0,82,11,34,1,0
0,83,11,37,1,0
0,84,11,40,1,0
0,85,11,44,1,0
0,86,11,46,1,0
0,87,11,46,1,0
0,88,11,48,1,0
0,89,11,49,1,0
0,90,11,51,1,21
0,91,11,52,1,0
0,92,11,53,1,0
0,93,11,54,1,66
0,94,12,3,1,0
0,95,12,6,1,0
0,96,12,11,1,0
0,97,12,11,1,0
0,98,12,11,1,0
0,99,12,17,1,0
0,100,12,18,1,0
0,101,12,20,1,0
0,102,12,21,1,0
0,103,12,24,1,0
0,104,12,26,1,0
0,105,12,30,1,0
0,106,12,33,1,0
0,107,12,36,1,0
0,108,12,38,1,0
0,109,12,40,1,0
0,110,12,44,1,0
0,111,12,47,1,0
0,112,12,48,1,0
0,113,12,48,1,0
0,114,12,51,1,0
0,115,12,52,1,0
0,116,12,56,1,0
0,117,13,2,1,0
0,118,13,8,1,0
0,119,13,9,1,0
0,120,13,10,1,0
0,121,13,12,1,0
0,122,13,13,1,0
0,123,13,15,1,0
0,124,13,16,1,0
0,125,13,20,1,0
0,126,13,21,1,0
0,127,13,22,1,0
0,128,13,22,1,141
0,129,13,25,1,44
0,130,13,28,1,0
0,131,13,31,1,0
0,132,13,35,1,0
0,133,13,35,1,0
0,134,13,36,1,0
0,135,13,40,1,0
0,136,13,46,1,0
0,137,13,52,1,0
0,138,13,57,1,0
0,139,13,57,1,0
0,140,14,0,1,0
0,141,14,3,1,0
0,142,14,3,1,0
0,143,14,5,1,0
0,144,14,5,1,37
0,145,14,8,1,0
0,146,14,8,1,417
1,147,14,10,1,445
2,148,14,10,1,625
3,149,14,11,1,565
2,150,14,19,1,228
0,151,14,25,1,80
1,152,14,25,1,118
2,153,14,25,1,164
0,154,14,29,1,0
0,155,14,33,1,59
0,156,14,37,1,0
0,157,14,42,1,0
0,158,14,43,1,0
0,159,14,43,1,0
0,160,14,44,1,0
0,161,14,44,1,0
0,162,14,45,1,32
1,163,14,45,1,90
1,164,14,46,1,133
1,165,14,47,1,125
2,166,14,48,1,153
1,167,14,49,1,123
1,168,14,51,1,65
0,169,14,57,1,0
0,170,15,1,1,0
0,171,15,1,1,0
0,172,15,2,1,0
0,173,15,2,1,0
0,174,15,5,1,0
0,175,15,9,1,0
0,176,15,10,1,0
0,177,15,20,1,0
0,178,15,20,1,0
0,179,15,20,1,0
0,180,15,20,1,0
0,181,15,26,1,0
0,182,15,28,1,0
0,183,15,29,1,0
0,184,15,31,1,0
0,185,15,32,1,60
0,186,15,34,1,57
0,187,15,35,1,52
0,188,15,37,1,238
1,189,15,40,1,202
2,190,15,40,1,206
2,191,15,42,1,253
1,192,15,46,1,31
0,193,15,47,1,38
0,194,15,50,1,0
0,195,15,51,1,0
0,196,15,52,1,0
0,197,15,54,1,0
0,198,15,57,1,0
0,199,15,58,1,0
0,200,15,58,1,29
0,201,16,3,1,0
0,202,16,3,1,0
0,203,16,4,1,0
0,204,16,6,1,0
0,205,16,8,1,0
0,206,16,10,1,0
0,207,16,11,1,0
0,208,16,12,1,78
1,209,16,13,1,186
1,210,16,14,1,310
1,211,16,19,1,135
2,212,16,19,1,297
1,213,16,22,1,309
0,214,16,30,1,0
0,215,16,30,1,24
0,216,16,31,1,95
0,217,16,35,1,0
0,218,16,35,1,0
0,219,16,39,1,0
0,220,16,44,1,0
0,221,16,45,1,0
0,222,16,46,1,0
0,223,16,46,1,0
0,224,16,49,1,0
0,225,16,51,1,0
0,226,16,54,1,0
0,227,16,56,1,0
0,228,16,58,1,0
0,229,17,1,1,0
0,230,17,4,1,0
0,231,17,5,1,0
0,232,17,6,1,0
0,233,17,9,1,0
0,234,17,14,1,0
0,235,17,15,1,0
0,236,17,19,1,0
0,237,17,26,1,0
0,238,17,26,1,0
0,239,17,29,1,0
0,240,17,38,1,0
0,241,17,44,1,0
0,242,17,50,1,0
0,243,17,54,1,0
0,245,17,58,1,0
0,1,8,0,2,0
0,2,8,1,2,0
0,3,8,2,2,0
0,4,8,4,2,0
0,5,8,5,2,0
0,6,8,7,2,0
0,7,8,8,2,0
0,8,8,10,2,0
0,9,8,13,2,0
0,10,8,19,2,0
0,11,8,22,2,0
0,12,8,28,2,0
0,13,8,29,2,0
0,14,8,32,2,0
0,15,8,32,2,70
1,16,8,33,2,74
2,17,8,33,2,199
3,18,8,33,2,154
2,19,8,35,2,77
0,20,8,38,2,0
0,21,8,39,2,0
0,22,8,40,2,0
0,23,8,41,2,53
1,24,8,41,2,85
0,25,8,46,2,0
0,26,8,48,2,3
0,27,8,49,2,0
0,28,8,50,2,0
0,29,8,52,2,0
0,30,8,54,2,0
0,31,8,57,2,14
0,32,8,58,2,20
0,33,9,5,2,0
0,34,9,8,2,0
0,35,9,8,2,0
0,36,9,10,2,0
0,37,9,14,2,0
0,38,9,17,2,0
0,39,9,18,2,0
0,40,9,22,2,0
0,41,9,22,2,0
0,42,9,23,2,0
0,43,9,24,2,0
0,44,9,25,2,274
1,45,9,26,2,282
2,46,9,29,2,106
0,47,9,34,2,0
0,48,9,35,2,0
0,49,9,40,2,0
0,50,9,40,2,0
0,51,9,42,2,0
0,52,9,43,2,0
0,53,9,46,2,0
0,54,9,52,2,0
0,55,9,57,2,0
0,56,9,57,2,0
0,57,10,0,2,0
0,58,10,0,2,0
0,59,10,0,2,0
0,60,10,1,2,0
0,61,10,1,2,100
0,62,10,5,2,0
0,63,10,6,2,0
0,64,10,6,2,38
0,65,10,7,2,26
1,66,10,7,2,21
0,67,10,8,2,103
1,68,10,8,2,107
2,69,10,9,2,94
0,70,10,11,2,0
0,71,10,11,2,267
1,72,10,15,2,139
0,73,10,18,2,0
0,74,10,26,2,0
0,75,10,26,2,0
0,76,10,28,2,0
0,77,10,31,2,0
0,78,10,32,2,0
0,79,10,35,2,0
0,80,10,35,2,0
0,81,10,43,2,0
0,82,10,45,2,0
0,83,10,46,2,0
0,84,10,57,2,0
0,85,10,58,2,0
0,86,11,6,2,0
0,87,11,9,2,0
0,88,11,12,2,0
0,89,11,19,2,0
0,90,11,21,2,0
0,91,11,28,2,0
0,92,11,29,2,0
0,93,11,38,2,0
0,94,11,39,2,0
0,95,11,41,2,0
0,96,11,41,2,0
0,97,11,46,2,0
0,98,11,47,2,0
0,99,11,47,2,0
0,100,11,49,2,0
0,101,11,50,2,0
0,102,11,54,2,0
0,103,11,55,2,0
0,104,11,56,2,0
0,105,11,57,2,0
0,106,11,58,2,0
0,107,12,1,2,0
0,108,12,1,2,0
0,109,12,2,2,30
0,110,12,4,2,0
0,111,12,10,2,0
0,112,12,10,2,0
0,113,12,10,2,0
0,114,12,19,2,0
0,115,12,19,2,0
0,116,12,19,2,30
0,117,12,21,2,0
0,118,12,23,2,0
0,119,12,28,2,0
0,120,12,29,2,0
0,121,12,32,2,0
0,122,12,41,2,0
0,123,12,43,2,0
0,124,12,43,2,0
0,125,12,43,2,0
0,126,12,49,2,0
0,127,12,53,2,0
0,128,12,53,2,0
0,129,12,57,2,0
0,130,12,57,2,0
0,131,12,58,2,0
0,132,12,59,2,0
0,133,13,0,2,0
0,134,13,1,2,0
0,135,13,1,2,0
0,136,13,3,2,243
1,137,13,7,2,22
2,138,13,7,2,37
0,139,13,12,2,249
1,140,13,13,2,189
2,141,13,14,2,170
3,142,13,14,2,245
4,143,13,15,2,247
2,144,13,18,2,166
1,145,13,20,2,64
1,146,13,21,2,40
0,147,13,26,2,0
0,148,13,31,2,0
0,149,13,34,2,0
0,150,13,34,2,0
0,151,13,35,2,0
0,152,13,37,2,0
0,153,13,40,2,0
0,154,13,42,2,0
0,155,13,42,2,0
0,156,13,43,2,55
0,157,13,45,2,90
0,158,13,48,2,0
0,159,13,49,2,28
0,160,13,54,2,0
0,161,13,58,2,0
0,162,13,59,2,0
0,163,14,0,2,0
0,164,14,0,2,0
0,165,14,6,2,0
0,166,14,9,2,0
0,167,14,10,2,0
0,168,14,18,2,0
0,169,14,18,2,0
0,170,14,19,2,0
0,171,14,21,2,0
0,172,14,23,2,0
0,173,14,27,2,0
0,174,14,34,2,0
0,175,14,35,2,0
0,176,14,35,2,0
0,177,14,35,2,0
0,178,14,46,2,0
0,179,14,49,2,0
0,180,14,51,2,0
0,181,15,1,2,0
0,182,15,7,2,0
0,183,15,9,2,0
0,184,15,9,2,0
0,185,15,13,2,0
0,186,15,14,2,0
0,187,15,16,2,0
0,188,15,17,2,0
0,189,15,18,2,45
0,190,15,19,2,40
0,191,15,23,2,0
0,192,15,25,2,0
0,193,15,26,2,0
0,194,15,26,2,2
0,195,15,28,2,0
0,196,15,30,2,0
0,197,15,31,2,0
0,198,15,36,2,0
0,199,15,40,2,0
0,200,15,42,2,0
0,201,15,45,2,0
0,202,15,49,2,0
0,203,15,50,2,0
0,204,15,54,2,0
0,205,15,57,2,0
0,206,15,57,2,0
0,207,16,2,2,0
0,208,16,6,2,0
0,209,16,7,2,0
0,210,16,10,2,0
0,211,16,11,2,0
0,212,16,12,2,0
0,213,16,16,2,0
0,214,16,18,2,0
0,215,16,19,2,0
0,216,16,20,2,0
0,217,16,21,2,0
0,218,16,26,2,0
0,219,16,27,2,0
0,220,16,36,2,0
0,221,16,36,2,0
0,222,16,36,2,0
0,223,16,46,2,0
0,224,16,48,2,0
0,225,16,50,2,0
0,226,16,52,2,0
0,227,16,52,2,0
0,228,17,2,2,0
0,229,17,2,2,0
0,230,17,3,2,0
0,231,17,4,2,0
0,232,17,8,2,0
0,233,17,9,2,0
0,234,17,10,2,72
0,235,17,13,2,0
0,236,17,15,2,0
0,237,17,17,2,0
0,238,17,18,2,0
0,239,17,19,2,0
0,240,17,28,2,0
0,241,17,28,2,0
0,243,17,31,2,0
0,244,17,32,2,0
0,245,17,37,2,0
0,246,17,38,2,0
0,247,17,46,2,0
0,248,17,50,2,0
0,249,17,55,2,0
0,251,17,57,2,0
0,1,8,0,3,0
0,2,8,1,3,0
0,3,8,3,3,0
0,4,8,5,3,0
0,5,8,6,3,0
0,6,8,10,3,0
0,7,8,11,3,173
1,8,8,13,3,61
0,9,8,15,3,79
1,10,8,16,3,101
0,11,8,19,3,59
1,12,8,19,3,151
1,13,8,20,3,222
2,14,8,21,3,404
2,15,8,24,3,273
2,16,8,27,3,285
1,17,8,30,3,123
0,18,8,35,3,0
0,19,8,36,3,92
1,20,8,37,3,99
0,21,8,40,3,0
0,22,8,40,3,0
0,23,8,44,3,0
0,24,8,47,3,0
0,25,8,49,3,0
0,26,8,52,3,0
0,27,8,53,3,79
0,28,8,55,3,188
0,29,9,4,3,0
0,30,9,11,3,0
0,31,9,16,3,0
0,32,9,21,3,0
0,33,9,24,3,0
0,34,9,26,3,0
0,35,9,27,3,0
0,36,9,27,3,0
0,37,9,29,3,13
0,38,9,36,3,0
0,39,9,36,3,0
0,40,9,38,3,0
0,41,9,39,3,0
0,42,9,40,3,0
0,43,9,41,3,0
0,44,9,42,3,0
0,45,9,44,3,0
0,46,9,49,3,0
0,47,9,51,3,0
0,48,9,53,3,0
0,49,9,53,3,0
0,50,9,58,3,0
0,51,10,0,3,0
0,52,10,1,3,0
0,53,10,4,3,0
0,54,10,4,3,0
0,55,10,12,3,0
0,56,10,13,3,0
0,57,10,13,3,0
0,58,10,15,3,0
0,59,10,16,3,0
0,60,10,17,3,0
0,61,10,22,3,0
0,62,10,23,3,0
0,63,10,25,3,0
0,64,10,25,3,0
0,65,10,34,3,0
0,66,10,35,3,0
0,67,10,36,3,0
0,68,10,39,3,0
0,69,10,39,3,76
1,70,10,39,3,115
0,71,10,43,3,0
0,72,10,52,3,0
0,73,11,3,3,0
0,74,11,4,3,0
0,75,11,6,3,0
0,76,11,6,3,0
0,77,11,7,3,0
0,78,11,11,3,0
0,79,11,14,3,0
0,80,11,16,3,0
0,81,11,19,3,0
0,82,11,22,3,0
0,83,11,23,3,0
0,84,11,26,3,0
0,85,11,28,3,0
0,86,11,30,3,0
0,87,11,35,3,0
0,88,11,35,3,0
0,89,11,42,3,0
0,90,11,47,3,0
0,91,11,48,3,0
0,92,11,56,3,0
0,93,12,2,3,0
0,94,12,3,3,0
0,95,12,9,3,0
0,96,12,10,3,0
0,97,12,10,3,0
0,98,12,13,3,0
0,99,12,16,3,0
0,100,12,17,3,0
0,101,12,18,3,0
0,102,12,21,3,0
0,103,12,24,3,0
0,104,12,26,3,155
1,105,12,27,3,183
2,106,12,27,3,162
3,107,12,28,3,243
4,108,12,29,3,226
0,109,12,33,3,0
0,110,12,34,3,0
0,111,12,37,3,0
0,112,12,39,3,0
0,113,12,39,3,0
0,114,12,39,3,0
0,115,12,42,3,0
0,116,12,43,3,0
0,117,12,48,3,0
0,118,12,49,3,0
0,119,12,52,3,0
0,120,12,57,3,0
0,121,12,58,3,0
0,122,12,59,3,0
0,123,13,9,3,0
0,124,13,14,3,0
0,125,13,19,3,0
0,126,13,22,3,0
0,127,13,25,3,0
0,128,13,25,3,0
0,129,13,26,3,0
0,130,13,29,3,0
0,131,13,30,3,0
0,132,13,32,3,0
0,133,13,33,3,0
0,134,13,34,3,0
0,135,13,37,3,0
0,136,13,38,3,0
0,137,13,40,3,0
0,138,13,45,3,0
0,139,13,47,3,0
0,140,13,49,3,0
0,141,13,49,3,0
0,142,13,50,3,0
0,143,13,51,3,0
0,144,13,57,3,0
0,145,13,59,3,50
0,146,14,6,3,0
0,147,14,7,3,0
0,148,14,10,3,0
0,149,14,11,3,0
0,150,14,15,3,0
0,151,14,15,3,0
0,152,14,26,3,0
0,153,14,28,3,0
0,154,14,31,3,0
0,155,14,33,3,0
0,156,14,37,3,0
0,157,14,37,3,0
0,158,14,41,3,0
0,159,14,42,3,0
0,160,14,50,3,0
0,161,14,51,3,0
0,162,15,3,3,0
0,163,15,5,3,0
0,164,15,5,3,0
0,165,15,7,3,0
0,166,15,12,3,0
0,167,15,16,3,0
0,168,15,23,3,0
0,169,15,25,3,0
0,170,15,30,3,0
0,171,15,30,3,0
0,172,15,32,3,0
0,173,15,36,3,0
0,174,15,38,3,0
0,175,15,42,3,0
0,176,15,45,3,0
0,177,15,46,3,0
0,178,15,47,3,0
0,179,15,48,3,0
0,180,15,51,3,0
0,181,15,51,3,32
0,182,15,54,3,0
0,183,15,58,3,0
0,184,16,1,3,0
0,185,16,2,3,0
0,186,16,8,3,0
0,187,16,13,3,0
0,188,16,16,3,0
0,189,16,16,3,0
0,190,16,19,3,0
0,191,16,20,3,0
0,192,16,24,3,0
0,193,16,24,3,0
0,194,16,24,3,0
0,195,16,25,3,0
0,196,16,27,3,0
0,197,16,27,3,86
0,198,16,29,3,34
1,199,16,30,3,22
0,200,16,38,3,0
0,201,16,46,3,0
0,202,16,49,3,0
0,203,16,52,3,0
0,204,16,52,3,0
0,205,16,53,3,131
1,206,16,53,3,150
1,207,16,55,3,112
1,208,16,56,3,128
2,209,16,57,3,90
1,210,16,58,3,33
2,211,16,58,3,46
2,212,16,58,3,37
0,213,17,1,3,0
0,214,17,7,3,0
0,215,17,9,3,0
0,216,17,10,3,0
0,217,17,12,3,0
0,218,17,15,3,0
0,219,17,19,3,0
0,220,17,22,3,0
0,221,17,30,3,0
0,222,17,30,3,0
0,223,17,31,3,0
0,224,17,37,3,0
0,225,17,40,3,0
0,226,17,40,3,0
0,227,17,42,3,0
0,228,17,44,3,0
0,229,17,45,3,0
0,230,17,46,3,0
0,231,17,47,3,0
0,233,17,48,3,0
0,234,17,52,3,0
0,235,17,54,3,0
0,236,17,58,3,0
0,1,8,0,4,0
0,2,8,0,4,0
0,3,8,0,4,0
0,4,8,1,4,0
0,5,8,11,4,0
0,6,8,11,4,0
0,7,8,13,4,0
0,8,8,17,4,0
0,9,8,24,4,0
0,10,8,27,4,0
0,11,8,30,4,0
0,12,8,36,4,0
0,13,8,36,4,0
0,14,8,37,4,0
0,15,8,37,4,0
0,16,8,38,4,8
0,17,8,43,4,0
0,18,8,44,4,0
0,19,8,44,4,185
1,20,8,44,4,351
2,21,8,46,4,314
3,22,8,46,4,274
3,23,8,49,4,172
4,24,8,49,4,303
4,25,8,50,4,272
5,26,8,50,4,307
0,27,8,57,4,99
0,28,9,0,4,0
0,29,9,1,4,0
0,30,9,17,4,0
0,31,9,18,4,0
0,32,9,19,4,0
0,33,9,20,4,0
0,34,9,23,4,0
0,35,9,24,4,99
1,36,9,25,4,90
2,37,9,26,4,94
0,38,9,27,4,210
1,39,9,30,4,116
0,40,9,32,4,44
0,41,9,34,4,177
0,42,9,48,4,0
0,43,9,50,4,0
0,44,9,52,4,0
0,45,9,54,4,0
0,46,9,58,4,0
0,47,9,58,4,0
0,48,10,0,4,28
1,49,10,1,4,71
0,50,10,9,4,0
0,51,10,11,4,0
0,52,10,13,4,0
0,53,10,13,4,0
0,54,10,13,4,117
1,55,10,15,4,26
0,56,10,16,4,33
0,57,10,17,4,18
0,58,10,19,4,0
0,59,10,20,4,0
0,60,10,22,4,0
0,61,10,22,4,0
0,62,10,24,4,0
0,63,10,27,4,0
0,64,10,31,4,0
0,65,10,32,4,0
0,66,10,33,4,63
0,67,10,34,4,3
0,68,10,38,4,0
0,69,10,40,4,0
0,70,10,40,4,0
0,71,10,42,4,0
0,72,10,52,4,0
0,73,10,52,4,0
0,74,10,55,4,0
0,75,11,0,4,0
0,76,11,3,4,0
0,77,11,3,4,0
0,78,11,7,4,0
0,79,11,9,4,0
0,80,11,11,4,0
0,81,11,12,4,0
0,82,11,16,4,0
0,83,11,16,4,0
0,84,11,21,4,0
0,85,11,21,4,0
0,86,11,25,4,0
0,87,11,27,4,0
0,88,11,28,4,0
0,89,11,28,4,0
0,90,11,31,4,0
0,91,11,32,4,220
0,92,11,37,4,63
0,93,11,39,4,0
0,94,11,42,4,0
0,95,11,43,4,0
0,96,11,44,4,0
0,97,11,44,4,0
0,98,11,47,4,0
0,99,11,48,4,0
0,100,11,49,4,0
0,101,11,59,4,0
0,102,12,4,4,0
0,103,12,4,4,0
0,104,12,4,4,0
0,105,12,10,4,0
0,106,12,18,4,0
0,107,12,26,4,0
0,108,12,28,4,0
0,109,12,29,4,0
0,110,12,31,4,0
0,111,12,34,4,0
0,112,12,36,4,0
0,113,12,41,4,0
0,114,12,42,4,0
0,115,12,43,4,0
0,116,12,44,4,0
0,117,12,47,4,0
0,118,12,47,4,0
0,119,12,51,4,0
0,120,12,52,4,0
0,121,12,55,4,0
0,122,12,56,4,0
0,123,12,56,4,0
0,124,12,59,4,0
0,125,13,0,4,0
0,126,13,1,4,0
0,127,13,3,4,0
0,128,13,8,4,0
0,129,13,8,4,0
0,130,13,11,4,0
0,131,13,14,4,0
0,132,13,16,4,0
0,133,13,16,4,0
0,134,13,17,4,0
0,135,13,19,4,0
0,136,13,19,4,0
0,137,13,22,4,0
0,138,13,23,4,0
0,139,13,33,4,0
0,140,13,34,4,0
0,141,13,35,4,0
0,142,13,35,4,0
0,143,13,36,4,0
0,144,13,36,4,11
0,145,13,37,4,55
0,146,13,38,4,0
0,147,13,43,4,0
0,148,13,44,4,0
0,149,13,54,4,0
0,150,14,3,4,0
0,151,14,3,4,0
0,152,14,5,4,0
0,153,14,7,4,0
0,154,14,9,4,0
0,155,14,10,4,0
0,156,14,11,4,0
0,157,14,12,4,28
0,158,14,16,4,0
0,159,14,16,4,73
1,160,14,17,4,234
1,161,14,18,4,246
2,162,14,19,4,417
3,163,14,19,4,511
4,164,14,19,4,514
3,165,14,23,4,314
0,166,14,31,4,0
0,167,14,33,4,0
0,168,14,33,4,0
0,169,14,34,4,0
0,170,14,39,4,0
0,171,14,39,4,85
0,172,14,41,4,326
1,173,14,42,4,300
1,174,14,46,4,76
1,175,14,47,4,222
2,176,14,47,4,249
2,177,14,51,4,64
0,178,14,56,4,0
0,179,14,57,4,0
0,180,15,3,4,0
0,181,15,9,4,0
0,182,15,9,4,0
0,183,15,9,4,0
0,184,15,13,4,0
0,185,15,17,4,0
0,186,15,22,4,0
0,187,15,23,4,0
0,188,15,24,4,0
0,189,15,26,4,0
0,190,15,27,4,0
0,191,15,28,4,0
0,192,15,32,4,0
0,193,15,32,4,0
0,194,15,33,4,0
0,195,15,35,4,0
0,196,15,43,4,0
0,197,15,45,4,0
0,198,15,45,4,0
0,199,15,50,4,0
0,200,15,55,4,0
0,201,15,56,4,0
0,202,15,59,4,0
0,203,16,1,4,0
0,204,16,2,4,0
0,205,16,3,4,0
0,206,16,4,4,0
0,207,16,5,4,0
0,208,16,11,4,0
0,209,16,16,4,0
0,210,16,19,4,0
0,211,16,30,4,0
0,212,16,33,4,0
0,213,16,33,4,0
0,214,16,35,4,0
0,215,16,36,4,0
0,216,16,36,4,45
0,217,16,38,4,54
0,218,16,50,4,0
0,219,16,54,4,0
0,220,16,57,4,0
0,221,16,58,4,0
0,222,16,58,4,0
0,223,17,2,4,0
0,224,17,3,4,0
0,225,17,5,4,0
0,226,17,5,4,0
0,227,17,7,4,0
0,228,17,8,4,0
0,229,17,12,4,0
0,230,17,17,4,0
0,231,17,18,4,0
0,232,17,19,4,0
0,233,17,20,4,0
0,234,17,20,4,0
0,235,17,25,4,0
0,236,17,28,4,0
0,237,17,30,4,0
0,238,17,31,4,9
0,239,17,35,4,0
0,240,17,36,4,0
0,241,17,36,4,0
0,242,17,42,4,0
0,243,17,42,4,0
0,244,17,43,4,0
0,245,17,44,4,0
0,246,17,46,4,0
0,247,17,50,4,0
0,248,17,50,4,0
0,249,17,50,4,0
0,250,17,50,4,0
0,251,17,52,4,0
0,252,17,54,4,0
0,253,17,54,4,0
0,254,17,56,4,0
0,1,8,0,0,0
0,2,8,0,0,0
0,3,8,3,0,0
0,4,8,6,0,0
0,5,8,7,0,0
0,6,8,8,0,0
0,7,8,9,0,0
0,8,8,11,0,0
0,9,8,13,0,0
0,10,8,17,0,0
0,11,8,20,0,0
0,12,8,20,0,0
0,13,8,20,0,0
0,14,8,20,0,0
0,15,8,22,0,206
1,16,8,23,0,157
2,17,8,24,0,210
3,18,8,25,0,418
2,19,8,26,0,407
3,20,8,27,0,375
4,21,8,27,0,419
4,22,8,30,0,281
2,23,8,33,0,210
1,24,8,35,0,109
2,25,8,36,0,82
0,26,8,39,0,0
0,27,8,39,0,122
1,28,8,40,0,112
1,29,8,42,0,227
1,30,8,44,0,233
1,31,8,46,0,97
0,32,8,49,0,51
0,33,8,52,0,0
0,34,8,53,0,0
0,35,8,54,0,0
0,36,8,55,0,0
0,37,8,57,0,0
0,38,8,58,0,0
0,39,8,59,0,5
0,40,9,1,0,54
0,41,9,3,0,98
1,42,9,3,0,93
2,43,9,4,0,98
3,44,9,4,0,103
3,45,9,4,0,190
1,46,9,6,0,98
2,47,9,6,0,130
0,48,9,10,0,120
0,49,9,13,0,0
0,50,9,16,0,0
0,51,9,18,0,0
0,52,9,18,0,0
0,53,9,19,0,0
0,54,9,20,0,0
0,55,9,22,0,0
0,56,9,23,0,0
0,57,9,25,0,0
0,58,9,27,0,0
0,59,9,28,0,0
0,60,9,33,0,0
0,61,9,37,0,0
0,62,9,37,0,0
0,63,9,47,0,0
0,64,9,48,0,0
0,65,9,49,0,0
0,66,9,51,0,0
0,67,9,52,0,47
0,68,9,55,0,0
0,69,9,57,0,0
0,70,9,58,0,0
0,71,10,0,0,0
0,72,10,0,0,29
0,73,10,6,0,0
0,74,10,6,0,0
0,75,10,6,0,56
0,76,10,9,0,59
0,77,10,15,0,0
0,78,10,15,0,0
0,79,10,21,0,0
0,80,10,22,0,0
0,81,10,23,0,0
0,82,10,30,0,0
0,83,10,32,0,0
0,84,10,36,0,0
0,85,10,36,0,0
0,86,10,37,0,0
0,87,10,38,0,0
0,88,10,40,0,0
0,89,10,40,0,125
0,90,10,46,0,0
0,91,10,46,0,0
0,92,10,48,0,0
0,93,10,48,0,0
0,94,10,50,0,0
0,95,10,52,0,0
0,96,10,53,0,41
0,97,10,56,0,0
0,98,10,58,0,0
0,99,10,58,0,95
1,100,10,59,0,114
2,101,10,59,0,400
2,102,11,0,0,464
0,103,11,11,0,0
0,104,11,11,0,0
0,105,11,12,0,0
0,106,11,14,0,0
0,107,11,15,0,33
1,108,11,16,0,179
1,109,11,16,0,173
2,110,11,19,0,77
0,111,11,22,0,0
0,112,11,25,0,0
0,113,11,26,0,0
0,114,11,27,0,0
0,115,11,28,0,0
0,116,11,31,0,0
0,117,11,38,0,0
0,118,11,41,0,0
0,119,11,41,0,0
0,120,11,46,0,0
0,121,11,51,0,0
0,122,11,54,0,0
0,123,11,55,0,0
0,124,11,59,0,0
0,125,12,4,0,0
0,126,12,4,0,0
0,127,12,4,0,0
0,128,12,10,0,0
0,129,12,11,0,0
0,130,12,12,0,0
0,131,12,15,0,0
0,132,12,16,0,0
0,133,12,19,0,0
0,134,12,20,0,85
1,135,12,21,0,201
1,136,12,21,0,252
2,137,12,24,0,158
0,138,12,28,0,0
0,139,12,31,0,0
0,140,12,34,0,0
0,141,12,35,0,0
0,142,12,37,0,0
0,143,12,37,0,17
0,144,12,39,0,151
0,145,12,51,0,0
0,146,12,52,0,0
0,147,12,56,0,0
0,148,13,1,0,0
0,149,13,1,0,0
0,150,13,8,0,0
0,151,13,10,0,0
0,152,13,13,0,0
0,153,13,14,0,0
0,154,13,15,0,75
1,155,13,15,0,145
0,156,13,18,0,0
0,157,13,19,0,0
0,158,13,21,0,0
0,159,13,22,0,0
0,160,13,27,0,0
0,161,13,33,0,0
0,162,13,36,0,0
0,163,13,38,0,0
0,164,13,41,0,0
0,165,13,44,0,0
0,166,13,44,0,0
0,167,13,52,0,0
0,168,13,54,0,0
0,169,13,54,0,0
0,170,13,54,0,32
0,171,13,55,0,0
0,172,14,1,0,0
0,173,14,3,0,0
0,174,14,4,0,0
0,175,14,4,0,0
0,176,14,5,0,0
0,177,14,7,0,0
0,178,14,11,0,0
0,179,14,16,0,0
0,180,14,16,0,0
0,181,14,19,0,0
0,182,14,20,0,0
0,183,14,23,0,0
0,184,14,25,0,0
0,185,14,27,0,0
0,186,14,28,0,0
0,187,14,28,0,0
0,188,14,33,0,0
0,189,14,39,0,0
0,190,14,40,0,0
0,191,14,49,0,0
0,192,14,56,0,0
0,193,14,59,0,0
0,194,15,0,0,0
0,195,15,1,0,0
0,196,15,3,0,0
0,197,15,3,0,0
0,198,15,3,0,0
0,199,15,5,0,0
0,200,15,6,0,0
0,201,15,10,0,0
0,202,15,16,0,0
0,203,15,19,0,0
0,204,15,21,0,0
0,205,15,28,0,0
0,206,15,34,0,0
0,207,15,35,0,0
0,208,15,38,0,0
0,209,15,40,0,0
0,210,15,40,0,0
0,211,15,42,0,0
0,212,15,47,0,0
0,213,15,50,0,0
0,214,15,51,0,0
0,215,15,52,0,0
0,216,15,53,0,0
0,217,15,53,0,92
1,218,15,53,0,76
0,219,15,57,0,0
0,220,15,58,0,108
0,221,16,0,0,0
0,222,16,2,0,0
0,223,16,3,0,0
0,224,16,3,0,24
0,225,16,5,0,0
0,226,16,7,0,47
0,227,16,10,0,0
0,228,16,12,0,0
0,229,16,15,0,0
0,230,16,19,0,0
0,231,16,21,0,0
0,232,16,22,0,0
0,233,16,24,0,0
0,234,16,24,0,0
0,235,16,27,0,0
0,236,16,27,0,0
0,237,16,27,0,71
1,238,16,28,0,177
1,239,16,29,0,150
1,240,16,32,0,11
0,241,16,32,0,178
1,242,16,32,0,202
2,243,16,33,0,391
3,244,16,34,0,360
2,245,16,37,0,255
3,246,16,38,0,277
4,247,16,39,0,304
2,248,16,41,0,292
3,249,16,41,0,358
3,250,16,43,0,286
2,251,16,46,0,131
0,252,16,49,0,80
0,253,16,52,0,0
0,254,16,54,0,0
0,255,16,59,0,0
0,256,17,4,0,0
0,257,17,10,0,0
0,258,17,14,0,0
0,259,17,15,0,0
0,260,17,17,0,0
0,261,17,18,0,0
0,262,17,19,0,0
0,263,17,23,0,0
0,264,17,28,0,0
0,265,17,29,0,0
0,266,17,29,0,0
0,267,17,30,0,0
0,268,17,31,0,0
0,269,17,33,0,0
0,270,17,33,0,0
0,271,17,36,0,0
0,272,17,38,0,0
0,273,17,39,0,0
0,274,17,40,0,61
0,276,17,44,0,0
0,277,17,46,0,44
1,278,17,46,0,162
1,279,17,48,0,156
0,280,17,53,0,0
0,1,8,0,1,0
0,2,8,1,1,0
0,3,8,6,1,0
0,4,8,7,1,0
0,5,8,8,1,0
0,6,8,9,1,0
0,7,8,16,1,0
0,8,8,17,1,0
0,9,8,19,1,0
0,10,8,20,1,0
0,11,8,21,1,0
0,12,8,24,1,0
0,13,8,26,1,0
0,14,8,26,1,0
0,15,8,26,1,0
0,16,8,27,1,0
0,17,8,28,1,53
1,18,8,28,1,175
0,19,8,37,1,0
0,20,8,39,1,0
0,21,8,40,1,0
0,22,8,45,1,0
0,23,8,57,1,0
0,24,9,0,1,0
0,25,9,1,1,0
0,26,9,1,1,0
0,27,9,5,1,0
0,28,9,8,1,0
0,29,9,8,1,0
0,30,9,10,1,48
0,31,9,12,1,85
0,32,9,14,1,6
0,33,9,15,1,64
0,34,9,17,1,80
0,35,9,27,1,0
0,36,9,30,1,0
0,37,9,32,1,0
0,38,9,35,1,0
0,39,9,39,1,0
0,40,9,39,1,0
0,41,9,42,1,0
0,42,9,43,1,0
0,43,9,45,1,0
0,44,9,48,1,0
0,45,9,49,1,0
0,46,9,49,1,22
0,47,9,52,1,0
0,48,9,52,1,3
0,49,9,53,1,106
1,50,9,54,1,161
2,51,9,55,1,135
0,52,9,58,1,5
0,53,9,58,1,158
1,54,9,59,1,78
0,55,10,5,1,0
0,56,10,6,1,0
0,57,10,9,1,0
0,58,10,10,1,0
0,59,10,18,1,0
0,60,10,18,1,0
0,61,10,19,1,5
0,62,10,23,1,0
0,63,10,25,1,0
0,64,10,27,1,0
0,65,10,28,1,0
0,66,10,30,1,0
0,67,10,34,1,0
0,68,10,37,1,0
0,69,10,44,1,0
0,70,10,45,1,0
0,71,10,57,1,0
0,72,10,58,1,0
0,73,10,59,1,0
0,74,11,3,1,0
0,75,11,3,1,0
0,76,11,3,1,37
0,77,11,6,1,0
0,78,11,6,1,53
1,79,11,6,1,98
1,80,11,7,1,163
1,81,11,9,1,57
0,82,11,13,1,0
0,83,11,13,1,0
0,84,11,13,1,0
0,85,11,17,1,0
0,86,11,17,1,0
0,87,11,17,1,20
0,88,11,20,1,0
0,89,11,20,1,0
0,90,11,28,1,0
0,91,11,28,1,0
0,92,11,34,1,0
0,93,11,45,1,0
0,94,11,47,1,0
0,95,11,50,1,0
0,96,11,52,1,0
0,97,11,52,1,68
1,98,11,53,1,133
0,99,11,57,1,153
1,100,11,59,1,103
2,101,11,59,1,118
3,102,11,59,1,172
0,103,12,4,1,0
0,104,12,5,1,0
0,105,12,5,1,70
0,106,12,8,1,0
0,107,12,9,1,70
0,108,12,13,1,13
0,109,12,19,1,0
0,110,12,20,1,0
0,111,12,22,1,0
0,112,12,24,1,21
0,113,12,27,1,128
1,114,12,29,1,28
0,115,12,32,1,0
0,116,12,33,1,0
0,117,12,33,1,0
0,118,12,35,1,14
0,119,12,35,1,126
0,120,12,48,1,0
0,121,12,50,1,0
0,122,12,51,1,0
0,123,12,52,1,0
0,124,12,56,1,0
0,125,12,56,1,0
0,126,12,56,1,40
0,127,13,1,1,0
0,128,13,1,1,0
0,129,13,3,1,0
0,130,13,6,1,0
0,131,13,7,1,5
0,132,13,8,1,3
0,133,13,8,1,17
0,134,13,10,1,0
0,135,13,15,1,0
0,136,13,16,1,81
1,137,13,17,1,58
0,138,13,22,1,0
0,139,13,23,1,40
1,140,13,23,1,88
0,141,13,28,1,0
0,142,13,34,1,0
0,143,13,40,1,0
0,144,13,42,1,0
0,145,13,46,1,0
0,146,13,48,1,0
0,147,13,48,1,0
0,148,13,55,1,0
0,149,14,2,1,0
0,150,14,3,1,0
0,151,14,7,1,0
0,152,14,7,1,0
0,153,14,9,1,0
0,154,14,11,1,0
0,155,14,11,1,0
0,156,14,22,1,0
0,157,14,25,1,0
0,158,14,26,1,0
0,159,14,26,1,0
0,160,14,27,1,0
0,161,14,29,1,0
0,162,14,34,1,0
0,163,14,37,1,0
0,164,14,39,1,0
0,165,14,41,1,0
0,166,14,43,1,0
0,167,14,48,1,0
0,168,14,49,1,0
0,169,15,2,1,0
0,170,15,2,1,0
0,171,15,2,1,0
0,172,15,16,1,0
0,173,15,18,1,0
0,174,15,21,1,0
0,175,15,21,1,0
0,176,15,24,1,0
0,177,15,27,1,0
0,178,15,27,1,0
0,179,15,32,1,0
0,180,15,34,1,0
0,181,15,35,1,0
0,182,15,38,1,0
0,183,15,43,1,0
0,184,15,45,1,0
0,185,15,46,1,0
0,186,15,49,1,0
0,187,15,53,1,0
0,188,16,0,1,0
0,189,16,1,1,0
0,190,16,3,1,0
0,191,16,11,1,0
0,192,16,17,1,0
0,193,16,19,1,0
0,194,16,21,1,0
0,195,16,22,1,0
0,196,16,22,1,0
0,197,16,25,1,30
0,198,16,26,1,0
0,199,16,31,1,0
0,200,16,32,1,0
0,201,16,35,1,0
0,202,16,43,1,0
0,203,16,49,1,0
0,204,16,52,1,0
0,205,16,57,1,0
0,206,17,0,1,0
0,207,17,2,1,0
0,208,17,5,1,0
0,209,17,7,1,0
0,210,17,9,1,0
0,211,17,11,1,0
0,212,17,14,1,0
0,213,17,15,1,0
0,214,17,21,1,0
0,215,17,21,1,0
0,216,17,23,1,0
0,217,17,23,1,0
0,218,17,24,1,44
0,219,17,25,1,0
0,220,17,27,1,44
0,221,17,28,1,8
0,222,17,29,1,60
0,223,17,31,1,60
1,224,17,31,1,73
0,225,17,32,1,33
0,226,17,34,1,0
0,227,17,36,1,0
0,228,17,42,1,0
0,229,17,43,1,0
0,230,17,44,1,0
0,231,17,47,1,0
0,232,17,53,1,0
0,236,17,57,1,26
0,1,8,0,2,0
0,2,8,2,2,0
0,3,8,4,2,0
0,4,8,9,2,0
0,5,8,15,2,0
0,6,8,17,2,0
0,7,8,17,2,0
0,8,8,22,2,0
0,9,8,26,2,0
0,10,8,30,2,0
0,11,8,36,2,0
0,12,8,36,2,0
0,13,8,36,2,0
0,14,8,38,2,0
0,15,8,40,2,139
1,16,8,41,2,101
0,17,8,43,2,13
0,18,8,46,2,0
0,19,8,47,2,0
0,20,8,49,2,154
1,21,8,51,2,53
0,22,8,52,2,82
1,23,8,52,2,62
0,24,9,0,2,0
0,25,9,2,2,0
0,26,9,3,2,0
0,27,9,6,2,0
0,28,9,6,2,0
0,29,9,7,2,0
0,30,9,7,2,0
0,31,9,10,2,0
0,32,9,12,2,0
0,33,9,13,2,23
0,34,9,19,2,0
0,35,9,20,2,0
0,36,9,24,2,0
0,37,9,29,2,0
0,38,9,38,2,0
0,39,9,39,2,0
0,40,9,39,2,0
0,41,9,40,2,12
0,42,9,40,2,79
1,43,9,41,2,191
1,44,9,42,2,96
0,45,9,44,2,3
0,46,9,46,2,0
0,47,9,47,2,0
0,48,9,47,2,0
0,49,9,55,2,0
0,50,9,58,2,0
0,51,10,3,2,0
0,52,10,6,2,0
0,53,10,8,2,0
0,54,10,13,2,0
0,55,10,13,2,0
0,56,10,14,2,0
0,57,10,15,2,0
0,58,10,18,2,0
0,59,10,19,2,0
0,60,10,23,2,0
0,61,10,24,2,0
0,62,10,24,2,0
0,63,10,25,2,0
0,64,10,26,2,0
0,65,10,27,2,0
0,66,10,28,2,0
0,67,10,31,2,0
0,68,10,31,2,0
0,69,10,31,2,74
0,70,10,33,2,43
0,71,10,39,2,0
0,72,10,40,2,0
0,73,10,44,2,0
0,74,10,45,2,0
0,75,10,49,2,0
0,76,10,49,2,0
0,77,10,51,2,0
0,78,10,56,2,0
0,79,10,59,2,0
0,80,11,0,2,0
0,81,11,2,2,0
0,82,11,14,2,0
0,83,11,15,2,0
0,84,11,17,2,0
0,85,11,19,2,0
0,86,11,22,2,0
0,87,11,22,2,0
0,88,11,22,2,0
0,89,11,25,2,0
0,90,11,25,2,0
0,91,11,26,2,154
1,92,11,27,2,127
2,93,11,27,2,157
3,94,11,28,2,138
2,95,11,29,2,56
0,96,11,31,2,95
1,97,11,32,2,78
0,98,11,36,2,0
0,99,11,36,2,12
1,100,11,36,2,140
1,101,11,37,2,141
0,102,11,40,2,140
1,103,11,40,2,189
1,104,11,42,2,99
0,105,11,46,2,0
0,106,11,48,2,0
0,107,11,48,2,0
0,108,11,54,2,0
0,109,11,55,2,0
0,110,11,55,2,0
0,111,11,56,2,4
0,112,12,1,2,0
0,113,12,4,2,0
0,114,12,4,2,0
0,115,12,7,2,0
0,116,12,9,2,0
0,117,12,9,2,0
0,118,12,13,2,0
0,119,12,14,2,0
0,120,12,16,2,0
0,121,12,24,2,0
0,122,12,25,2,0
0,123,12,28,2,0
0,124,12,31,2,0
0,125,12,32,2,0
0,126,12,38,2,0
0,127,12,39,2,0
0,128,12,43,2,0
0,129,12,46,2,0
0,130,13,1,2,0
0,131,13,2,2,0
0,132,13,6,2,0
0,133,13,7,2,0
0,134,13,7,2,0
0,135,13,16,2,0
0,136,13,17,2,0
0,137,13,21,2,0
0,138,13,23,2,0
0,139,13,24,2,0
0,140,13,24,2,92
0,141,13,29,2,0
0,142,13,36,2,0
0,143,13,40,2,0
0,144,13,40,2,0
0,145,13,41,2,0
0,146,13,42,2,0
0,147,13,59,2,0
0,148,13,59,2,0
0,149,14,0,2,0
0,150,14,1,2,0
0,151,14,4,2,0
0,152,14,5,2,0
0,153,14,6,2,0
0,154,14,8,2,0
0,155,14,9,2,0
0,156,14,11,2,0
0,157,14,14,2,0
0,158,14,18,2,0
0,159,14,19,2,0
0,160,14,22,2,0
0,161,14,22,2,0
0,162,14,23,2,0
0,163,14,24,2,30
0,164,14,26,2,51
0,165,14,27,2,40
0,166,14,33,2,0
0,167,14,34,2,0
0,168,14,36,2,0
0,169,14,36,2,68
1,170,14,37,2,73
1,171,14,38,2,80
1,172,14,38,2,81
2,173,14,39,2,139
0,174,14,44,2,0
0,175,14,46,2,0
0,176,14,48,2,0
0,177,14,50,2,0
0,178,14,53,2,0
0,179,14,56,2,0
0,180,14,57,2,0
0,181,14,58,2,14
0,182,15,0,2,0
0,183,15,1,2,0
0,184,15,7,2,0
0,185,15,9,2,0
0,186,15,10,2,0
0,187,15,10,2,106
0,188,15,12,2,0
0,189,15,15,2,0
0,190,15,15,2,25
0,191,15,15,2,94
1,192,15,16,2,306
2,193,15,16,2,405
2,194,15,19,2,311
3,195,15,20,2,314
4,196,15,21,2,390
5,197,15,21,2,437
5,198,15,21,2,513
3,199,15,25,2,286
3,200,15,27,2,303
0,201,15,33,2,0
0,202,15,34,2,110
0,203,15,44,2,0
0,204,15,45,2,0
0,205,15,49,2,0
0,206,15,50,2,0
0,207,15,51,2,0
0,208,15,54,2,0
0,209,15,58,2,0
0,210,16,5,2,0
0,211,16,6,2,0
0,212,16,6,2,0
0,213,16,10,2,0
0,214,16,11,2,139
1,215,16,12,2,120
2,216,16,13,2,103
0,217,16,15,2,32
1,218,16,15,2,13
0,219,16,16,2,65
1,220,16,17,2,37
0,221,16,19,2,0
0,222,16,19,2,0
0,223,16,20,2,0
0,224,16,22,2,67
0,225,16,25,2,0
0,226,16,29,2,0
0,227,16,34,2,0
0,228,16,35,2,0
0,229,16,37,2,0
0,230,16,38,2,0
0,231,16,38,2,16
0,232,16,41,2,0
0,233,16,50,2,0
0,234,16,53,2,0
0,235,16,53,2,0
0,236,16,53,2,113
1,237,16,55,2,18
1,238,16,55,2,59
0,239,16,57,2,0
0,240,16,58,2,0
0,241,16,59,2,175
0,242,17,7,2,0
0,243,17,7,2,0
0,244,17,9,2,0
0,245,17,15,2,0
0,246,17,17,2,0
0,247,17,21,2,0
0,248,17,21,2,0
0,249,17,21,2,0
0,250,17,22,2,0
0,251,17,23,2,0
0,252,17,25,2,0
0,253,17,26,2,0
0,254,17,33,2,0
0,255,17,36,2,0
0,256,17,41,2,0
0,257,17,42,2,0
0,258,17,44,2,0
0,259,17,47,2,0
0,260,17,47,2,0
0,261,17,49,2,0
0,263,17,51,2,0
0,265,17,54,2,114
0,1,8,0,3,0
0,2,8,1,3,0
0,3,8,2,3,0
0,4,8,3,3,0
0,5,8,7,3,0
0,6,8,9,3,0
0,7,8,10,3,0
0,8,8,16,3,0
0,9,8,17,3,0
0,10,8,19,3,0
0,11,8,20,3,0
0,12,8,24,3,0
0,13,8,29,3,0
0,14,8,32,3,0
0,15,8,33,3,0
0,16,8,33,3,0
0,17,8,34,3,0
0,18,8,37,3,0
0,19,8,39,3,0
0,20,8,45,3,0
0,21,8,45,3,0
0,22,8,45,3,0
0,23,8,48,3,11
0,24,8,49,3,67
0,25,8,50,3,0
0,26,8,51,3,0
0,27,8,53,3,0
0,28,8,56,3,0
0,29,8,57,3,0
0,30,8,57,3,30
0,31,9,3,3,0
0,32,9,4,3,0
0,33,9,6,3,0
0,34,9,7,3,0
0,35,9,10,3,0
0,36,9,12,3,0
0,37,9,13,3,0
0,38,9,15,3,0
0,39,9,20,3,0
0,40,9,22,3,0
0,41,9,24,3,0
0,42,9,26,3,0
0,43,9,27,3,0
0,44,9,29,3,0
0,45,9,35,3,0
0,46,9,35,3,0
0,47,9,36,3,0
0,48,9,38,3,0
0,49,9,42,3,0
0,50,9,42,3,0
0,51,9,43,3,0
0,52,9,46,3,0
0,53,9,49,3,0
0,54,9,49,3,0
0,55,9,50,3,0
0,56,9,52,3,0
0,57,9,53,3,0
0,58,9,53,3,0
0,59,9,55,3,11
0,60,9,57,3,0
0,61,9,57,3,0
0,62,10,4,3,0
0,63,10,4,3,47
1,64,10,4,3,24
0,65,10,9,3,0
0,66,10,10,3,15
0,67,10,12,3,50
0,68,10,13,3,53
1,69,10,13,3,160
1,70,10,14,3,155
2,71,10,14,3,446
1,72,10,18,3,292
2,73,10,20,3,187
2,74,10,22,3,73
0,75,10,28,3,0
0,76,10,30,3,0
0,77,10,33,3,0
0,78,10,35,3,0
0,79,10,37,3,0
0,80,10,41,3,0
0,81,10,44,3,0
0,82,10,44,3,0
0,83,10,47,3,0
0,84,10,48,3,0
0,85,10,49,3,0
0,86,10,54,3,0
0,87,10,55,3,0
0,88,10,57,3,0
0,89,11,7,3,0
0,90,11,11,3,0
0,91,11,12,3,0
0,92,11,12,3,0
0,93,11,13,3,71
0,94,11,14,3,16
0,95,11,20,3,0
0,96,11,20,3,0
0,97,11,22,3,0
0,98,11,29,3,0
0,99,11,33,3,0
0,100,11,33,3,0
0,101,11,35,3,0
0,102,11,35,3,0
0,103,11,36,3,0
0,104,11,43,3,0
0,105,11,43,3,0
0,106,11,44,3,0
0,107,11,45,3,0
0,108,11,50,3,0
0,109,11,52,3,0
0,110,11,53,3,0
0,111,12,0,3,0
0,112,12,1,3,0
0,113,12,3,3,0
0,114,12,5,3,0
0,115,12,16,3,0
0,116,12,16,3,0
0,117,12,16,3,0
0,118,12,20,3,0
0,119,12,22,3,0
0,120,12,22,3,0
0,121,12,25,3,0
0,122,12,26,3,0
0,123,12,27,3,0
0,124,12,27,3,218
1,125,12,28,3,206
2,126,12,28,3,235
2,127,12,30,3,79
2,128,12,31,3,184
1,129,12,32,3,225
2,130,12,34,3,157
2,131,12,35,3,118
2,132,12,36,3,42
0,133,12,40,3,0
0,134,12,44,3,0
0,135,12,48,3,0
0,136,12,51,3,0
0,137,12,52,3,0
0,138,12,58,3,0
0,139,13,6,3,0
0,140,13,6,3,0
0,141,13,9,3,0
0,142,13,12,3,0
0,143,13,22,3,0
0,144,13,22,3,0
0,145,13,23,3,0
0,146,13,26,3,0
0,147,13,30,3,0
0,148,13,31,3,0
0,149,13,35,3,0
0,150,13,36,3,0
0,151,13,37,3,0
0,152,13,37,3,21
0,153,13,38,3,60
0,154,13,46,3,0
0,155,13,48,3,0
0,156,13,52,3,0
0,157,13,55,3,0
0,158,13,56,3,0
0,159,13,59,3,0
0,160,14,7,3,0
0,161,14,9,3,0
0,162,14,11,3,0
0,163,14,12,3,0
0,164,14,13,3,0
0,165,14,15,3,0
0,166,14,21,3,0
0,167,14,21,3,0
0,168,14,22,3,0
0,169,14,23,3,0
0,170,14,24,3,0
0,171,14,25,3,23
0,172,14,25,3,147
0,173,14,28,3,0
0,174,14,30,3,4
0,175,14,32,3,0
0,176,14,33,3,0
0,177,14,33,3,0
0,178,14,34,3,0
0,179,14,42,3,0
0,180,14,43,3,0
0,181,14,45,3,0
0,182,14,45,3,0
0,183,14,55,3,0
0,184,14,55,3,0
0,185,14,57,3,0
0,186,14,58,3,0
0,187,14,59,3,0
0,188,15,0,3,0
0,189,15,4,3,0
0,190,15,9,3,0
0,191,15,10,3,0
0,192,15,11,3,0
0,193,15,11,3,33
1,194,15,12,3,132
0,195,15,14,3,17
0,196,15,15,3,112
1,197,15,15,3,162
1,198,15,17,3,216
0,199,15,20,3,6
0,200,15,26,3,0
0,201,15,27,3,0
0,202,15,29,3,0
0,203,15,31,3,0
0,204,15,34,3,0
0,205,15,36,3,0
0,206,15,38,3,0
0,207,15,40,3,0
0,208,15,41,3,0
0,209,15,42,3,0
0,210,15,45,3,0
0,211,15,45,3,0
0,212,15,47,3,0
0,213,15,48,3,0
0,214,15,51,3,0
0,215,15,51,3,0
0,216,15,52,3,46
0,217,15,54,3,0
0,218,15,57,3,0
0,219,15,58,3,0
0,220,15,59,3,0
0,221,15,59,3,0
0,222,16,0,3,139
0,223,16,4,3,32
0,224,16,4,3,0
0,225,16,4,3,65
1,226,16,4,3,160
1,227,16,6,3,154
2,228,16,7,3,296
2,229,16,7,3,265
0,230,16,13,3,0
0,231,16,13,3,0
0,232,16,14,3,36
0,233,16,16,3,0
0,234,16,17,3,0
0,235,16,17,3,0
0,236,16,17,3,47
1,237,16,18,3,52
0,238,16,21,3,0
0,239,16,35,3,0
0,240,16,37,3,0
0,241,16,39,3,0
0,242,16,40,3,0
0,243,16,42,3,0
0,244,16,44,3,0
0,245,16,45,3,0
0,246,16,46,3,0
0,247,16,47,3,63
1,248,16,47,3,165
2,249,16,47,3,190
1,250,16,50,3,82
0,251,16,51,3,33
0,252,16,52,3,22
0,253,16,53,3,3
0,254,16,56,3,152
1,255,16,56,3,152
2,256,16,58,3,144
3,257,16,58,3,143
2,258,16,59,3,102
0,259,17,5,3,0
0,260,17,7,3,0
0,261,17,9,3,0
0,262,17,13,3,0
0,263,17,14,3,0
0,264,17,15,3,5
0,265,17,16,3,243
1,266,17,18,3,288
2,267,17,19,3,225
2,268,17,21,3,297
0,269,17,28,3,0
0,270,17,29,3,0
0,271,17,32,3,0
0,272,17,32,3,0
0,273,17,35,3,0
0,274,17,36,3,0
0,275,17,36,3,0
0,276,17,39,3,0
0,277,17,44,3,0
0,278,17,45,3,0
0,279,17,46,3,0
0,280,17,47,3,0
0,281,17,49,3,0
0,282,17,50,3,0
0,283,17,53,3,0
0,1,8,0,4,0
0,2,8,1,4,0
0,3,8,2,4,0
0,4,8,3,4,0
0,5,8,5,4,0
0,6,8,6,4,0
0,7,8,6,4,0
0,8,8,8,4,0
0,9,8,11,4,0
0,10,8,12,4,0
0,11,8,13,4,0
0,12,8,18,4,0
0,13,8,20,4,0
0,14,8,22,4,0
0,15,8,23,4,0
0,16,8,29,4,0
0,17,8,30,4,0
0,18,8,39,4,0
0,19,8,40,4,0
0,20,8,41,4,0
0,21,8,42,4,0
0,22,8,43,4,0
0,23,8,47,4,0
0,24,8,47,4,0
0,25,8,48,4,0
0,26,8,48,4,98
0,27,8,51,4,23
0,28,8,53,4,0
0,29,8,54,4,0
0,30,8,54,4,31
1,31,8,55,4,226
1,32,8,56,4,132
2,33,8,57,4,86
3,34,8,58,4,209
1,35,9,0,4,153
0,36,9,5,4,0
0,37,9,6,4,185
0,38,9,14,4,0
0,39,9,17,4,0
0,40,9,24,4,0
0,41,9,27,4,0
0,42,9,28,4,0
0,43,9,31,4,0
0,44,9,40,4,0
0,45,9,43,4,0
0,46,9,43,4,0
0,47,9,46,4,0
0,48,9,48,4,0
0,49,9,48,4,0
0,50,9,52,4,0
0,51,9,57,4,0
0,52,10,1,4,0
0,53,10,2,4,0
0,54,10,4,4,0
0,55,10,7,4,0
0,56,10,15,4,0
0,57,10,17,4,0
0,58,10,23,4,0
0,59,10,37,4,0
0,60,10,38,4,0
0,61,10,39,4,0
0,62,10,45,4,0
0,63,10,48,4,0
0,64,10,49,4,0
0,65,10,50,4,0
0,66,10,51,4,0
0,67,10,54,4,0
0,68,10,54,4,0
0,69,10,55,4,25
0,70,10,59,4,0
0,71,11,1,4,0
0,72,11,1,4,0
0,73,11,5,4,0
0,74,11,7,4,0
0,75,11,9,4,0
0,76,11,13,4,0
0,77,11,14,4,0
0,78,11,17,4,0
0,79,11,19,4,0
0,80,11,21,4,0
0,81,11,21,4,141
1,82,11,22,4,91
0,83,11,24,4,8
0,84,11,25,4,0
0,85,11,26,4,0
0,86,11,27,4,59
0,87,11,29,4,11
0,88,11,34,4,0
0,89,11,36,4,0
0,90,11,40,4,0
0,91,11,40,4,0
0,92,11,43,4,0
0,93,11,44,4,7
0,94,11,49,4,0
0,95,11,53,4,0
0,96,11,55,4,0
0,97,11,59,4,0
0,98,12,0,4,0
0,99,12,0,4,0
0,100,12,2,4,0
0,101,12,4,4,0
0,102,12,7,4,0
0,103,12,7,4,0
0,104,12,10,4,0
0,105,12,10,4,0
0,106,12,17,4,0
0,107,12,20,4,0
0,108,12,20,4,0
0,109,12,21,4,0
0,110,12,21,4,0
0,111,12,23,4,0
0,112,12,25,4,0
0,113,12,28,4,0
0,114,12,29,4,0
0,115,12,29,4,0
0,116,12,32,4,0
0,117,12,34,4,0
0,118,12,37,4,0
0,119,12,38,4,50
1,120,12,38,4,67
1,121,12,39,4,10
0,122,12,48,4,0
0,123,12,48,4,0
0,124,12,51,4,0
0,125,12,52,4,0
0,126,12,54,4,0
0,127,12,54,4,0
0,128,12,56,4,0
0,129,12,59,4,0
0,130,13,0,4,0
0,131,13,3,4,0
0,132,13,4,4,0
0,133,13,4,4,0
0,134,13,6,4,0
0,135,13,6,4,0
0,136,13,8,4,0
0,137,13,10,4,0
0,138,13,13,4,0
0,139,13,14,4,0
0,140,13,16,4,0
0,141,13,17,4,46
0,142,13,22,4,0
0,143,13,22,4,0
0,144,13,26,4,0
0,145,13,26,4,0
0,146,13,26,4,33
0,147,13,27,4,0
0,148,13,29,4,0
0,149,13,29,4,10
1,150,13,29,4,104
0,151,13,32,4,30
0,152,13,33,4,9
0,153,13,35,4,0
0,154,13,36,4,0
0,155,13,36,4,69
1,156,13,37,4,297
1,157,13,38,4,299
0,158,13,43,4,0
0,159,13,48,4,0
0,160,13,49,4,0
0,161,13,55,4,0
0,162,13,57,4,0
0,163,13,58,4,0
0,164,14,1,4,0
0,165,14,5,4,0
0,166,14,5,4,43
0,167,14,9,4,0
0,168,14,15,4,0
0,169,14,21,4,0
0,170,14,23,4,0
0,171,14,24,4,0
0,172,14,26,4,0
0,173,14,26,4,0
0,174,14,30,4,0
0,175,14,33,4,0
0,176,14,35,4,0
0,177,14,36,4,0
0,178,14,37,4,0
0,179,14,41,4,1
0,180,14,42,4,135
1,181,14,44,4,64
0,182,14,46,4,0
0,183,14,51,4,0
0,184,14,52,4,0
0,185,14,52,4,78
0,186,14,59,4,0
0,187,14,59,4,0
0,188,14,59,4,0
0,189,15,0,4,0
0,190,15,3,4,0
0,191,15,4,4,0
0,192,15,5,4,0
0,193,15,7,4,0
0,194,15,8,4,0
0,195,15,8,4,18
0,196,15,12,4,0
0,197,15,15,4,0
0,198,15,22,4,0
0,199,15,24,4,0
0,200,15,24,4,0
0,201,15,28,4,0
0,202,15,31,4,0
0,203,15,38,4,0
0,204,15,40,4,0
0,205,15,41,4,0
0,206,15,42,4,0
0,207,15,42,4,0
0,208,15,43,4,0
0,209,15,45,4,0
0,210,15,47,4,0
0,211,15,48,4,0
0,212,15,53,4,0
0,213,15,54,4,0
0,214,15,58,4,0
0,215,15,58,4,0
0,216,16,2,4,0
0,217,16,2,4,0
0,218,16,3,4,0
0,219,16,3,4,122
0,220,16,9,4,0
0,221,16,10,4,0
0,222,16,11,4,0
0,223,16,16,4,0
0,224,16,17,4,0
0,225,16,17,4,0
0,226,16,19,4,0
0,227,16,24,4,0
0,228,16,25,4,0
0,229,16,29,4,0
0,230,16,34,4,0
0,231,16,36,4,0
0,232,16,37,4,0
0,233,16,39,4,0
0,234,16,41,4,0
0,235,16,41,4,0
0,236,16,43,4,0
0,237,16,43,4,0
0,238,16,44,4,0
0,239,16,48,4,0
0,240,16,51,4,0
0,241,16,55,4,0
0,242,16,57,4,0
0,243,16,58,4,0
0,244,16,58,4,0
0,245,17,4,4,0
0,246,17,5,4,0
0,247,17,8,4,0
0,248,17,8,4,0
0,249,17,14,4,0
0,250,17,14,4,0
0,251,17,22,4,0
0,252,17,26,4,0
0,253,17,30,4,0
0,254,17,31,4,0
0,255,17,32,4,0
0,256,17,35,4,0
0,257,17,36,4,0
0,258,17,37,4,0
0,259,17,37,4,98
0,260,17,45,4,0
0,261,17,49,4,0
0,263,17,55,4,0
0,1,8,0,0,0
0,2,8,0,0,0
0,3,8,3,0,0
0,4,8,4,0,0
0,5,8,6,0,0
0,6,8,10,0,0
0,7,8,10,0,0
0,8,8,11,0,0
0,9,8,15,0,0
0,10,8,18,0,0
0,11,8,21,0,0
0,12,8,26,0,0
0,13,8,30,0,0
0,14,8,32,0,0
0,15,8,33,0,0
0,16,8,35,0,0
0,17,8,36,0,0
0,18,8,38,0,0
0,19,8,40,0,0
0,20,8,40,0,389
1,21,8,46,0,149
2,22,8,46,0,318
1,23,8,49,0,209
0,24,8,53,0,7
0,25,8,56,0,0
0,26,8,58,0,0
0,27,8,59,0,0
0,28,9,1,0,0
0,29,9,5,0,0
0,30,9,13,0,0
0,31,9,14,0,0
0,32,9,16,0,0
0,33,9,21,0,0
0,34,9,22,0,0
0,35,9,26,0,0
0,36,9,26,0,0
0,37,9,28,0,0
0,38,9,29,0,0
0,39,9,30,0,0
0,40,9,33,0,0
0,41,9,33,0,0
0,42,9,34,0,0
0,43,9,35,0,0
0,44,9,35,0,52
0,45,9,36,0,8
1,46,9,36,0,39
0,47,9,40,0,0
0,48,9,40,0,0
0,49,9,43,0,0
0,50,9,46,0,0
0,51,9,47,0,0
0,52,9,50,0,0
0,53,9,51,0,0
0,54,9,51,0,49
0,55,9,52,0,0
0,56,9,53,0,46
1,57,9,53,0,16
0,58,9,55,0,0
0,59,9,58,0,0
0,60,10,0,0,0
0,61,10,6,0,0
0,62,10,13,0,0
0,63,10,13,0,0
0,64,10,17,0,0
0,65,10,17,0,0
0,66,10,22,0,0
0,67,10,24,0,0
0,68,10,27,0,0
0,69,10,29,0,0
0,70,10,30,0,0
0,71,10,33,0,0
0,72,10,34,0,0
0,73,10,38,0,0
0,74,10,40,0,0
0,75,10,41,0,0
0,76,10,41,0,19
0,77,10,42,0,0
0,78,10,43,0,0
0,79,10,44,0,0
0,80,10,45,0,51
0,81,10,50,0,0
0,82,11,1,0,0
0,83,11,5,0,0
0,84,11,6,0,0
0,85,11,9,0,0
0,86,11,10,0,0
0,87,11,11,0,0
0,88,11,11,0,0
0,89,11,12,0,0
0,90,11,12,0,0
0,91,11,12,0,20
0,92,11,18,0,0
0,93,11,21,0,0
0,94,11,23,0,0
0,95,11,26,0,0
0,96,11,26,0,0
0,97,11,28,0,0
0,98,11,31,0,0
0,99,11,32,0,7
0,100,11,34,0,0
0,101,11,37,0,0
0,102,11,39,0,0
0,103,11,41,0,0
0,104,11,42,0,0
0,105,11,47,0,0
0,106,11,50,0,0
0,107,11,50,0,0
0,108,11,52,0,0
0,109,11,58,0,0
0,110,12,0,0,0
0,111,12,3,0,0
0,112,12,7,0,0
0,113,12,10,0,0
0,114,12,11,0,0
0,115,12,11,0,0
0,116,12,13,0,0
0,117,12,15,0,5
0,118,12,19,0,0
0,119,12,19,0,22
0,120,12,24,0,0
0,121,12,24,0,0
0,122,12,28,0,0
0,123,12,29,0,0
0,124,12,30,0,0
0,125,12,32,0,0
0,126,12,36,0,0
0,127,12,44,0,0
0,128,12,48,0,0
0,129,12,54,0,0
0,130,12,54,0,0
0,131,12,56,0,0
0,132,12,58,0,0
0,133,13,1,0,0
0,134,13,5,0,0
0,135,13,6,0,0
0,136,13,8,0,0
0,137,13,14,0,0
0,138,13,17,0,0
0,139,13,25,0,0
0,140,13,26,0,0
0,141,13,28,0,0
0,142,13,30,0,0
0,143,13,32,0,0
0,144,13,35,0,0
0,145,13,38,0,0
0,146,13,40,0,0
0,147,13,40,0,109
1,148,13,42,0,29
1,149,13,43,0,8
0,150,13,45,0,0
0,151,13,46,0,217
1,152,13,48,0,163
2,153,13,49,0,215
2,154,13,50,0,147
0,156,13,55,0,0
0,155,13,55,0,0
0,157,13,55,0,118
1,158,13,57,0,48
0,159,14,0,0,0
0,160,14,15,0,0
0,161,14,20,0,0
0,162,14,21,0,0
0,163,14,25,0,0
0,164,14,29,0,0
0,165,14,36,0,0
0,166,14,37,0,0
0,167,14,37,0,0
0,168,14,56,0,0
0,169,14,56,0,0
0,170,14,57,0,0
0,171,14,59,0,0
0,172,15,1,0,0
0,173,15,4,0,0
0,174,15,6,0,0
0,175,15,9,0,0
0,176,15,11,0,0
0,177,15,14,0,0
0,178,15,14,0,0
0,179,15,31,0,0
0,180,15,33,0,0
0,181,15,34,0,0
0,182,15,34,0,0
0,183,15,36,0,0
0,184,15,40,0,0
0,185,15,46,0,0
0,186,15,48,0,0
0,187,15,49,0,0
0,188,15,51,0,0
0,189,15,51,0,0
0,190,15,52,0,0
0,191,15,52,0,0
0,192,15,56,0,0
0,193,15,57,0,0
0,194,15,58,0,0
0,195,16,2,0,0
0,196,16,4,0,0
0,197,16,12,0,0
0,198,16,12,0,0
0,199,16,17,0,0
0,200,16,17,0,0
0,201,16,21,0,0
0,202,16,23,0,0
0,203,16,24,0,0
0,204,16,30,0,0
0,205,16,31,0,0
0,206,16,33,0,0
0,207,16,37,0,0
0,208,16,40,0,0
0,209,16,42,0,0
0,210,16,43,0,0
0,211,16,43,0,0
0,212,16,43,0,80
0,213,16,47,0,0
0,214,16,51,0,0
0,215,16,58,0,0
0,216,17,0,0,0
0,217,17,2,0,0
0,218,17,6,0,0
0,219,17,7,0,0
0,220,17,10,0,0
0,221,17,10,0,0
0,222,17,11,0,77
1,223,17,12,0,77
2,224,17,12,0,77
0,225,17,14,0,43
0,226,17,16,0,0
0,227,17,18,0,105
0,228,17,20,0,0
0,229,17,24,0,0
0,230,17,25,0,0
0,231,17,29,0,0
0,232,17,30,0,0
0,233,17,31,0,23
0,234,17,50,0,0
0,235,17,52,0,0
0,238,17,56,0,0
0,240,17,57,0,0
0,1,8,0,1,0
0,2,8,1,1,0
0,3,8,1,1,0
0,4,8,5,1,0
0,5,8,9,1,0
0,6,8,10,1,0
0,7,8,10,1,0
0,8,8,11,1,0
0,9,8,12,1,160
1,10,8,12,1,138
2,11,8,13,1,225
3,12,8,14,1,192
3,13,8,14,1,207
3,14,8,15,1,271
4,15,8,15,1,313
1,16,8,20,1,35
0,17,8,21,1,280
1,18,8,22,1,244
2,19,8,22,1,477
1,20,8,27,1,348
0,21,8,34,1,0
0,22,8,36,1,0
0,23,8,37,1,46
0,24,8,41,1,0
0,25,8,44,1,0
0,26,8,46,1,0
0,27,8,49,1,0
0,28,8,51,1,0
0,29,8,51,1,0
0,30,8,55,1,0
0,31,8,55,1,0
0,32,9,2,1,0
0,33,9,2,1,0
0,34,9,5,1,0
0,35,9,6,1,0
0,36,9,8,1,0
0,37,9,8,1,0
0,38,9,9,1,0
0,39,9,11,1,0
0,40,9,12,1,0
0,41,9,17,1,0
0,42,9,18,1,0
0,43,9,19,1,0
0,44,9,19,1,0
0,45,9,20,1,0
0,46,9,21,1,0
0,47,9,24,1,0
0,48,9,26,1,0
0,49,9,27,1,0
0,50,9,31,1,0
0,51,9,35,1,0
0,52,9,41,1,0
0,53,9,43,1,0
0,54,9,47,1,0
0,55,9,57,1,0
0,56,9,59,1,0
0,57,10,3,1,0
0,58,10,5,1,0
0,59,10,5,1,0
0,60,10,6,1,28
0,61,10,7,1,74
0,62,10,10,1,0
0,63,10,10,1,0
0,64,10,12,1,0
0,65,10,13,1,0
0,66,10,14,1,67
0,67,10,15,1,24
0,68,10,18,1,0
0,69,10,19,1,0
0,70,10,25,1,0
0,71,10,31,1,0
0,72,10,36,1,0
0,73,10,39,1,0
0,74,10,41,1,0
0,75,10,41,1,0
0,76,10,42,1,51
0,77,10,45,1,0
0,78,10,45,1,0
0,79,10,57,1,0
0,80,11,2,1,0
0,81,11,3,1,0
0,82,11,7,1,0
0,83,11,9,1,0
0,84,11,14,1,0
0,85,11,31,1,0
0,86,11,32,1,0
0,87,11,34,1,0
0,88,11,35,1,0
0,89,11,39,1,0
0,90,11,40,1,0
0,91,11,42,1,0
0,92,11,43,1,0
0,93,11,43,1,0
0,94,11,44,1,0
0,95,11,45,1,0
0,96,11,49,1,0
0,97,11,51,1,0
0,98,11,51,1,0
0,99,11,53,1,0
0,100,11,55,1,0
0,101,11,55,1,0
0,102,11,56,1,108
1,103,11,57,1,52
0,104,12,4,1,0
0,105,12,5,1,0
0,106,12,6,1,0
0,107,12,9,1,0
0,108,12,12,1,0
0,109,12,14,1,0
0,110,12,24,1,0
0,111,12,24,1,0
0,112,12,25,1,0
0,113,12,28,1,0
0,114,12,33,1,0
0,115,12,37,1,0
0,116,12,38,1,0
0,117,12,39,1,0
0,118,12,39,1,0
0,119,12,41,1,0
0,120,12,41,1,0
0,121,12,44,1,0
0,122,12,47,1,0
0,123,12,50,1,0
0,124,12,54,1,0
0,125,12,56,1,0
0,126,12,57,1,0
0,127,12,58,1,0
0,128,13,0,1,0
0,129,13,4,1,0
0,130,13,5,1,0
0,131,13,6,1,0
0,132,13,6,1,0
0,133,13,8,1,0
0,134,13,11,1,0
0,135,13,13,1,0
0,136,13,13,1,0
0,137,13,16,1,0
0,138,13,17,1,0
0,139,13,19,1,0
0,140,13,24,1,0
0,141,13,25,1,0
0,142,13,25,1,0
0,143,13,26,1,15
0,144,13,26,1,72
0,145,13,30,1,0
0,146,13,33,1,0
0,147,13,35,1,0
0,148,13,36,1,0
0,149,13,36,1,37
0,150,13,40,1,0
0,151,13,40,1,0
0,152,13,41,1,24
0,153,13,42,1,6
1,154,13,42,1,183
1,155,13,43,1,316
2,156,13,43,1,307
3,157,13,44,1,384
4,158,13,44,1,411
5,159,13,44,1,452
5,160,13,46,1,471
5,161,13,48,1,348
4,162,13,50,1,228
4,163,13,51,1,176
4,164,13,53,1,159
0,165,13,58,1,0
0,166,13,59,1,0
0,167,14,0,1,0
0,168,14,7,1,0
0,169,14,7,1,0
0,170,14,13,1,0
0,171,14,19,1,0
0,172,14,21,1,0
0,173,14,26,1,0
0,174,14,26,1,0
0,175,14,27,1,0
0,176,14,31,1,0
0,177,14,35,1,0
0,178,14,38,1,0
0,179,14,40,1,0
0,180,14,41,1,0
0,181,14,41,1,0
0,182,14,48,1,0
0,183,14,49,1,0
0,184,14,51,1,0
0,185,14,55,1,0
0,186,14,57,1,0
0,187,14,58,1,0
0,188,15,0,1,0
0,189,15,0,1,0
0,190,15,2,1,0
0,191,15,2,1,0
0,192,15,6,1,0
0,193,15,8,1,0
0,194,15,10,1,0
0,195,15,13,1,0
0,196,15,15,1,0
0,197,15,17,1,0
0,198,15,18,1,0
0,199,15,20,1,0
0,200,15,20,1,94
0,201,15,22,1,41
0,202,15,24,1,0
0,203,15,25,1,112
0,204,15,31,1,0
0,205,15,32,1,0
0,206,15,33,1,0
0,207,15,34,1,62
0,208,15,35,1,134
1,209,15,36,1,116
0,210,15,38,1,276
1,211,15,38,1,494
2,212,15,38,1,525
3,213,15,39,1,500
4,214,15,39,1,492
5,215,15,41,1,710
5,216,15,46,1,458
3,217,15,47,1,387
3,218,15,48,1,454
4,219,15,51,1,293
5,220,15,51,1,622
1,221,15,56,1,447
2,222,15,58,1,410
3,223,15,59,1,400
4,224,16,1,1,335
0,225,16,8,1,0
0,226,16,8,1,82
0,227,16,11,1,0
0,228,16,15,1,0
0,229,16,17,1,0
0,230,16,17,1,0
0,231,16,18,1,0
0,232,16,21,1,0
0,233,16,22,1,0
0,234,16,22,1,0
0,235,16,24,1,0
0,236,16,26,1,6
0,237,16,26,1,0
0,238,16,30,1,15
1,239,16,30,1,34
0,240,16,31,1,128
1,241,16,32,1,211
0,242,16,36,1,217
1,243,16,36,1,494
2,244,16,39,1,373
0,245,16,48,1,0
0,246,16,50,1,0
0,247,16,50,1,0
0,248,16,51,1,0
0,249,16,58,1,0
0,250,17,2,1,0
0,251,17,2,1,0
0,252,17,3,1,157
0,253,17,6,1,303
1,254,17,7,1,391
2,255,17,7,1,403
3,256,17,8,1,407
3,257,17,13,1,116
0,258,17,16,1,0
0,259,17,18,1,0
0,260,17,20,1,0
0,261,17,27,1,0
0,262,17,28,1,0
0,263,17,38,1,0
0,266,17,49,1,0
0,268,17,50,1,216
0,1,8,0,2,0
0,2,8,2,2,0
0,3,8,5,2,0
0,4,8,14,2,0
0,5,8,15,2,0
0,6,8,16,2,0
0,7,8,18,2,0
0,8,8,19,2,0
0,9,8,21,2,0
0,10,8,22,2,0
0,11,8,26,2,0
0,12,8,33,2,0
0,13,8,34,2,0
0,14,8,36,2,0
0,15,8,36,2,0
0,16,8,37,2,1
0,17,8,44,2,0
0,18,8,45,2,0
0,19,8,46,2,1
0,20,8,46,2,62
0,21,8,48,2,0
0,22,8,51,2,0
0,23,8,52,2,0
0,24,8,57,2,0
0,25,8,57,2,0
0,26,8,59,2,0
0,27,9,1,2,0
0,28,9,3,2,0
0,29,9,4,2,0
0,30,9,4,2,0
0,31,9,4,2,28
0,32,9,8,2,0
0,33,9,9,2,0
0,34,9,10,2,0
0,35,9,12,2,0
0,36,9,12,2,0
0,37,9,18,2,0
0,38,9,21,2,0
0,39,9,25,2,0
0,40,9,25,2,0
0,41,9,26,2,0
0,42,9,27,2,0
0,43,9,33,2,0
0,44,9,39,2,0
0,45,9,43,2,0
0,46,9,46,2,0
0,47,9,48,2,0
0,48,9,54,2,0
0,49,9,57,2,0
0,50,9,58,2,0
0,51,10,1,2,0
0,52,10,3,2,0
0,53,10,4,2,0
0,54,10,24,2,0
0,55,10,24,2,0
0,56,10,24,2,0
0,57,10,25,2,0
0,58,10,25,2,0
0,59,10,33,2,0
0,60,10,33,2,0
0,61,10,40,2,0
0,62,10,44,2,0
0,63,10,51,2,0
0,64,10,52,2,0
0,65,10,53,2,0
0,66,10,56,2,0
0,67,10,56,2,0
0,68,11,0,2,0
0,69,11,0,2,0
0,70,11,2,2,0
0,71,11,2,2,0
0,72,11,5,2,0
0,73,11,6,2,0
0,74,11,10,2,0
0,75,11,13,2,0
0,76,11,15,2,0
0,77,11,19,2,0
0,78,11,21,2,0
0,79,11,30,2,0
0,80,11,32,2,0
0,81,11,34,2,0
0,82,11,39,2,0
0,83,11,40,2,0
0,84,11,44,2,0
0,85,11,45,2,0
0,86,11,47,2,0
0,87,11,51,2,0
0,88,11,56,2,0
0,89,12,0,2,0
0,90,12,1,2,0
0,91,12,3,2,0
0,92,12,5,2,0
0,93,12,6,2,0
0,94,12,7,2,0
0,95,12,12,2,0
0,96,12,13,2,0
0,97,12,14,2,0
0,98,12,15,2,0
0,99,12,15,2,0
0,100,12,18,2,0
0,101,12,18,2,0
0,102,12,19,2,48
0,103,12,22,2,0
0,104,12,22,2,36
0,105,12,28,2,0
0,106,12,37,2,0
0,107,12,39,2,0
0,108,12,39,2,0
0,109,12,41,2,0
0,110,12,41,2,0
0,111,12,48,2,0
0,112,12,50,2,0
0,113,12,53,2,0
0,114,12,54,2,0
0,115,12,55,2,0
0,116,12,55,2,0
0,117,12,57,2,0
0,118,12,58,2,0
0,119,12,59,2,0
0,120,13,4,2,0
0,121,13,5,2,0
0,122,13,13,2,0
0,123,13,14,2,0
0,124,13,14,2,0
0,125,13,16,2,0
0,126,13,18,2,0
0,127,13,22,2,0
0,128,13,29,2,0
0,129,13,31,2,0
0,130,13,31,2,0
0,131,13,39,2,0
0,132,13,43,2,0
0,133,13,44,2,0
0,134,13,50,2,0
0,135,13,53,2,0
0,136,13,54,2,0
0,137,13,54,2,0
0,138,13,56,2,0
0,139,13,56,2,0
0,140,13,56,2,0
0,141,13,58,2,0
0,142,13,59,2,0
0,143,14,12,2,0
0,144,14,13,2,0
0,145,14,15,2,0
0,146,14,17,2,0
0,147,14,19,2,0
0,148,14,21,2,0
0,149,14,24,2,0
0,150,14,28,2,0
0,151,14,31,2,0
0,152,14,32,2,0
0,153,14,35,2,0
0,154,14,36,2,0
0,155,14,36,2,0
0,156,14,53,2,0
0,157,14,53,2,0
0,158,14,57,2,0
0,159,14,57,2,0
0,160,14,58,2,0
0,161,14,59,2,0
0,162,15,2,2,0
0,163,15,7,2,0
0,164,15,9,2,0
0,165,15,11,2,0
0,166,15,13,2,0
0,167,15,15,2,0
0,168,15,16,2,0
0,169,15,18,2,0
0,170,15,19,2,0
0,171,15,21,2,0
0,172,15,26,2,0
0,173,15,28,2,0
0,174,15,31,2,0
0,175,15,37,2,0
0,176,15,40,2,0
0,177,15,41,2,0
0,178,15,41,2,332
1,179,15,42,2,332
2,180,15,46,2,173
0,181,15,49,2,212
1,182,15,51,2,131
0,183,15,56,2,0
0,184,15,58,2,0
0,185,16,1,2,0
0,186,16,6,2,0
0,187,16,9,2,0
0,188,16,11,2,0
0,189,16,12,2,0
0,190,16,12,2,0
0,191,16,13,2,0
0,192,16,18,2,0
0,193,16,24,2,0
0,194,16,25,2,0
0,195,16,25,2,0
0,196,16,27,2,0
0,197,16,28,2,0
0,198,16,29,2,0
0,199,16,29,2,8
0,200,16,32,2,330
1,201,16,33,2,575
2,202,16,35,2,525
2,203,16,41,2,207
3,204,16,42,2,161
0,205,16,45,2,0
0,206,16,46,2,0
0,207,16,47,2,136
1,208,16,49,2,92
1,209,16,50,2,22
0,210,16,51,2,88
1,211,16,51,2,129
0,212,16,54,2,0
0,213,16,54,2,79
1,214,16,54,2,63
2,215,16,55,2,50
1,216,16,56,2,172
1,217,16,56,2,210
2,218,16,58,2,144
1,219,17,0,2,14
0,220,17,5,2,0
0,221,17,5,2,0
0,222,17,9,2,25
0,223,17,14,2,0
0,224,17,17,2,0
0,225,17,17,2,0
0,226,17,18,2,0
0,227,17,24,2,0
0,228,17,31,2,0
0,229,17,33,2,0
0,230,17,35,2,0
0,231,17,37,2,0
0,232,17,42,2,0
0,233,17,42,2,0
0,234,17,44,2,0
0,235,17,44,2,0
0,236,17,47,2,0
0,238,17,51,2,0
0,239,17,55,2,0
0,1,8,0,3,0
0,2,8,6,3,0
0,3,8,8,3,0
0,4,8,10,3,0
0,5,8,11,3,0
0,6,8,12,3,0
0,7,8,13,3,0
0,8,8,19,3,0
0,9,8,19,3,0
0,10,8,19,3,0
0,11,8,22,3,0
0,12,8,33,3,0
0,13,8,37,3,0
0,14,8,39,3,0
0,15,8,40,3,0
0,16,8,47,3,0
0,17,8,49,3,0
0,18,8,51,3,0
0,19,8,52,3,0
0,20,8,53,3,0
0,21,8,57,3,0
0,22,8,58,3,0
0,23,8,59,3,0
0,24,9,0,3,0
0,25,9,1,3,0
0,26,9,3,3,0
0,27,9,3,3,132
0,28,9,8,3,0
0,29,9,15,3,0
0,30,9,20,3,0
0,31,9,20,3,0
0,32,9,22,3,0
0,33,9,22,3,0
0,34,9,23,3,0
0,35,9,25,3,93
1,36,9,25,3,99
0,37,9,29,3,0
0,38,9,36,3,0
0,39,9,39,3,0
0,40,9,41,3,0
0,41,9,41,3,0
0,42,9,42,3,0
0,43,9,44,3,0
0,44,9,47,3,0
0,45,9,51,3,0
0,46,9,52,3,0
0,47,9,55,3,0
0,48,9,58,3,0
0,49,10,0,3,0
0,50,10,1,3,0
0,51,10,3,3,0
0,52,10,5,3,0
0,53,10,11,3,0
0,54,10,12,3,0
0,55,10,15,3,0
0,56,10,22,3,0
0,57,10,27,3,0
0,58,10,31,3,0
0,59,10,35,3,0
0,60,10,41,3,0
0,61,10,50,3,0
0,62,10,52,3,0
0,63,10,54,3,0
0,64,10,54,3,0
0,65,10,57,3,0
0,66,10,57,3,0
0,67,10,59,3,0
0,68,11,2,3,0
0,69,11,7,3,0
0,70,11,7,3,0
0,71,11,10,3,0
0,72,11,10,3,0
0,73,11,10,3,0
0,74,11,12,3,0
0,75,11,16,3,0
0,76,11,18,3,0
0,77,11,25,3,0
0,78,11,36,3,0
0,79,11,37,3,0
0,80,11,37,3,0
0,81,11,42,3,0
0,82,11,42,3,0
0,83,11,46,3,0
0,84,11,46,3,0
0,85,11,48,3,0
0,86,11,52,3,0
0,87,11,53,3,0
0,88,11,59,3,0
0,89,12,1,3,0
0,90,12,6,3,0
0,91,12,11,3,0
0,92,12,13,3,0
0,93,12,15,3,0
0,94,12,15,3,0
0,95,12,15,3,115
1,96,12,15,3,351
2,97,12,17,3,329
2,98,12,17,3,655
3,99,12,18,3,663
2,100,12,26,3,539
3,101,12,26,3,576
4,102,12,28,3,465
3,103,12,35,3,204
0,104,12,40,3,0
0,105,12,43,3,0
0,106,12,43,3,0
0,107,12,45,3,0
0,108,12,47,3,0
0,109,12,50,3,0
0,110,12,51,3,0
0,111,12,51,3,353
1,112,12,56,3,352
1,113,13,0,3,244
1,114,13,2,3,187
1,115,13,4,3,106
0,116,13,8,3,14
0,117,13,9,3,0
0,118,13,11,3,0
0,119,13,12,3,127
1,120,13,13,3,82
0,121,13,16,3,0
0,122,13,16,3,112
0,123,13,19,3,0
0,124,13,19,3,0
0,125,13,21,3,28
0,126,13,22,3,25
0,127,13,24,3,0
0,128,13,26,3,0
0,129,13,26,3,59
1,130,13,26,3,76
0,131,13,28,3,155
1,132,13,29,3,141
2,133,13,31,3,149
3,134,13,31,3,154
2,135,13,32,3,175
1,136,13,34,3,168
1,137,13,36,3,94
0,138,13,47,3,0
0,139,13,47,3,0
0,140,13,49,3,0
0,141,13,49,3,0
0,142,13,50,3,240
1,143,13,53,3,236
0,144,14,2,3,0
0,145,14,8,3,0
0,146,14,9,3,0
0,147,14,10,3,0
0,148,14,11,3,0
0,149,14,14,3,0
0,150,14,15,3,0
0,151,14,17,3,0
0,152,14,17,3,0
0,153,14,20,3,0
0,154,14,21,3,0
0,155,14,22,3,0
0,156,14,24,3,0
0,157,14,26,3,0
0,158,14,27,3,0
0,159,14,29,3,0
0,160,14,33,3,0
0,161,14,37,3,0
0,162,14,38,3,0
0,163,14,38,3,0
0,164,14,39,3,0
0,165,14,40,3,0
0,166,14,44,3,0
0,167,14,46,3,0
0,168,14,49,3,0
0,169,14,51,3,0
0,170,14,52,3,0
0,171,14,55,3,0
0,172,14,56,3,0
0,173,14,59,3,0
0,174,14,59,3,0
0,175,15,2,3,0
0,176,15,2,3,0
0,177,15,4,3,0
0,178,15,7,3,0
0,179,15,8,3,0
0,180,15,9,3,0
0,181,15,13,3,0
0,182,15,14,3,0
0,183,15,17,3,0
0,184,15,23,3,0
0,185,15,25,3,0
0,186,15,26,3,0
0,187,15,28,3,0
0,188,15,29,3,0
0,189,15,31,3,0
0,190,15,32,3,25
0,191,15,33,3,103
1,192,15,34,3,175
1,193,15,36,3,119
1,194,15,37,3,62
2,195,15,38,3,56
2,196,15,38,3,220
1,197,15,39,3,149
0,198,15,42,3,52
0,199,15,52,3,0
0,200,15,53,3,0
0,201,15,53,3,0
0,202,15,59,3,0
0,203,15,59,3,0
0,204,16,0,3,0
0,205,16,4,3,0
0,206,16,4,3,0
0,207,16,6,3,0
0,208,16,6,3,0
0,209,16,6,3,4
0,210,16,11,3,0
0,211,16,13,3,0
0,212,16,16,3,0
0,213,16,18,3,0
0,214,16,27,3,0
0,215,16,28,3,0
0,216,16,28,3,0
0,217,16,29,3,0
0,218,16,34,3,0
0,219,16,35,3,0
0,220,16,36,3,0
0,221,16,38,3,0
0,222,16,39,3,0
0,223,16,40,3,0
0,224,16,41,3,0
0,225,16,41,3,0
0,226,16,42,3,0
0,227,16,46,3,0
0,228,16,48,3,0
0,229,16,57,3,0
0,230,17,0,3,0
0,231,17,3,3,0
0,232,17,5,3,0
0,233,17,5,3,0
0,234,17,5,3,0
0,235,17,7,3,200
0,236,17,11,3,0
0,237,17,16,3,0
0,238,17,18,3,0
0,239,17,26,3,0
0,240,17,33,3,0
0,241,17,38,3,0
0,242,17,40,3,0
0,244,17,43,3,0
0,1,8,0,4,0
0,2,8,0,4,0
0,3,8,1,4,0
0,4,8,2,4,0
0,5,8,8,4,0
0,6,8,9,4,0
0,7,8,10,4,0
0,8,8,15,4,0
0,9,8,19,4,0
0,10,8,20,4,0
0,11,8,24,4,0
0,12,8,25,4,0
0,13,8,26,4,59
0,14,8,27,4,4
0,15,8,28,4,0
0,16,8,29,4,42
1,17,8,30,4,17
0,18,8,30,4,34
0,19,8,32,4,142
1,20,8,32,4,265
1,21,8,34,4,121
2,22,8,35,4,132
3,23,8,35,4,262
4,24,8,35,4,381
5,25,8,36,4,373
2,26,8,40,4,166
0,27,8,50,4,0
0,28,8,54,4,0
0,29,8,54,4,0
0,30,9,2,4,0
0,31,9,5,4,0
0,32,9,5,4,0
0,33,9,8,4,0
0,34,9,10,4,0
0,35,9,20,4,0
0,36,9,20,4,0
0,37,9,20,4,0
0,38,9,21,4,0
0,39,9,21,4,0
0,40,9,39,4,0
0,41,9,40,4,0
0,42,9,45,4,0
0,43,9,47,4,0
0,44,9,49,4,0
0,45,9,52,4,0
0,46,9,52,4,0
0,47,9,52,4,64
1,48,9,52,4,73
0,49,9,58,4,0
0,50,10,1,4,0
0,51,10,4,4,0
0,52,10,6,4,0
0,53,10,12,4,0
0,54,10,12,4,0
0,55,10,12,4,0
0,56,10,16,4,0
0,57,10,17,4,0
0,58,10,18,4,0
0,59,10,20,4,0
0,60,10,21,4,0
0,61,10,22,4,0
0,62,10,25,4,61
0,63,10,26,4,0
0,64,10,27,4,0
0,65,10,28,4,0
0,66,10,30,4,0
0,67,10,36,4,0
0,68,10,36,4,0
0,69,10,37,4,0
0,70,10,37,4,0
0,71,10,38,4,40
1,72,10,39,4,9
0,73,10,45,4,0
0,74,10,46,4,0
0,75,10,47,4,0
0,76,10,48,4,0
0,77,10,50,4,0
0,78,10,55,4,0
0,79,10,56,4,0
0,80,10,59,4,0
0,81,11,0,4,0
0,82,11,0,4,96
1,83,11,1,4,126
2,84,11,2,4,86
2,85,11,2,4,159
0,86,11,7,4,0
0,87,11,9,4,0
0,88,11,10,4,0
0,89,11,11,4,0
0,90,11,13,4,0
0,91,11,18,4,0
0,92,11,23,4,0
0,93,11,24,4,0
0,94,11,25,4,0
0,95,11,25,4,119
1,96,11,26,4,217
1,97,11,27,4,217
0,98,11,32,4,157
0,99,11,36,4,50
1,100,11,36,4,55
0,101,11,40,4,0
0,102,11,43,4,0
0,103,11,45,4,0
0,104,11,45,4,0
0,105,11,46,4,0
0,106,11,46,4,21
0,107,11,47,4,0
0,108,11,50,4,0
0,109,11,50,4,0
0,110,11,55,4,0
0,111,11,55,4,0
0,112,11,56,4,0
0,113,11,57,4,71
0,114,12,0,4,2
0,115,12,5,4,0
0,116,12,5,4,0
0,117,12,8,4,0
0,118,12,9,4,0
0,119,12,10,4,0
0,120,12,14,4,0
0,121,12,16,4,0
0,122,12,17,4,0
0,123,12,22,4,0
0,124,12,23,4,0
0,125,12,25,4,0
0,126,12,27,4,0
0,127,12,29,4,0
0,128,12,38,4,0
0,129,12,40,4,0
0,130,12,43,4,0
0,131,12,45,4,0
0,132,12,47,4,0
0,133,12,52,4,0
0,134,12,53,4,0
0,135,12,53,4,63
0,136,12,58,4,0
0,137,12,58,4,0
0,138,12,58,4,0
0,139,12,59,4,133
0,140,13,2,4,73
0,141,13,11,4,0
0,142,13,11,4,0
0,143,13,11,4,0
0,144,13,12,4,95
1,145,13,12,4,81
0,146,13,14,4,0
0,147,13,15,4,172
0,148,13,18,4,13
1,149,13,18,4,14
0,150,13,21,4,0
0,151,13,28,4,0
0,152,13,28,4,0
0,153,13,33,4,0
0,154,13,38,4,0
0,155,13,38,4,0
0,156,13,42,4,0
0,157,13,45,4,0
0,158,13,46,4,0
0,159,13,49,4,0
0,160,13,49,4,0
0,161,13,58,4,0
0,162,14,7,4,0
0,163,14,11,4,0
0,164,14,13,4,0
0,165,14,14,4,0
0,166,14,14,4,0
0,167,14,17,4,132
1,168,14,19,4,128
2,169,14,19,4,149
1,170,14,21,4,28
1,171,14,21,4,20
0,172,14,22,4,0
0,173,14,24,4,0
0,174,14,27,4,0
0,175,14,35,4,0
0,176,14,36,4,0
0,177,14,38,4,0
0,178,14,41,4,0
0,179,14,42,4,0
0,180,14,42,4,253
1,181,14,42,4,502
2,182,14,43,4,496
2,183,14,46,4,498
3,184,14,50,4,366
2,185,14,53,4,178
2,186,14,55,4,241
3,187,14,55,4,523
4,188,14,56,4,614
2,189,15,1,4,325
3,190,15,2,4,391
3,191,15,4,4,256
4,192,15,5,4,269
3,193,15,8,4,102
0,194,15,16,4,0
0,195,15,16,4,0
0,196,15,16,4,29
0,197,15,18,4,13
0,198,15,21,4,28
0,199,15,22,4,40
0,200,15,25,4,7
0,201,15,28,4,0
0,202,15,34,4,0
0,203,15,39,4,0
0,204,15,42,4,0
0,205,15,49,4,0
0,206,15,51,4,0
0,207,15,52,4,0
0,208,15,53,4,0
0,209,15,58,4,0
0,210,15,59,4,0
0,211,16,0,4,0
0,212,16,4,4,0
0,213,16,9,4,0
0,214,16,10,4,18
0,215,16,13,4,0
0,216,16,13,4,0
0,217,16,16,4,0
0,218,16,18,4,0
0,219,16,23,4,0
0,220,16,24,4,0
0,221,16,27,4,0
0,222,16,27,4,0
0,223,16,28,4,0
0,224,16,30,4,19
0,225,16,31,4,5
0,226,16,32,4,5
0,227,16,34,4,0
0,228,16,36,4,0
0,229,16,41,4,0
0,230,16,42,4,0
0,231,16,45,4,0
0,232,16,45,4,0
0,233,16,45,4,0
0,234,16,47,4,0
0,235,16,49,4,45
0,236,16,52,4,0
0,237,16,58,4,0
0,238,17,4,4,0
0,239,17,8,4,0
0,240,17,20,4,0
0,241,17,21,4,0
0,242,17,29,4,0
0,243,17,30,4,0
0,244,17,30,4,0
0,245,17,31,4,0
0,246,17,32,4,0
0,247,17,33,4,0
0,248,17,36,4,0
0,249,17,36,4,0
0,250,17,36,4,0
0,251,17,36,4,0
0,252,17,38,4,0
0,253,17,40,4,0
0,254,17,40,4,64
1,255,17,41,4,295
2,257,17,41,4,361
2,258,17,43,4,263
3,259,17,44,4,255
4,260,17,45,4,208
4,261,17,47,4,162
3,262,17,48,4,122
0,263,17,51,4,46
0,1,8,0,0,0
0,2,8,0,0,0
0,3,8,1,0,0
0,4,8,1,0,0
0,5,8,2,0,0
0,6,8,3,0,0
0,7,8,5,0,0
0,8,8,9,0,0
0,9,8,14,0,0
0,10,8,17,0,0
0,11,8,18,0,0
0,12,8,20,0,0
0,13,8,25,0,0
0,14,8,28,0,0
0,15,8,29,0,0
0,16,8,30,0,0
0,17,8,32,0,0
0,18,8,33,0,0
0,19,8,37,0,0
0,20,8,41,0,0
0,21,8,44,0,0
0,22,8,45,0,0
0,23,8,47,0,0
0,24,8,48,0,259
0,25,8,59,0,0
0,26,9,3,0,0
0,27,9,3,0,0
0,28,9,5,0,0
0,29,9,5,0,0
0,30,9,7,0,0
0,31,9,8,0,0
0,32,9,10,0,0
0,33,9,14,0,0
0,34,9,18,0,0
0,35,9,19,0,0
0,36,9,22,0,0
0,37,9,22,0,0
0,38,9,23,0,0
0,39,9,30,0,0
0,40,9,31,0,0
0,41,9,32,0,0
0,42,9,33,0,0
0,43,9,33,0,0
0,44,9,35,0,0
0,45,9,35,0,0
0,46,9,36,0,165
1,47,9,38,0,65
1,48,9,39,0,74
0,49,9,41,0,83
0,50,9,44,0,0
0,51,9,46,0,0
0,52,9,46,0,0
0,53,9,47,0,0
0,54,9,48,0,6
0,55,9,50,0,0
0,56,9,57,0,0
0,57,9,58,0,0
0,58,9,58,0,0
0,59,10,3,0,0
0,60,10,4,0,0
0,61,10,6,0,0
0,62,10,6,0,0
0,63,10,8,0,0
0,64,10,9,0,28
0,65,10,15,0,0
0,66,10,16,0,0
0,67,10,17,0,73
0,68,10,19,0,0
0,69,10,31,0,0
0,70,10,31,0,0
0,71,10,40,0,0
0,72,10,43,0,0
0,73,10,50,0,0
0,74,10,50,0,0
0,75,10,51,0,0
0,76,10,54,0,0
0,77,10,54,0,0
0,78,10,56,0,0
0,79,10,57,0,0
0,80,10,57,0,0
0,81,11,5,0,0
0,82,11,8,0,0
0,83,11,10,0,0
0,84,11,10,0,0
0,85,11,12,0,0
0,86,11,12,0,154
1,87,11,13,0,103
2,88,11,13,0,115
0,89,11,16,0,0
0,90,11,18,0,47
0,91,11,20,0,0
0,92,11,22,0,0
0,93,11,27,0,0
0,94,11,29,0,0
0,95,11,29,0,0
0,96,11,31,0,0
0,97,11,38,0,0
0,98,11,38,0,0
0,99,11,39,0,0
0,100,11,40,0,0
0,101,11,40,0,0
0,102,11,41,0,298
1,103,11,42,0,242
2,104,11,44,0,144
1,105,11,46,0,275
1,106,11,48,0,208
2,107,11,49,0,542
3,108,11,50,0,701
2,109,11,57,0,282
2,110,12,1,0,155
1,111,12,2,0,149
0,112,12,9,0,0
0,113,12,10,0,0
0,114,12,10,0,0
0,115,12,11,0,65
0,116,12,14,0,0
0,117,12,17,0,0
0,118,12,18,0,0
0,119,12,25,0,0
0,120,12,27,0,0
0,121,12,27,0,0
0,122,12,29,0,0
0,123,12,31,0,19
0,124,12,33,0,0
0,125,12,36,0,0
0,126,12,37,0,0
0,127,12,39,0,0
0,128,12,41,0,0
0,129,12,42,0,0
0,130,12,44,0,0
0,131,12,45,0,0
0,132,12,46,0,0
0,133,12,48,0,0
0,134,12,49,0,0
0,135,12,49,0,0
0,136,12,50,0,28
0,137,12,50,0,41
1,138,12,51,0,23
0,139,12,56,0,0
0,140,12,56,0,0
0,141,12,57,0,0
0,142,12,58,0,0
0,143,13,0,0,0
0,144,13,3,0,0
0,145,13,3,0,0
0,146,13,6,0,0
0,147,13,8,0,0
0,148,13,8,0,0
0,149,13,9,0,0
0,150,13,11,0,0
0,151,13,13,0,0
0,152,13,16,0,0
0,153,13,18,0,0
0,154,13,18,0,0
0,155,13,22,0,0
0,156,13,25,0,0
0,157,13,27,0,0
0,158,13,31,0,0
0,159,13,35,0,0
0,160,13,35,0,0
0,161,13,36,0,0
0,162,13,40,0,0
0,163,13,43,0,0
0,164,13,44,0,0
0,165,13,45,0,0
0,166,13,48,0,0
0,167,13,48,0,0
0,168,13,49,0,0
0,169,13,49,0,224
1,170,13,49,0,346
2,171,13,52,0,382
1,172,13,55,0,233
2,173,13,55,0,456
3,174,13,59,0,373
4,175,13,59,0,378
3,176,13,59,0,356
3,177,14,4,0,192
1,178,14,5,0,103
2,179,14,6,0,79
0,180,14,8,0,17
0,181,14,8,0,0
0,182,14,11,0,0
0,183,14,13,0,0
0,184,14,13,0,0
0,185,14,15,0,0
0,186,14,15,0,76
0,187,14,20,0,0
0,188,14,20,0,0
0,189,14,22,0,0
0,190,14,24,0,0
0,191,14,29,0,0
0,192,14,30,0,0
0,193,14,32,0,0
0,194,14,33,0,0
0,195,14,35,0,0
0,196,14,40,0,0
0,197,14,41,0,0
0,198,14,42,0,0
0,199,14,45,0,0
0,200,14,48,0,0
0,201,14,48,0,0
0,202,14,49,0,0
0,203,14,49,0,0
0,204,14,50,0,128
0,205,14,53,0,79
1,206,14,54,0,46
0,207,14,55,0,78
1,208,14,56,0,82
0,209,14,59,0,0
0,210,14,59,0,0
0,211,14,59,0,8
0,212,15,0,0,124
0,213,15,2,0,119
0,214,15,7,0,0
0,215,15,10,0,0
0,216,15,12,0,0
0,217,15,13,0,0
0,218,15,19,0,0
0,219,15,21,0,0
0,220,15,26,0,0
0,221,15,28,0,135
1,222,15,29,0,78
0,223,15,31,0,24
0,224,15,32,0,58
1,225,15,32,0,211
0,226,15,36,0,35
0,227,15,38,0,0
0,228,15,39,0,0
0,229,15,40,0,0
0,230,15,43,0,0
0,231,15,43,0,58
0,232,15,45,0,0
0,233,15,46,0,0
0,234,15,47,0,0
0,235,15,48,0,0
0,236,15,52,0,0
0,237,15,57,0,0
0,238,16,0,0,0
0,239,16,3,0,0
0,240,16,3,0,0
0,241,16,4,0,0
0,242,16,6,0,0
0,243,16,7,0,0
0,244,16,8,0,0
0,245,16,10,0,0
0,246,16,13,0,0
0,247,16,14,0,0
0,248,16,17,0,61
1,249,16,17,0,155
2,250,16,17,0,137
2,251,16,19,0,65
0,252,16,28,0,0
0,253,16,36,0,0
0,254,16,36,0,0
0,255,16,37,0,0
0,256,16,42,0,0
0,257,16,43,0,0
0,258,16,44,0,0
0,259,16,46,0,0
0,260,16,52,0,0
0,261,16,53,0,0
0,262,16,53,0,0
0,263,16,56,0,0
0,264,17,2,0,0
0,265,17,3,0,0
0,266,17,8,0,0
0,267,17,9,0,0
0,268,17,10,0,0
0,269,17,11,0,0
0,270,17,20,0,0
0,271,17,24,0,0
0,272,17,24,0,0
0,273,17,30,0,0
0,274,17,33,0,0
0,275,17,34,0,0
0,276,17,35,0,0
0,277,17,40,0,0
0,278,17,40,0,0
0,279,17,50,0,0
0,280,17,50,0,0
0,282,17,56,0,0
0,1,8,0,1,0
0,2,8,0,1,0
0,3,8,2,1,0
0,4,8,3,1,0
0,5,8,6,1,0
0,6,8,6,1,0
0,7,8,7,1,0
0,8,8,8,1,0
0,9,8,15,1,0
0,10,8,18,1,0
0,11,8,22,1,0
0,12,8,24,1,0
0,13,8,24,1,0
0,14,8,26,1,0
0,15,8,28,1,0
0,16,8,31,1,0
0,17,8,31,1,0
0,18,8,37,1,0
0,19,8,37,1,0
0,20,8,39,1,0
0,21,8,39,1,64
0,22,8,44,1,6
0,23,8,45,1,0
0,24,8,47,1,0
0,25,8,52,1,0
0,26,8,52,1,0
0,27,8,53,1,0
0,28,8,58,1,0
0,29,8,59,1,0
0,30,9,0,1,0
0,31,9,2,1,0
0,32,9,3,1,0
0,33,9,8,1,0
0,34,9,10,1,0
0,35,9,13,1,0
0,36,9,13,1,0
0,37,9,14,1,0
0,38,9,16,1,0
0,39,9,27,1,0
0,40,9,27,1,0
0,41,9,28,1,0
0,42,9,30,1,0
0,43,9,32,1,0
0,44,9,37,1,0
0,45,9,38,1,0
0,46,9,39,1,0
0,47,9,41,1,0
0,48,9,43,1,0
0,49,9,44,1,0
0,50,9,51,1,0
0,51,9,52,1,0
0,52,9,53,1,0
0,53,10,0,1,0
0,54,10,4,1,0
0,55,10,5,1,0
0,56,10,6,1,95
1,57,10,6,1,266
2,58,10,6,1,265
3,59,10,6,1,320
4,60,10,7,1,359
4,61,10,9,1,428
1,62,10,14,1,152
0,63,10,19,1,96
0,64,10,23,1,0
0,65,10,26,1,0
0,66,10,26,1,0
0,67,10,27,1,7
0,68,10,31,1,0
0,69,10,32,1,0
0,70,10,34,1,0
0,71,10,35,1,0
0,72,10,35,1,0
0,73,10,35,1,1
0,74,10,38,1,0
0,75,10,38,1,0
0,76,10,40,1,0
0,77,10,41,1,13
0,78,10,44,1,101
1,79,10,46,1,84
0,80,10,48,1,27
0,81,10,49,1,197
1,82,10,52,1,67
0,83,10,54,1,202
0,84,10,59,1,0
0,85,10,59,1,3
0,86,11,0,1,148
1,87,11,0,1,193
2,88,11,2,1,149
0,89,11,8,1,0
0,90,11,9,1,0
0,91,11,11,1,0
0,92,11,12,1,0
0,93,11,14,1,0
0,94,11,17,1,0
0,95,11,19,1,0
0,96,11,19,1,0
0,97,11,22,1,0
0,98,11,25,1,0
0,99,11,26,1,0
0,100,11,27,1,0
0,101,11,32,1,0
0,102,11,37,1,0
0,103,11,42,1,0
0,104,11,46,1,0
0,105,11,47,1,0
0,106,11,48,1,0
0,107,11,50,1,0
0,108,11,58,1,0
0,109,12,1,1,0
0,110,12,1,1,0
0,111,12,3,1,0
0,112,12,12,1,0
0,113,12,13,1,0
0,114,12,13,1,0
0,115,12,16,1,0
0,116,12,21,1,0
0,117,12,25,1,0
0,118,12,39,1,0
0,119,12,42,1,0
0,120,12,43,1,0
0,121,12,47,1,0
0,122,12,48,1,0
0,123,12,52,1,0
0,124,13,1,1,0
0,125,13,8,1,0
0,126,13,10,1,0
0,127,13,15,1,0
0,128,13,17,1,0
0,129,13,20,1,0
0,130,13,21,1,0
0,131,13,23,1,0
0,132,13,24,1,0
0,133,13,25,1,0
0,134,13,27,1,0
0,135,13,40,1,0
0,136,13,47,1,0
0,137,13,47,1,0
0,138,13,49,1,0
0,139,13,56,1,0
0,140,14,1,1,0
0,141,14,3,1,0
0,142,14,7,1,0
0,143,14,10,1,0
0,144,14,12,1,0
0,145,14,12,1,0
0,146,14,12,1,0
0,147,14,12,1,51
0,148,14,15,1,0
0,149,14,19,1,0
0,150,14,24,1,0
0,151,14,29,1,0
0,152,14,29,1,0
0,153,14,30,1,0
0,154,14,33,1,0
0,155,14,38,1,0
0,156,14,38,1,0
0,157,14,40,1,0
0,158,14,41,1,9
0,159,14,42,1,0
0,160,14,42,1,0
0,161,14,44,1,0
0,162,14,45,1,0
0,163,14,48,1,0
0,164,14,51,1,0
0,165,14,53,1,0
0,166,14,55,1,0
0,167,14,56,1,0
0,168,14,57,1,0
0,169,14,59,1,0
0,170,14,59,1,66
0,171,15,2,1,0
0,172,15,3,1,0
0,173,15,6,1,0
0,174,15,7,1,0
0,175,15,9,1,0
0,176,15,11,1,0
0,177,15,13,1,0
0,178,15,14,1,44
0,179,15,17,1,0
0,180,15,18,1,53
0,181,15,26,1,0
0,182,15,26,1,52
0,183,15,29,1,0
0,184,15,35,1,0
0,185,15,37,1,0
0,186,15,44,1,0
0,187,15,49,1,0
0,188,15,56,1,0
0,189,15,56,1,0
0,190,15,58,1,0
0,191,15,59,1,0
0,192,16,3,1,0
0,193,16,4,1,0
0,194,16,4,1,96
1,195,16,4,1,194
1,196,16,6,1,158
0,197,16,11,1,0
0,198,16,13,1,0
0,199,16,13,1,0
0,200,16,13,1,0
0,201,16,18,1,0
0,202,16,18,1,0
0,203,16,21,1,0
0,204,16,29,1,0
0,205,16,31,1,0
0,206,16,31,1,0
0,207,16,32,1,0
0,208,16,41,1,0
0,209,16,50,1,0
0,210,16,50,1,0
0,211,16,56,1,0
0,212,16,59,1,0
0,213,17,9,1,0
0,214,17,11,1,0
0,215,17,11,1,0
0,216,17,12,1,0
0,217,17,13,1,227
0,218,17,17,1,227
1,219,17,18,1,197
2,220,17,19,1,148
3,221,17,20,1,137
1,222,17,22,1,272
1,223,17,26,1,88
0,224,17,30,1,0
0,225,17,33,1,0
0,226,17,35,1,0
0,228,17,38,1,0
0,230,17,43,1,0
0,231,17,43,1,0
0,232,17,44,1,223
1,233,17,46,1,218
2,234,17,47,1,253
2,235,17,49,1,171
2,236,17,51,1,168
0,1,8,0,2,0
0,2,8,4,2,0
0,3,8,5,2,0
0,4,8,7,2,0
0,5,8,10,2,0
0,6,8,11,2,0
0,7,8,11,2,0
0,8,8,12,2,0
0,9,8,13,2,0
0,10,8,17,2,0
0,11,8,19,2,0
0,12,8,19,2,0
0,13,8,20,2,0
0,14,8,23,2,0
0,15,8,29,2,0
0,16,8,30,2,0
0,17,8,33,2,0
0,18,8,33,2,0
0,19,8,44,2,0
0,20,8,45,2,0
0,21,8,46,2,0
0,22,8,49,2,0
0,23,8,50,2,0
0,24,8,51,2,0
0,25,8,55,2,0
0,26,9,2,2,0
0,27,9,3,2,0
0,28,9,6,2,0
0,29,9,8,2,0
0,30,9,10,2,0
0,31,9,14,2,0
0,32,9,15,2,0
0,33,9,22,2,0
0,34,9,24,2,0
0,35,9,24,2,0
0,36,9,34,2,0
0,37,9,36,2,0
0,38,9,37,2,0
0,39,9,44,2,0
0,40,9,44,2,0
0,41,9,46,2,0
0,42,9,50,2,0
0,43,9,51,2,9
0,44,9,51,2,118
0,45,9,55,2,71
1,46,9,55,2,130
0,47,10,0,2,0
0,48,10,0,2,0
0,49,10,10,2,0
0,50,10,10,2,0
0,51,10,12,2,0
0,52,10,13,2,0
0,53,10,17,2,0
0,54,10,21,2,0
0,55,10,21,2,3
0,56,10,22,2,0
0,57,10,23,2,0
0,58,10,23,2,3
0,59,10,26,2,0
0,60,10,27,2,0
0,61,10,28,2,0
0,62,10,29,2,0
0,63,10,30,2,0
0,64,10,35,2,0
0,65,10,35,2,0
0,66,10,36,2,47
0,67,10,38,2,34
0,68,10,41,2,0
0,69,10,42,2,0
0,70,10,43,2,0
0,71,10,45,2,0
0,72,10,47,2,0
0,73,10,50,2,0
0,74,10,51,2,0
0,75,10,53,2,0
0,76,10,54,2,0
0,77,10,55,2,0
0,78,10,57,2,0
0,79,10,59,2,0
0,80,11,1,2,0
0,81,11,4,2,0
0,82,11,7,2,0
0,83,11,7,2,0
0,84,11,11,2,0
0,85,11,13,2,0
0,86,11,15,2,0
0,87,11,21,2,0
0,88,11,22,2,0
0,89,11,23,2,0
0,90,11,32,2,0
0,91,11,34,2,0
0,92,11,38,2,0
0,93,11,42,2,0
0,94,11,42,2,0
0,95,11,44,2,0
0,96,11,47,2,0
0,97,11,55,2,0
0,98,11,56,2,0
0,99,11,57,2,0
0,100,11,59,2,0
0,101,12,1,2,0
0,102,12,5,2,0
0,103,12,10,2,0
0,104,12,11,2,0
0,105,12,17,2,0
0,106,12,21,2,0
0,107,12,31,2,0
0,108,12,32,2,0
0,109,12,34,2,0
0,110,12,38,2,0
0,111,12,38,2,0
0,112,12,44,2,0
0,113,12,45,2,0
0,114,12,46,2,0
0,115,12,48,2,0
0,116,12,54,2,0
0,117,12,59,2,0
0,118,13,1,2,0
0,119,13,1,2,0
0,120,13,1,2,0
0,121,13,2,2,0
0,122,13,7,2,0
0,123,13,7,2,0
0,124,13,9,2,0
0,125,13,10,2,0
0,126,13,10,2,0
0,127,13,11,2,96
1,128,13,11,2,134
2,129,13,12,2,91
0,130,13,14,2,0
0,131,13,14,2,24
0,132,13,18,2,0
0,133,13,21,2,0
0,134,13,21,2,0
0,135,13,22,2,0
0,136,13,23,2,0
0,137,13,30,2,0
0,138,13,32,2,0
0,139,13,32,2,0
0,140,13,33,2,0
0,141,13,33,2,0
0,142,13,33,2,0
0,143,13,34,2,191
0,144,13,40,2,0
0,145,13,46,2,0
0,146,13,46,2,0
0,147,13,47,2,0
0,148,13,55,2,0
0,149,13,56,2,0
0,150,14,2,2,0
0,151,14,2,2,0
0,152,14,4,2,0
0,153,14,6,2,0
0,154,14,8,2,0
0,155,14,13,2,0
0,156,14,15,2,0
0,157,14,17,2,0
0,158,14,19,2,0
0,159,14,20,2,17
0,160,14,24,2,0
0,161,14,25,2,0
0,162,14,28,2,0
0,163,14,29,2,0
0,164,14,31,2,0
0,165,14,32,2,118
0,166,14,41,2,0
0,167,14,41,2,0
0,168,14,42,2,0
0,169,14,45,2,0
0,170,14,47,2,0
0,171,14,50,2,0
0,172,14,50,2,0
0,173,14,53,2,0
0,174,14,53,2,0
0,175,14,55,2,0
0,176,14,56,2,90
1,177,14,57,2,29
0,178,14,59,2,44
0,179,15,0,2,0
0,180,15,7,2,0
0,181,15,7,2,0
0,182,15,7,2,175
0,183,15,15,2,0
0,184,15,20,2,0
0,185,15,21,2,0
0,186,15,24,2,0
0,187,15,25,2,0
0,188,15,30,2,0
0,189,15,31,2,0
0,190,15,35,2,0
0,191,15,36,2,0
0,192,15,39,2,0
0,193,15,40,2,0
0,194,15,48,2,0
0,195,15,50,2,0
0,196,15,50,2,0
0,197,15,51,2,0
0,198,15,54,2,0
0,199,15,56,2,0
0,200,15,59,2,0
0,201,15,59,2,159
0,202,16,3,2,155
1,203,16,4,2,154
1,204,16,6,2,137
0,205,16,11,2,0
0,206,16,14,2,0
0,207,16,15,2,0
0,208,16,16,2,86
1,209,16,16,2,148
0,210,16,19,2,0
0,211,16,23,2,0
0,212,16,25,2,0
0,213,16,27,2,0
0,214,16,36,2,0
0,215,16,38,2,0
0,216,16,39,2,0
0,217,16,40,2,28
0,218,16,46,2,0
0,219,16,53,2,0
0,220,17,4,2,0
0,221,17,5,2,0
0,222,17,5,2,0
0,223,17,7,2,0
0,224,17,10,2,0
0,225,17,15,2,0
0,226,17,15,2,0
0,227,17,16,2,0
0,228,17,26,2,0
0,229,17,27,2,0
0,230,17,36,2,0
0,231,17,37,2,0
0,232,17,40,2,0
0,233,17,40,2,0
0,234,17,43,2,0
0,235,17,49,2,0
0,236,17,49,2,0
0,237,17,50,2,0
0,1,8,0,3,0
0,2,8,2,3,0
0,3,8,4,3,0
0,4,8,5,3,0
0,5,8,6,3,0
0,6,8,7,3,0
0,7,8,7,3,85
1,8,8,8,3,162
1,9,8,10,3,195
1,10,8,11,3,206
0,11,8,17,3,0
0,12,8,17,3,83
0,13,8,19,3,39
0,14,8,32,3,0
0,15,8,32,3,0
0,16,8,37,3,0
0,17,8,45,3,0
0,18,8,46,3,0
0,19,8,49,3,0
0,20,8,58,3,0
0,21,8,58,3,0
0,22,9,0,3,0
0,23,9,2,3,0
0,24,9,3,3,0
0,25,9,5,3,0
0,26,9,6,3,17
0,27,9,9,3,0
0,28,9,9,3,47
1,29,9,9,3,86
0,30,9,16,3,0
0,31,9,19,3,0
0,32,9,19,3,0
0,33,9,20,3,0
0,34,9,21,3,0
0,35,9,21,3,156
0,36,9,29,3,0
0,37,9,30,3,0
0,38,9,37,3,0
0,39,9,38,3,0
0,40,9,38,3,0
0,41,9,42,3,0
0,42,9,45,3,0
0,43,9,46,3,0
0,44,9,46,3,0
0,45,9,47,3,63
1,46,9,47,3,130
1,47,9,48,3,176
0,48,9,52,3,47
0,49,9,55,3,0
0,50,9,57,3,0
0,51,10,0,3,0
0,52,10,1,3,0
0,53,10,1,3,0
0,54,10,1,3,7
0,55,10,2,3,25
0,56,10,3,3,65
0,57,10,11,3,0
0,58,10,15,3,0
0,59,10,21,3,0
0,60,10,28,3,0
0,61,10,34,3,0
0,62,10,35,3,0
0,63,10,38,3,0
0,64,10,38,3,0
0,65,10,40,3,0
0,66,10,46,3,0
0,67,10,48,3,0
0,68,10,50,3,0
0,69,10,52,3,0
0,70,10,53,3,0
0,71,10,55,3,0
0,72,10,57,3,0
0,73,10,59,3,0
0,74,11,0,3,0
0,75,11,5,3,0
0,76,11,6,3,0
0,77,11,9,3,0
0,78,11,10,3,0
0,79,11,11,3,0
0,80,11,11,3,0
0,81,11,11,3,0
0,82,11,12,3,129
1,83,11,13,3,176
0,84,11,27,3,0
0,85,11,27,3,0
0,86,11,28,3,0
0,87,11,28,3,0
0,88,11,28,3,0
0,89,11,34,3,0
0,90,11,34,3,0
0,91,11,38,3,0
0,92,11,39,3,0
0,93,11,42,3,0
0,94,11,52,3,0
0,95,11,57,3,0
0,96,11,57,3,0
0,97,12,6,3,0
0,98,12,7,3,0
0,99,12,10,3,0
0,100,12,13,3,0
0,101,12,14,3,0
0,102,12,16,3,0
0,103,12,20,3,0
0,104,12,22,3,0
0,105,12,25,3,0
0,106,12,29,3,0
0,107,12,29,3,0
0,108,12,31,3,0
0,109,12,34,3,0
0,110,12,36,3,0
0,111,12,40,3,0
0,112,12,41,3,0
0,113,12,43,3,111
0,114,12,45,3,0
0,115,12,50,3,0
0,116,12,53,3,0
0,117,12,53,3,0
0,118,12,56,3,0
0,119,12,58,3,0
0,120,12,59,3,0
0,121,13,0,3,0
0,122,13,1,3,16
0,123,13,2,3,0
0,124,13,3,3,0
0,125,13,4,3,11
0,126,13,8,3,0
0,127,13,9,3,0
0,128,13,10,3,0
0,129,13,14,3,0
0,130,13,16,3,0
0,131,13,23,3,0
0,132,13,24,3,0
0,133,13,26,3,0
0,134,13,26,3,0
0,135,13,29,3,0
0,136,13,30,3,0
0,137,13,33,3,0
0,138,13,36,3,0
0,139,13,36,3,0
0,140,13,36,3,238
1,141,13,39,3,125
0,142,13,41,3,9
0,143,13,43,3,41
0,144,13,44,3,0
0,145,13,46,3,0
0,146,13,47,3,79
1,147,13,47,3,108
0,148,13,49,3,81
0,149,13,52,3,0
0,150,13,55,3,0
0,151,13,57,3,0
0,152,13,59,3,0
0,153,14,0,3,0
0,154,14,6,3,0
0,155,14,14,3,0
0,156,14,16,3,0
0,157,14,18,3,0
0,158,14,20,3,0
0,159,14,23,3,0
0,160,14,30,3,0
0,161,14,31,3,0
0,162,14,33,3,84
0,163,14,37,3,0
0,164,14,37,3,0
0,165,14,40,3,0
0,166,14,44,3,0
0,167,14,45,3,0
0,168,14,52,3,0
0,169,14,54,3,0
0,170,14,56,3,0
0,171,14,59,3,0
0,172,15,4,3,0
0,173,15,14,3,0
0,174,15,14,3,0
0,175,15,16,3,0
0,176,15,16,3,0
0,177,15,17,3,0
0,178,15,17,3,54
0,179,15,27,3,0
0,180,15,33,3,0
0,181,15,36,3,0
0,182,15,37,3,0
0,183,15,44,3,0
0,184,15,45,3,0
0,185,15,48,3,0
0,186,15,51,3,0
0,187,15,54,3,0
0,188,15,55,3,2
0,189,15,58,3,0
0,190,15,58,3,0
0,191,16,2,3,0
0,192,16,3,3,0
0,193,16,3,3,267
1,194,16,5,3,230
1,195,16,8,3,196
1,196,16,10,3,180
1,197,16,11,3,108
2,198,16,12,3,224
3,199,16,12,3,229
4,200,16,12,3,256
3,201,16,15,3,155
1,202,16,17,3,10
0,203,16,19,3,0
0,204,16,20,3,0
0,205,16,24,3,0
0,206,16,28,3,0
0,207,16,28,3,0
0,208,16,28,3,0
0,209,16,29,3,0
0,210,16,33,3,0
0,211,16,40,3,0
0,212,16,41,3,0
0,213,16,42,3,0
0,214,16,53,3,0
0,215,16,55,3,0
0,216,16,57,3,0
0,217,16,58,3,0
0,218,17,0,3,0
0,219,17,2,3,0
0,220,17,3,3,0
0,221,17,6,3,0
0,222,17,8,3,0
0,223,17,17,3,0
0,224,17,18,3,0
0,225,17,18,3,0
0,226,17,19,3,0
0,227,17,19,3,0
0,228,17,27,3,0
0,229,17,28,3,0
0,230,17,30,3,0
0,231,17,32,3,0
0,232,17,33,3,0
0,233,17,35,3,0
0,234,17,37,3,0
0,235,17,39,3,0
0,236,17,40,3,0
0,237,17,44,3,0
0,238,17,45,3,0
0,239,17,50,3,0
0,1,8,0,4,0
0,2,8,0,4,0
0,3,8,5,4,0
0,4,8,6,4,0
0,5,8,6,4,0
0,6,8,6,4,170
0,7,8,10,4,0
0,8,8,10,4,15
0,9,8,14,4,0
0,10,8,14,4,0
0,11,8,15,4,0
0,12,8,16,4,0
0,13,8,17,4,0
0,14,8,19,4,0
0,15,8,22,4,0
0,16,8,25,4,0
0,17,8,26,4,0
0,18,8,27,4,0
0,19,8,29,4,0
0,20,8,32,4,0
0,21,8,36,4,0
0,22,8,43,4,0
0,23,8,50,4,0
0,24,8,53,4,0
0,25,8,57,4,0
0,26,8,58,4,0
0,27,8,58,4,0
0,28,8,59,4,39
0,29,9,1,4,0
0,30,9,1,4,109
1,31,9,2,4,77
1,32,9,3,4,21
0,33,9,3,4,13
0,34,9,11,4,0
0,35,9,12,4,0
0,36,9,12,4,0
0,37,9,13,4,39
0,38,9,14,4,0
0,39,9,16,4,0
0,40,9,17,4,0
0,41,9,23,4,0
0,42,9,28,4,0
0,43,9,32,4,0
0,44,9,35,4,0
0,45,9,36,4,0
0,46,9,36,4,0
0,47,9,37,4,0
0,48,9,37,4,0
0,49,9,41,4,0
0,50,9,42,4,0
0,51,9,42,4,0
0,52,9,47,4,0
0,53,9,48,4,0
0,54,9,53,4,0
0,55,9,53,4,0
0,56,9,55,4,0
0,57,9,56,4,31
0,58,9,58,4,0
0,59,10,12,4,0
0,60,10,17,4,0
0,61,10,22,4,0
0,62,10,24,4,0
0,63,10,29,4,0
0,64,10,31,4,0
0,65,10,34,4,0
0,66,10,34,4,0
0,67,10,40,4,0
0,68,10,45,4,0
0,69,10,46,4,0
0,70,10,47,4,0
0,71,10,50,4,0
0,72,10,53,4,0
0,73,10,54,4,0
0,74,10,57,4,0
0,75,10,57,4,0
0,76,10,59,4,0
0,77,11,1,4,0
0,78,11,1,4,0
0,79,11,2,4,0
0,80,11,2,4,0
0,81,11,5,4,0
0,82,11,6,4,104
1,83,11,7,4,98
2,84,11,8,4,134
0,85,11,13,4,0
0,86,11,22,4,0
0,87,11,38,4,0
0,88,11,42,4,0
0,89,11,43,4,0
0,90,11,44,4,0
0,91,11,50,4,0
0,92,11,51,4,0
0,93,11,52,4,0
0,94,11,52,4,0
0,95,11,53,4,0
0,96,11,53,4,57
1,97,11,53,4,56
0,98,11,58,4,0
0,99,12,2,4,0
0,100,12,5,4,0
0,101,12,6,4,0
0,102,12,6,4,0
0,103,12,7,4,176
1,104,12,8,4,134
0,105,12,16,4,0
0,106,12,18,4,0
0,107,12,21,4,0
0,108,12,24,4,0
0,109,12,34,4,0
0,110,12,35,4,0
0,111,12,36,4,0
0,112,12,40,4,0
0,113,12,44,4,0
0,114,12,48,4,0
0,115,12,49,4,0
0,116,12,55,4,0
0,117,12,56,4,0
0,118,13,0,4,0
0,119,13,0,4,0
0,120,13,4,4,0
0,121,13,4,4,0
0,122,13,5,4,0
0,123,13,5,4,0
0,124,13,7,4,0
0,125,13,9,4,0
0,126,13,10,4,0
0,127,13,15,4,0
0,128,13,20,4,0
0,129,13,27,4,0
0,130,13,29,4,0
0,131,13,31,4,0
0,132,13,33,4,0
0,133,13,36,4,0
0,134,13,38,4,0
0,135,13,43,4,0
0,136,13,46,4,0
0,137,13,49,4,0
0,138,13,50,4,0
0,139,13,53,4,0
0,140,13,54,4,0
0,141,13,55,4,0
0,142,13,55,4,73
1,143,13,56,4,69
0,144,14,3,4,0
0,145,14,3,4,0
0,146,14,4,4,27
0,147,14,6,4,0
0,148,14,8,4,34
0,149,14,10,4,0
0,150,14,10,4,0
0,151,14,12,4,0
0,152,14,14,4,0
0,153,14,21,4,0
0,154,14,23,4,0
0,155,14,24,4,0
0,156,14,24,4,19
0,157,14,25,4,13
0,158,14,25,4,78
0,159,14,27,4,0
0,160,14,28,4,9
0,161,14,30,4,0
0,162,14,30,4,2
0,163,14,31,4,50
1,164,14,31,4,54
2,165,14,31,4,96
0,166,14,33,4,155
1,167,14,34,4,138
1,168,14,36,4,51
1,169,14,36,4,408
1,170,14,37,4,382
2,171,14,40,4,323
3,172,14,42,4,270
4,173,14,42,4,337
3,174,14,44,4,305
1,175,14,48,4,89
2,176,14,49,4,141
0,177,14,53,4,0
0,178,14,54,4,0
0,179,14,55,4,0
0,180,14,57,4,0
0,181,14,57,4,0
0,182,15,2,4,0
0,183,15,7,4,0
0,184,15,8,4,0
0,185,15,8,4,0
0,186,15,9,4,0
0,187,15,12,4,0
0,188,15,15,4,0
0,189,15,15,4,105
1,190,15,16,4,75
2,191,15,16,4,142
0,192,15,19,4,0
0,193,15,19,4,122
1,194,15,20,4,116
2,195,15,20,4,143
1,196,15,22,4,37
2,197,15,23,4,178
1,198,15,23,4,199
2,199,15,24,4,339
1,200,15,29,4,62
0,201,15,32,4,0
0,202,15,34,4,0
0,203,15,35,4,10
0,204,15,40,4,0
0,205,15,40,4,0
0,206,15,42,4,38
0,207,15,44,4,12
0,208,15,50,4,0
0,209,15,50,4,0
0,210,15,51,4,0
0,211,15,52,4,0
0,212,15,53,4,0
0,213,15,54,4,64
1,214,15,54,4,157
1,215,15,56,4,235
1,216,15,58,4,129
2,217,15,58,4,227
3,218,16,0,4,162
2,219,16,1,4,259
0,220,16,8,4,7
0,221,16,8,4,0
0,222,16,9,4,2
0,223,16,12,4,0
0,224,16,15,4,0
0,225,16,17,4,0
0,226,16,18,4,26
0,227,16,19,4,0
0,228,16,21,4,0
0,229,16,21,4,0
0,230,16,23,4,10
0,231,16,24,4,31
1,232,16,25,4,22
2,233,16,25,4,197
1,234,16,25,4,220
2,235,16,26,4,182
1,236,16,29,4,68
0,237,16,31,4,0
0,238,16,34,4,0
0,239,16,34,4,82
1,240,16,35,4,63
0,241,16,37,4,32
1,242,16,37,4,204
1,243,16,40,4,127
0,244,16,43,4,33
0,245,16,44,4,200
1,246,16,45,4,290
2,247,16,45,4,404
1,248,16,51,4,158
2,249,16,52,4,232
0,250,16,55,4,0
0,251,16,56,4,0
0,252,16,59,4,0
0,253,17,4,4,0
0,254,17,5,4,0
0,255,17,6,4,0
0,256,17,11,4,0
0,257,17,13,4,0
0,258,17,14,4,0
0,259,17,15,4,0
0,260,17,17,4,0
0,261,17,20,4,0
0,262,17,24,4,0
0,263,17,25,4,0
0,264,17,36,4,0
0,265,17,37,4,0
0,266,17,42,4,0
0,267,17,42,4,0
0,268,17,43,4,0
0,269,17,45,4,0
0,270,17,46,4,0
0,272,17,48,4,0
0,274,17,48,4,74
1,275,17,49,4,26
0,1,8,0,0,0
0,2,8,0,0,0
0,3,8,0,0,0
0,4,8,2,0,0
0,5,8,4,0,0
0,6,8,4,0,0
0,7,8,15,0,0
0,8,8,15,0,0
0,9,8,18,0,0
0,10,8,19,0,0
0,11,8,21,0,0
0,12,8,23,0,86
1,13,8,24,0,161
2,14,8,24,0,199
2,15,8,26,0,134
2,16,8,27,0,49
0,17,8,29,0,54
1,18,8,29,0,61
0,19,8,31,0,0
0,20,8,35,0,0
0,21,8,39,0,0
0,22,8,41,0,0
0,23,8,41,0,0
0,24,8,45,0,0
0,25,8,47,0,155
1,26,8,49,0,120
1,27,8,50,0,78
2,28,8,50,0,87
0,29,8,51,0,0
0,30,8,55,0,0
0,31,8,56,0,0
0,32,8,58,0,0
0,33,9,1,0,0
0,34,9,2,0,0
0,35,9,2,0,0
0,36,9,3,0,38
0,37,9,5,0,66
0,38,9,7,0,0
0,39,9,16,0,0
0,40,9,16,0,0
0,41,9,20,0,0
0,42,9,21,0,0
0,43,9,30,0,0
0,44,9,33,0,0
0,45,9,34,0,0
0,46,9,39,0,0
0,47,9,39,0,0
0,48,9,39,0,133
1,49,9,41,0,94
1,50,9,42,0,78
2,51,9,42,0,107
0,52,9,45,0,0
0,53,9,47,0,60
1,54,9,47,0,180
1,55,9,48,0,160
0,56,9,52,0,0
0,57,9,58,0,0
0,58,10,5,0,0
0,59,10,6,0,0
0,60,10,6,0,0
0,61,10,8,0,0
0,62,10,14,0,0
0,63,10,17,0,0
0,64,10,21,0,0
0,65,10,23,0,0
0,66,10,23,0,0
0,67,10,27,0,0
0,68,10,30,0,0
0,69,10,34,0,0
0,70,10,35,0,0
0,71,10,43,0,0
0,72,10,45,0,0
0,73,10,45,0,0
0,74,10,48,0,0
0,75,10,49,0,0
0,76,10,50,0,0
0,77,10,51,0,0
0,78,10,52,0,9
0,79,10,53,0,26
0,80,10,55,0,0
0,81,10,58,0,0
0,82,10,59,0,0
0,83,11,6,0,0
0,84,11,6,0,0
0,85,11,6,0,0
0,86,11,11,0,0
0,87,11,15,0,0
0,88,11,18,0,0
0,89,11,19,0,0
0,90,11,22,0,0
0,91,11,24,0,0
0,92,11,25,0,0
0,93,11,26,0,178
0,94,11,29,0,32
0,95,11,30,0,0
0,96,11,31,0,0
0,97,11,31,0,10
0,98,11,33,0,0
0,99,11,34,0,0
0,100,11,35,0,102
1,101,11,35,0,127
1,102,11,37,0,57
1,103,11,38,0,64
0,104,11,40,0,0
0,105,11,43,0,0
0,106,11,44,0,0
0,107,11,45,0,0
0,108,11,46,0,0
0,109,11,53,0,0
0,110,11,56,0,0
0,111,11,57,0,0
0,112,12,2,0,0
0,113,12,6,0,0
0,114,12,8,0,0
0,115,12,10,0,0
0,116,12,10,0,106
1,117,12,11,0,191
1,118,12,12,0,228
1,119,12,14,0,111
0,120,12,16,0,53
1,121,12,17,0,127
1,122,12,18,0,96
0,123,12,22,0,0
0,124,12,24,0,0
0,125,12,33,0,0
0,126,12,35,0,0
0,127,12,37,0,0
0,128,12,44,0,0
0,129,12,45,0,0
0,130,12,45,0,0
0,131,12,46,0,0
0,132,12,48,0,0
0,133,12,48,0,0
0,134,12,51,0,0
0,135,12,52,0,0
0,136,12,54,0,0
0,137,12,56,0,0
0,138,12,58,0,0
0,139,13,1,0,0
0,140,13,2,0,0
0,141,13,2,0,0
0,142,13,7,0,0
0,143,13,9,0,0
0,144,13,9,0,0
0,145,13,11,0,45
0,146,13,13,0,0
0,147,13,14,0,0
0,148,13,16,0,0
0,149,13,20,0,0
0,150,13,27,0,0
0,151,13,35,0,0
0,152,13,37,0,0
0,153,13,38,0,0
0,154,13,43,0,0
0,155,13,48,0,0
0,156,13,51,0,0
0,157,13,51,0,0
0,158,14,0,0,0
0,159,14,4,0,0
0,160,14,8,0,0
0,161,14,11,0,0
0,162,14,13,0,0
0,163,14,18,0,0
0,164,14,22,0,0
0,165,14,27,0,0
0,166,14,27,0,0
0,167,14,28,0,0
0,168,14,29,0,0
0,169,14,34,0,0
0,170,14,35,0,0
0,171,14,36,0,0
0,172,14,39,0,0
0,173,14,42,0,0
0,174,14,42,0,0
0,175,14,43,0,0
0,176,14,45,0,0
0,177,14,48,0,0
0,178,14,48,0,0
0,179,14,50,0,0
0,180,14,50,0,401
1,181,14,54,0,230
2,182,14,55,0,163
3,183,14,56,0,277
3,184,14,57,0,266
2,185,15,0,0,363
3,186,15,0,0,315
0,187,15,9,0,0
0,188,15,11,0,0
0,189,15,11,0,6
0,190,15,12,0,91
0,191,15,22,0,0
0,192,15,27,0,0
0,193,15,27,0,0
0,194,15,28,0,0
0,195,15,29,0,0
0,196,15,37,0,0
0,197,15,42,0,0
0,198,15,44,0,0
0,199,15,47,0,0
0,200,15,51,0,0
0,201,15,57,0,0
0,202,15,59,0,0
0,203,15,59,0,0
0,204,16,2,0,0
0,205,16,4,0,0
0,206,16,5,0,8
0,207,16,8,0,0
0,208,16,10,0,207
1,209,16,12,0,177
2,210,16,14,0,170
1,211,16,16,0,25
0,212,16,23,0,0
0,213,16,24,0,0
0,214,16,27,0,0
0,215,16,30,0,0
0,216,16,36,0,0
0,217,16,42,0,0
0,218,16,43,0,0
0,219,16,48,0,0
0,220,16,52,0,0
0,221,17,1,0,0
0,222,17,5,0,0
0,223,17,6,0,0
0,224,17,6,0,0
0,225,17,8,0,0
0,226,17,8,0,0
0,227,17,8,0,0
0,228,17,9,0,0
0,229,17,12,0,0
0,230,17,14,0,0
0,231,17,16,0,0
0,232,17,17,0,0
0,233,17,17,0,149
1,234,17,18,0,143
0,235,17,25,0,0
0,236,17,26,0,0
0,237,17,29,0,0
0,238,17,30,0,0
0,239,17,38,0,0
0,240,17,38,0,0
0,241,17,44,0,0
0,242,17,45,0,0
0,243,17,45,0,0
0,245,17,47,0,46
0,246,17,49,0,135
0,247,17,53,0,0
0,249,17,54,0,128
0,1,8,0,1,0
0,2,8,0,1,0
0,3,8,2,1,0
0,4,8,8,1,0
0,5,8,8,1,0
0,6,8,8,1,0
0,7,8,10,1,0
0,8,8,11,1,0
0,9,8,14,1,0
0,10,8,20,1,0
0,11,8,21,1,0
0,12,8,21,1,0
0,13,8,23,1,0
0,14,8,24,1,0
0,15,8,25,1,0
0,16,8,25,1,3
0,17,8,26,1,0
0,18,8,27,1,0
0,19,8,29,1,0
0,20,8,29,1,125
1,21,8,30,1,159
2,22,8,31,1,144
2,23,8,32,1,86
0,24,8,34,1,0
0,25,8,39,1,0
0,26,8,40,1,0
0,27,8,40,1,94
1,28,8,40,1,104
0,29,8,46,1,0
0,30,8,50,1,0
0,31,8,53,1,0
0,32,8,54,1,0
0,33,8,54,1,0
0,34,8,58,1,0
0,35,8,59,1,0
0,36,9,1,1,0
0,37,9,1,1,0
0,38,9,3,1,0
0,39,9,3,1,0
0,40,9,3,1,146
1,41,9,5,1,135
0,42,9,8,1,0
0,43,9,10,1,0
0,44,9,11,1,0
0,45,9,12,1,15
0,46,9,15,1,0
0,47,9,16,1,350
1,48,9,18,1,215
2,49,9,19,1,190
0,50,9,22,1,10
0,51,9,23,1,0
0,52,9,24,1,60
1,53,9,24,1,28
0,54,9,27,1,0
0,55,9,31,1,0
0,56,9,31,1,42
0,57,9,34,1,0
0,58,9,34,1,85
0,59,9,40,1,0
0,60,9,44,1,0
0,61,9,48,1,0
0,62,9,48,1,0
0,63,9,52,1,0
0,64,9,52,1,14
1,65,9,52,1,138
0,66,9,56,1,0
0,67,10,0,1,0
0,68,10,1,1,0
0,69,10,2,1,0
0,70,10,2,1,0
0,71,10,5,1,0
0,72,10,9,1,0
0,73,10,10,1,0
0,74,10,13,1,0
0,75,10,15,1,0
0,76,10,15,1,0
0,77,10,16,1,0
0,78,10,17,1,0
0,79,10,18,1,0
0,80,10,22,1,0
0,81,10,23,1,0
0,82,10,27,1,0
0,83,10,29,1,0
0,84,10,29,1,0
0,85,10,30,1,0
0,86,10,30,1,147
1,87,10,31,1,147
2,88,10,31,1,210
0,89,10,38,1,0
0,90,10,38,1,12
0,91,10,39,1,21
0,92,10,42,1,0
0,93,10,45,1,0
0,94,10,46,1,0
0,95,10,49,1,0
0,96,10,51,1,0
0,97,10,52,1,0
0,98,10,53,1,0
0,99,10,54,1,0
0,100,10,55,1,0
0,101,10,55,1,50
0,102,10,58,1,0
0,103,11,0,1,0
0,104,11,0,1,0
0,105,11,3,1,0
0,106,11,6,1,0
0,107,11,11,1,0
0,108,11,13,1,0
0,109,11,14,1,0
0,110,11,15,1,0
0,111,11,17,1,0
0,112,11,18,1,0
0,113,11,20,1,0
0,114,11,22,1,0
0,115,11,25,1,0
0,116,11,25,1,0
0,117,11,26,1,0
0,118,11,29,1,0
0,119,11,31,1,0
0,120,11,31,1,0
0,121,11,32,1,0
0,122,11,39,1,0
0,123,11,42,1,0
0,124,11,44,1,0
0,125,11,46,1,0
0,126,11,48,1,0
0,127,11,48,1,0
0,128,11,49,1,0
0,129,11,54,1,0
0,130,11,54,1,0
0,131,11,54,1,0
0,132,11,55,1,6
0,133,11,57,1,176
1,134,11,58,1,148
0,135,12,4,1,0
0,136,12,7,1,0
0,137,12,9,1,0
0,138,12,14,1,0
0,139,12,16,1,0
0,140,12,16,1,96
0,141,12,20,1,0
0,142,12,22,1,0
0,143,12,27,1,0
0,144,12,28,1,0
0,145,12,29,1,0
0,146,12,30,1,0
0,147,12,35,1,0
0,148,12,36,1,193
1,149,12,37,1,167
2,150,12,37,1,153
3,151,12,37,1,191
1,152,12,40,1,80
1,153,12,41,1,211
2,154,12,41,1,214
0,155,12,47,1,0
0,156,12,53,1,0
0,157,12,54,1,0
0,158,12,57,1,0
0,159,12,59,1,0
0,160,13,3,1,0
0,161,13,9,1,0
0,162,13,9,1,0
0,163,13,11,1,0
0,164,13,14,1,0
0,165,13,16,1,0
0,166,13,17,1,0
0,167,13,19,1,0
0,168,13,21,1,0
0,169,13,26,1,0
0,170,13,26,1,0
0,171,13,30,1,0
0,172,13,33,1,0
0,173,13,36,1,0
0,174,13,39,1,0
0,175,13,41,1,0
0,176,13,44,1,0
0,177,13,44,1,221
1,178,13,45,1,261
2,179,13,47,1,188
3,180,13,48,1,171
0,181,13,51,1,99
0,182,13,56,1,0
0,183,13,56,1,0
0,184,14,1,1,0
0,185,14,4,1,0
0,186,14,6,1,0
0,187,14,8,1,0
0,188,14,11,1,0
0,189,14,17,1,0
0,190,14,18,1,0
0,191,14,18,1,0
0,192,14,19,1,0
0,193,14,19,1,0
0,194,14,19,1,31
1,195,14,19,1,38
0,196,14,20,1,0
0,197,14,25,1,0
0,198,14,26,1,0
0,199,14,33,1,0
0,200,14,34,1,0
0,201,14,35,1,0
0,202,14,36,1,0
0,203,14,37,1,0
0,204,14,45,1,0
0,205,14,46,1,0
0,206,14,47,1,0
0,207,14,48,1,29
0,208,14,54,1,0
0,209,14,56,1,0
0,210,14,57,1,0
0,211,14,58,1,0
0,212,15,0,1,0
0,213,15,5,1,0
0,214,15,6,1,0
0,215,15,7,1,0
0,216,15,13,1,0
0,217,15,13,1,0
0,218,15,14,1,0
0,219,15,19,1,0
0,220,15,20,1,0
0,221,15,20,1,0
0,222,15,21,1,40
0,223,15,25,1,0
0,224,15,28,1,0
0,225,15,28,1,0
0,226,15,30,1,0
0,227,15,32,1,0
0,228,15,33,1,0
0,229,15,34,1,0
0,230,15,38,1,0
0,231,15,39,1,0
0,232,15,41,1,0
0,233,15,41,1,0
0,234,15,42,1,18
0,235,15,51,1,0
0,236,15,52,1,0
0,237,15,58,1,0
0,238,16,4,1,0
0,239,16,8,1,0
0,240,16,8,1,0
0,241,16,16,1,0
0,242,16,17,1,0
0,243,16,17,1,0
0,244,16,17,1,92
0,245,16,21,1,0
0,246,16,21,1,93
1,247,16,22,1,71
2,248,16,22,1,140
0,249,16,25,1,65
0,250,16,26,1,0
0,251,16,29,1,0
0,252,16,30,1,0
0,253,16,31,1,10
0,254,16,32,1,192
0,255,16,37,1,0
0,256,16,40,1,0
0,257,16,50,1,0
0,258,16,51,1,0
0,259,16,52,1,0
0,260,16,53,1,0
0,261,16,55,1,0
0,262,16,56,1,0
0,263,16,57,1,3
0,264,16,59,1,0
0,265,17,2,1,0
0,266,17,2,1,175
1,267,17,3,1,219
0,268,17,12,1,0
0,269,17,13,1,0
0,270,17,14,1,0
0,271,17,14,1,0
0,272,17,16,1,0
0,273,17,18,1,0
0,274,17,27,1,0
0,275,17,31,1,0
0,276,17,38,1,0
0,277,17,41,1,0
0,278,17,48,1,0
0,279,17,48,1,0
0,1,8,0,2,0
0,2,8,2,2,0
0,3,8,3,2,0
0,4,8,12,2,0
0,5,8,13,2,0
0,6,8,13,2,0
0,7,8,15,2,0
0,8,8,17,2,0
0,9,8,19,2,0
0,10,8,23,2,0
0,11,8,28,2,0
0,12,8,29,2,0
0,13,8,30,2,0
0,14,8,31,2,0
0,15,8,33,2,0
0,16,8,34,2,0
0,17,8,35,2,0
0,18,8,35,2,0
0,19,8,36,2,138
1,20,8,37,2,132
2,21,8,37,2,439
1,22,8,41,2,204
0,23,8,51,2,0
0,24,8,52,2,0
0,25,8,53,2,0
0,26,8,54,2,0
0,27,8,55,2,0
0,28,8,55,2,0
0,29,8,59,2,0
0,30,8,59,2,0
0,31,9,0,2,0
0,32,9,0,2,179
1,33,9,1,2,127
2,34,9,2,2,172
3,35,9,3,2,213
1,36,9,5,2,90
1,37,9,7,2,46
0,38,9,9,2,8
0,39,9,9,2,103
0,40,9,11,2,97
0,41,9,14,2,0
0,42,9,14,2,0
0,43,9,16,2,0
0,44,9,17,2,34
1,45,9,17,2,33
0,46,9,18,2,5
0,47,9,23,2,0
0,48,9,26,2,0
0,49,9,26,2,0
0,50,9,28,2,0
0,51,9,29,2,0
0,52,9,33,2,0
0,53,9,34,2,0
0,54,9,38,2,0
0,55,9,38,2,10
0,56,9,47,2,0
0,57,9,49,2,0
0,58,9,50,2,0
0,59,9,50,2,0
0,60,9,51,2,17
0,61,9,51,2,67
0,62,9,52,2,46
0,63,9,54,2,132
1,64,9,55,2,192
0,65,10,3,2,0
0,66,10,3,2,0
0,67,10,4,2,0
0,68,10,10,2,0
0,69,10,13,2,0
0,70,10,17,2,0
0,71,10,17,2,0
0,72,10,18,2,0
0,73,10,18,2,452
1,74,10,18,2,497
2,75,10,20,2,540
3,76,10,24,2,346
0,77,10,35,2,0
0,78,10,36,2,0
0,79,10,37,2,0
0,80,10,40,2,0
0,81,10,42,2,0
0,82,10,43,2,0
0,83,10,50,2,0
0,84,10,50,2,0
0,85,10,51,2,0
0,86,10,52,2,102
0,87,10,55,2,0
0,88,10,56,2,0
0,89,10,56,2,164
1,90,10,58,2,219
0,91,11,2,2,0
0,92,11,7,2,0
0,93,11,10,2,0
0,94,11,11,2,0
0,95,11,12,2,0
0,96,11,13,2,0
0,97,11,15,2,36
0,98,11,17,2,320
0,99,11,24,2,242
1,100,11,24,2,277
1,101,11,28,2,53
0,102,11,31,2,0
0,103,11,34,2,0
0,104,11,38,2,0
0,105,11,38,2,0
0,106,11,39,2,48
0,107,11,41,2,0
0,108,11,46,2,0
0,109,11,49,2,0
0,110,11,49,2,0
0,111,11,49,2,0
0,112,11,54,2,0
0,113,11,54,2,0
0,114,11,55,2,107
0,115,11,58,2,0
0,116,11,59,2,64
0,117,12,1,2,0
0,118,12,1,2,0
0,119,12,2,2,0
0,120,12,5,2,0
0,121,12,6,2,0
0,122,12,7,2,0
0,123,12,7,2,0
0,124,12,10,2,0
0,125,12,11,2,0
0,126,12,14,2,0
0,127,12,17,2,0
0,128,12,20,2,0
0,129,12,22,2,0
0,130,12,26,2,0
0,131,12,37,2,0
0,132,12,44,2,0
0,133,12,45,2,0
0,134,12,53,2,0
0,135,12,53,2,0
0,136,12,55,2,0
0,137,12,56,2,0
0,138,12,56,2,0
0,139,12,56,2,0
0,140,12,57,2,0
0,141,13,0,2,0
0,142,13,4,2,0
0,143,13,5,2,0
0,144,13,5,2,0
0,145,13,9,2,0
0,146,13,10,2,0
0,147,13,12,2,0
0,148,13,14,2,0
0,149,13,16,2,0
0,150,13,20,2,0
0,151,13,24,2,0
0,152,13,25,2,0
0,153,13,26,2,0
0,154,13,26,2,0
0,155,13,28,2,29
0,156,13,30,2,0
0,157,13,31,2,0
0,158,13,33,2,161
1,159,13,34,2,114
1,160,13,36,2,25
0,161,13,36,2,403
0,162,13,45,2,0
0,163,13,48,2,0
0,164,13,49,2,0
0,165,13,51,2,0
0,166,13,52,2,0
0,167,13,53,2,0
0,168,13,55,2,0
0,169,13,56,2,0
0,170,13,57,2,0
0,171,13,58,2,0
0,172,14,0,2,0
0,173,14,0,2,0
0,174,14,2,2,0
0,175,14,3,2,0
0,176,14,4,2,0
0,177,14,4,2,0
0,178,14,6,2,0
0,179,14,15,2,0
0,180,14,17,2,0
0,181,14,22,2,0
0,182,14,23,2,0
0,183,14,24,2,0
0,184,14,25,2,0
0,185,14,28,2,0
0,186,14,28,2,0
0,187,14,29,2,0
0,188,14,30,2,0
0,189,14,33,2,0
0,190,14,33,2,0
0,191,14,35,2,0
0,192,14,36,2,0
0,193,14,40,2,0
0,194,14,41,2,0
0,195,14,43,2,0
0,196,14,52,2,0
0,197,14,53,2,0
0,198,14,56,2,0
0,199,14,57,2,0
0,200,14,57,2,66
0,202,14,59,2,143
0,201,14,59,2,132
0,203,15,2,2,0
0,204,15,2,2,0
0,205,15,4,2,7
0,206,15,7,2,0
0,207,15,8,2,18
0,208,15,9,2,0
0,209,15,10,2,40
1,210,15,10,2,72
1,211,15,11,2,178
1,212,15,13,2,65
0,213,15,22,2,0
0,214,15,25,2,0
0,215,15,25,2,0
0,216,15,30,2,0
0,217,15,30,2,0
0,218,15,31,2,0
0,219,15,34,2,0
0,220,15,35,2,0
0,221,15,42,2,0
0,222,15,43,2,0
0,223,15,46,2,0
0,224,15,47,2,0
0,225,15,52,2,0
0,226,15,52,2,0
0,227,15,53,2,0
0,228,15,53,2,19
0,229,15,58,2,0
0,230,16,0,2,0
0,231,16,4,2,0
0,232,16,4,2,0
0,233,16,5,2,68
1,234,16,6,2,61
0,235,16,8,2,48
1,236,16,8,2,115
0,237,16,12,2,0
0,238,16,16,2,0
0,239,16,18,2,0
0,240,16,22,2,0
0,241,16,25,2,0
0,242,16,28,2,0
0,243,16,30,2,0
0,244,16,31,2,0
0,245,16,31,2,0
0,246,16,32,2,66
0,247,16,34,2,0
0,248,16,34,2,114
1,249,16,34,2,176
2,250,16,35,2,152
3,251,16,35,2,157
4,252,16,35,2,232
1,253,16,38,2,131
2,254,16,38,2,112
2,255,16,40,2,46
0,256,16,41,2,69
0,257,16,42,2,0
0,258,16,44,2,0
0,259,16,48,2,0
0,260,16,50,2,27
0,261,16,53,2,0
0,262,16,55,2,0
0,263,16,56,2,0
0,264,16,57,2,115
1,265,16,57,2,304
2,266,16,58,2,408
2,267,16,59,2,366
3,268,16,59,2,346
4,269,17,0,2,392
5,270,17,0,2,368
5,271,17,4,2,207
6,272,17,5,2,194
4,273,17,6,2,128
0,274,17,8,2,71
0,275,17,11,2,0
0,276,17,11,2,0
0,277,17,12,2,0
0,278,17,14,2,0
0,279,17,15,2,0
0,280,17,16,2,0
0,281,17,26,2,0
0,282,17,28,2,0
0,283,17,28,2,0
0,284,17,33,2,0
0,285,17,38,2,0
0,286,17,41,2,0
0,287,17,42,2,0
0,288,17,43,2,0
0,289,17,44,2,0
0,290,17,54,2,0
0,292,17,58,2,0
0,1,8,0,3,0
0,2,8,4,3,0
0,3,8,10,3,0
0,4,8,13,3,0
0,5,8,18,3,0
0,6,8,22,3,0
0,7,8,22,3,0
0,8,8,22,3,0
0,9,8,33,3,0
0,10,8,33,3,0
0,11,8,37,3,0
0,12,8,37,3,0
0,13,8,38,3,0
0,14,8,40,3,0
0,15,8,42,3,0
0,16,8,43,3,110
1,17,8,44,3,89
2,18,8,45,3,60
1,19,8,45,3,54
0,20,8,46,3,4
0,21,8,50,3,0
0,22,8,55,3,0
0,23,9,0,3,0
0,24,9,4,3,0
0,25,9,6,3,0
0,26,9,7,3,0
0,27,9,8,3,0
0,28,9,15,3,0
0,29,9,16,3,0
0,30,9,19,3,0
0,31,9,20,3,0
0,32,9,27,3,0
0,33,9,28,3,0
0,34,9,28,3,0
0,35,9,28,3,0
0,36,9,29,3,48
0,37,9,30,3,75
0,38,9,32,3,0
0,39,9,34,3,0
0,40,9,35,3,66
1,41,9,35,3,204
0,42,9,39,3,54
1,43,9,40,3,103
0,44,9,46,3,0
0,45,9,47,3,0
0,46,9,50,3,0
0,47,9,51,3,0
0,48,9,52,3,0
0,49,9,53,3,37
1,50,9,53,3,64
2,51,9,53,3,88
0,52,9,56,3,0
0,53,9,58,3,0
0,54,10,1,3,0
0,55,10,1,3,0
0,56,10,2,3,92
1,57,10,3,3,63
1,58,10,4,3,166
0,59,10,7,3,151
1,60,10,8,3,115
2,61,10,8,3,398
1,62,10,10,3,418
2,63,10,13,3,333
1,64,10,17,3,86
0,65,10,19,3,0
0,66,10,24,3,0
0,67,10,31,3,0
0,68,10,32,3,0
0,69,10,34,3,0
0,70,10,34,3,0
0,71,10,38,3,0
0,72,10,39,3,7
0,73,10,40,3,80
0,74,10,44,3,0
0,75,10,50,3,0
0,76,10,50,3,0
0,77,10,50,3,0
0,78,10,52,3,0
0,79,10,54,3,0
0,80,10,56,3,0
0,81,11,2,3,0
0,82,11,5,3,0
0,83,11,7,3,0
0,84,11,9,3,241
1,85,11,10,3,148
0,86,11,14,3,0
0,87,11,15,3,0
0,88,11,22,3,0
0,89,11,23,3,0
0,90,11,28,3,0
0,91,11,37,3,0
0,92,11,39,3,0
0,93,11,42,3,0
0,94,11,45,3,0
0,95,11,48,3,0
0,96,11,48,3,0
0,97,11,51,3,0
0,98,11,52,3,0
0,99,11,59,3,0
0,100,12,1,3,0
0,101,12,1,3,0
0,102,12,2,3,0
0,103,12,5,3,0
0,104,12,7,3,0
0,105,12,13,3,0
0,106,12,15,3,0
0,107,12,18,3,0
0,108,12,21,3,0
0,109,12,22,3,0
0,110,12,22,3,0
0,111,12,34,3,0
0,112,12,35,3,0
0,113,12,35,3,0
0,114,12,39,3,0
0,115,12,40,3,0
0,116,12,41,3,0
0,117,12,48,3,0
0,118,12,50,3,0
0,119,12,57,3,0
0,120,13,0,3,0
0,121,13,1,3,0
0,122,13,3,3,0
0,123,13,7,3,0
0,124,13,7,3,0
0,125,13,9,3,0
0,126,13,9,3,0
0,127,13,10,3,36
0,128,13,11,3,100
0,129,13,17,3,0
0,130,13,17,3,0
0,131,13,18,3,0
0,132,13,19,3,24
0,133,13,25,3,0
0,134,13,33,3,0
0,135,13,33,3,0
0,136,13,34,3,0
0,137,13,35,3,4
0,138,13,35,3,139
0,139,13,40,3,0
0,140,13,41,3,0
0,141,13,41,3,12
0,142,13,49,3,0
0,143,13,50,3,0
0,144,13,54,3,0
0,145,13,54,3,0
0,146,13,55,3,0
0,147,13,55,3,0
0,148,13,56,3,8
0,149,13,57,3,0
0,150,13,57,3,0
0,151,14,0,3,0
0,152,14,4,3,0
0,153,14,4,3,0
0,154,14,7,3,0
0,155,14,8,3,0
0,156,14,9,3,0
0,157,14,16,3,0
0,158,14,16,3,135
1,159,14,17,3,132
2,160,14,17,3,154
0,161,14,20,3,0
0,162,14,21,3,91
0,163,14,24,3,0
0,164,14,24,3,50
0,165,14,25,3,43
0,166,14,28,3,0
0,167,14,31,3,0
0,168,14,33,3,0
0,169,14,34,3,0
0,170,14,37,3,0
0,171,14,38,3,0
0,172,14,44,3,0
0,173,14,47,3,0
0,174,14,54,3,0
0,175,14,55,3,0
0,176,14,56,3,0
0,177,14,56,3,0
0,178,14,56,3,8
0,179,14,57,3,40
0,180,15,0,3,0
0,181,15,3,3,0
0,182,15,3,3,33
0,183,15,4,3,175
1,184,15,7,3,46
0,185,15,8,3,152
0,186,15,15,3,0
0,187,15,16,3,0
0,188,15,17,3,0
0,189,15,19,3,0
0,190,15,22,3,0
0,191,15,32,3,0
0,192,15,35,3,0
0,193,15,40,3,0
0,194,15,46,3,0
0,195,15,50,3,0
0,196,15,55,3,0
0,197,15,57,3,0
0,198,15,57,3,0
0,199,15,58,3,0
0,200,16,0,3,0
0,201,16,0,3,0
0,202,16,1,3,0
0,203,16,3,3,98
1,204,16,3,3,199
0,205,16,7,3,209
0,206,16,14,3,63
1,207,16,14,3,45
2,208,16,14,3,33
0,209,16,16,3,6
0,210,16,16,3,24
0,211,16,19,3,0
0,212,16,19,3,0
0,213,16,23,3,0
0,214,16,23,3,0
0,215,16,23,3,0
0,216,16,27,3,0
0,217,16,27,3,0
0,218,16,27,3,0
0,219,16,30,3,0
0,220,16,31,3,272
1,221,16,31,3,348
0,222,16,37,3,0
0,223,16,39,3,0
0,224,16,39,3,0
0,225,16,40,3,0
0,226,16,45,3,0
0,227,16,47,3,0
0,228,16,47,3,0
0,229,16,52,3,0
0,230,16,52,3,0
0,231,17,0,3,0
0,232,17,0,3,0
0,233,17,9,3,0
0,234,17,9,3,0
0,235,17,10,3,0
0,236,17,14,3,0
0,237,17,16,3,0
0,238,17,16,3,0
0,239,17,18,3,0
0,240,17,18,3,102
0,241,17,24,3,57
0,242,17,28,3,0
0,243,17,31,3,0
0,244,17,32,3,0
0,245,17,35,3,0
0,246,17,37,3,0
0,247,17,39,3,0
0,248,17,43,3,0
0,249,17,43,3,0
0,250,17,44,3,0
0,251,17,47,3,0
0,252,17,49,3,0
0,253,17,53,3,0
0,255,17,54,3,0
0,1,8,0,4,0
0,2,8,2,4,0
0,3,8,2,4,0
0,4,8,5,4,0
0,5,8,7,4,0
0,6,8,14,4,0
0,7,8,16,4,0
0,8,8,17,4,0
0,9,8,17,4,0
0,10,8,18,4,0
0,11,8,20,4,0
0,12,8,21,4,0
0,13,8,25,4,177
0,14,8,30,4,146
0,15,8,37,4,0
0,16,8,37,4,90
1,17,8,38,4,140
0,18,8,40,4,73
1,19,8,41,4,105
0,20,8,44,4,0
0,21,8,47,4,0
0,22,8,50,4,0
0,23,8,58,4,0
0,24,9,1,4,0
0,25,9,2,4,0
0,26,9,3,4,0
0,27,9,6,4,0
0,28,9,6,4,0
0,29,9,6,4,51
0,30,9,8,4,0
0,31,9,9,4,0
0,32,9,10,4,17
1,33,9,10,4,17
0,34,9,14,4,115
1,35,9,15,4,15
0,36,9,16,4,0
0,37,9,19,4,0
0,38,9,19,4,0
0,39,9,21,4,0
0,40,9,21,4,185
1,41,9,23,4,71
0,42,9,25,4,21
0,43,9,25,4,3
0,44,9,27,4,0
0,45,9,27,4,0
0,46,9,28,4,27
1,47,9,29,4,73
1,48,9,30,4,189
1,49,9,32,4,135
0,50,9,38,4,0
0,51,9,38,4,19
1,52,9,38,4,15
0,53,9,40,4,0
0,54,9,43,4,0
0,55,9,45,4,0
0,56,9,47,4,0
0,57,9,47,4,0
0,58,9,52,4,0
0,59,9,53,4,0
0,60,9,54,4,0
0,61,9,58,4,0
0,62,9,58,4,0
0,63,9,58,4,80
1,64,9,58,4,86
2,65,9,59,4,222
3,66,9,59,4,241
2,67,10,0,4,215
3,68,10,1,4,290
4,69,10,1,4,399
4,70,10,1,4,476
6,71,10,1,4,625
3,72,10,6,4,351
2,73,10,10,4,111
0,74,10,13,4,2
0,75,10,13,4,61
0,76,10,17,4,0
0,77,10,18,4,0
0,78,10,21,4,0
0,79,10,35,4,0
0,80,10,39,4,0
0,81,10,42,4,0
0,82,10,45,4,0
0,83,10,51,4,0
0,84,11,3,4,0
0,85,11,6,4,0
0,86,11,9,4,0
0,87,11,9,4,0
0,88,11,15,4,0
0,89,11,16,4,0
0,90,11,24,4,0
0,91,11,25,4,0
0,92,11,25,4,0
0,93,11,26,4,40
0,94,11,27,4,0
0,95,11,28,4,0
0,96,11,33,4,0
0,97,11,36,4,0
0,98,11,37,4,0
0,99,11,39,4,0
0,100,11,44,4,0
0,101,11,45,4,0
0,102,11,47,4,0
0,103,11,52,4,0
0,104,11,53,4,0
0,105,11,55,4,0
0,106,12,0,4,0
0,107,12,0,4,0
0,108,12,1,4,0
0,109,12,3,4,0
0,110,12,7,4,0
0,111,12,8,4,0
0,112,12,10,4,0
0,113,12,11,4,0
0,114,12,12,4,0
0,115,12,13,4,0
0,116,12,15,4,0
0,117,12,16,4,0
0,118,12,17,4,212
1,119,12,18,4,155
2,120,12,20,4,227
1,121,12,22,4,309
2,122,12,23,4,266
3,123,12,23,4,412
3,124,12,23,4,503
4,125,12,27,4,329
4,126,12,28,4,295
0,127,12,33,4,0
0,128,12,33,4,0
0,129,12,34,4,44
0,130,12,40,4,0
0,131,12,52,4,0
0,132,12,54,4,0
0,133,12,56,4,0
0,134,12,56,4,0
0,135,12,57,4,0
0,136,12,59,4,51
0,137,13,0,4,0
0,138,13,9,4,0
0,139,13,11,4,0
0,140,13,13,4,0
0,141,13,14,4,0
0,142,13,16,4,0
0,143,13,16,4,0
0,144,13,24,4,0
0,145,13,26,4,0
0,146,13,26,4,0
0,147,13,27,4,145
0,148,13,36,4,0
0,149,13,36,4,0
0,150,13,36,4,0
0,151,13,45,4,0
0,152,13,45,4,0
0,153,13,48,4,0
0,154,13,50,4,0
0,155,13,50,4,0
0,156,13,51,4,0
0,157,13,51,4,32
1,158,13,51,4,87
0,159,13,55,4,0
0,160,13,57,4,0
0,161,14,1,4,0
0,162,14,1,4,0
0,163,14,4,4,0
0,164,14,5,4,0
0,165,14,12,4,0
0,166,14,14,4,0
0,167,14,14,4,0
0,168,14,16,4,8
0,169,14,18,4,0
0,170,14,19,4,0
0,171,14,19,4,0
0,172,14,20,4,9
0,173,14,21,4,20
0,174,14,22,4,32
1,175,14,22,4,56
0,176,14,24,4,0
0,177,14,25,4,67
1,178,14,25,4,46
0,179,14,29,4,0
0,180,14,31,4,0
0,181,14,33,4,0
0,182,14,42,4,0
0,183,14,45,4,0
0,184,14,50,4,0
0,185,14,51,4,0
0,186,14,52,4,0
0,187,14,52,4,41
0,188,14,53,4,0
0,189,14,55,4,0
0,190,15,4,4,0
0,191,15,5,4,0
0,192,15,13,4,0
0,193,15,13,4,0
0,194,15,13,4,0
0,195,15,14,4,0
0,196,15,16,4,0
0,197,15,18,4,0
0,198,15,23,4,0
0,199,15,26,4,0
0,200,15,28,4,0
0,201,15,31,4,0
0,202,15,37,4,0
0,203,15,41,4,0
0,204,15,41,4,0
0,205,15,42,4,76
1,206,15,43,4,47
1,207,15,44,4,21
0,208,15,45,4,35
0,209,15,47,4,0
0,210,15,47,4,0
0,211,15,52,4,0
0,212,15,54,4,0
0,213,15,57,4,0
0,214,15,59,4,0
0,215,16,0,4,0
0,216,16,1,4,0
0,217,16,3,4,0
0,218,16,3,4,0
0,219,16,4,4,0
0,220,16,5,4,0
0,221,16,6,4,0
0,222,16,8,4,0
0,223,16,8,4,0
0,224,16,11,4,0
0,225,16,12,4,0
0,226,16,14,4,0
0,227,16,22,4,0
0,228,16,22,4,0
0,229,16,24,4,0
0,230,16,25,4,0
0,231,16,29,4,0
0,232,16,30,4,0
0,233,16,31,4,0
0,234,16,40,4,0
0,235,16,41,4,0
0,236,16,42,4,0
0,237,16,46,4,0
0,238,16,51,4,0
0,239,16,55,4,0
0,240,16,56,4,0
0,241,16,58,4,0
0,242,17,3,4,0
0,243,17,8,4,0
0,244,17,9,4,0
0,245,17,9,4,0
0,246,17,12,4,0
0,247,17,14,4,0
0,248,17,14,4,0
0,249,17,21,4,0
0,250,17,21,4,0
0,251,17,22,4,0
0,252,17,23,4,0
0,253,17,25,4,0
0,254,17,27,4,0
0,255,17,32,4,0
0,256,17,33,4,0
0,257,17,39,4,0
0,258,17,44,4,0
0,259,17,46,4,0
0,260,17,47,4,0
0,261,17,49,4,0
0,262,17,51,4,0
0,263,17,51,4,0
0,264,17,51,4,143
1,265,17,53,4,95
1,266,17,54,4,73
1,268,17,55,4,44
0,270,17,59,4,0
0,1,8,0,0,0
0,2,8,1,0,0
0,3,8,8,0,0
0,4,8,8,0,0
0,5,8,9,0,0
0,6,8,12,0,0
0,7,8,21,0,0
0,8,8,26,0,0
0,9,8,27,0,0
0,10,8,28,0,55
0,11,8,31,0,0
0,12,8,31,0,61
0,13,8,35,0,0
0,14,8,37,0,0
0,15,8,37,0,0
0,16,8,37,0,0
0,17,8,39,0,0
0,18,8,55,0,0
0,19,8,56,0,0
0,20,8,57,0,0
0,21,8,58,0,0
0,22,9,1,0,0
0,23,9,2,0,37
0,24,9,3,0,111
1,25,9,5,0,147
2,26,9,5,0,264
1,27,9,8,0,132
2,28,9,9,0,67
0,29,9,11,0,0
0,30,9,12,0,11
0,31,9,21,0,0
0,32,9,26,0,0
0,33,9,26,0,0
0,34,9,28,0,0
0,35,9,38,0,0
0,36,9,39,0,0
0,37,9,39,0,0
0,38,9,48,0,0
0,39,9,50,0,0
0,40,9,51,0,0
0,41,9,52,0,0
0,42,9,56,0,0
0,43,10,0,0,0
0,44,10,0,0,0
0,45,10,0,0,0
0,46,10,2,0,0
0,47,10,3,0,0
0,48,10,7,0,0
0,49,10,7,0,0
0,50,10,7,0,0
0,51,10,7,0,0
0,52,10,10,0,0
0,53,10,11,0,0
0,54,10,14,0,0
0,55,10,25,0,0
0,56,10,26,0,0
0,57,10,27,0,0
0,58,10,29,0,0
0,59,10,31,0,0
0,60,10,33,0,0
0,61,10,35,0,0
0,62,10,43,0,0
0,63,10,46,0,0
0,64,10,46,0,0
0,65,10,46,0,0
0,66,10,47,0,19
0,67,10,52,0,0
0,68,10,58,0,0
0,69,10,59,0,0
0,70,10,59,0,0
0,71,11,5,0,0
0,72,11,6,0,0
0,73,11,9,0,0
0,74,11,18,0,0
0,75,11,24,0,0
0,76,11,27,0,0
0,77,11,33,0,0
0,78,11,40,0,0
0,79,11,45,0,0
0,80,11,45,0,0
0,81,11,46,0,0
0,82,11,47,0,0
0,83,11,48,0,0
0,84,11,53,0,0
0,85,11,54,0,0
0,86,11,54,0,127
0,87,11,58,0,145
1,88,11,59,0,207
1,89,12,1,0,110
0,90,12,4,0,0
0,91,12,4,0,0
0,92,12,6,0,0
0,93,12,6,0,0
0,94,12,6,0,38
1,95,12,6,0,56
0,96,12,9,0,0
0,97,12,10,0,174
1,98,12,12,0,180
0,99,12,17,0,0
0,100,12,22,0,0
0,101,12,24,0,0
0,102,12,27,0,0
0,103,12,28,0,0
0,104,12,29,0,121
1,105,12,30,0,163
0,106,12,34,0,29
0,107,12,35,0,20
0,108,12,37,0,0
0,109,12,38,0,0
0,110,12,39,0,0
0,111,12,42,0,0
0,112,12,44,0,0
0,113,12,47,0,0
0,114,12,49,0,0
0,115,12,49,0,0
0,116,12,49,0,0
0,117,12,49,0,228
0,118,12,54,0,0
0,119,12,54,0,24
1,120,12,54,0,29
0,121,12,56,0,0
0,122,12,57,0,149
1,123,12,58,0,190
2,124,12,59,0,250
0,125,13,6,0,0
0,126,13,10,0,0
0,127,13,16,0,0
0,128,13,16,0,0
0,129,13,21,0,0
0,130,13,24,0,0
0,131,13,24,0,0
0,132,13,25,0,7
0,133,13,26,0,168
1,134,13,27,0,133
0,135,13,30,0,1
0,136,13,33,0,0
0,137,13,33,0,0
0,138,13,36,0,14
0,139,13,38,0,0
0,140,13,41,0,0
0,141,13,42,0,0
0,142,13,42,0,0
0,143,13,46,0,0
0,144,13,50,0,0
0,145,13,57,0,0
0,146,13,58,0,0
0,147,13,59,0,0
0,148,13,59,0,0
0,149,14,0,0,0
0,150,14,1,0,61
0,151,14,3,0,0
0,152,14,3,0,0
0,153,14,4,0,0
0,154,14,6,0,0
0,155,14,11,0,0
0,156,14,11,0,0
0,157,14,13,0,0
0,158,14,18,0,0
0,159,14,22,0,0
0,160,14,23,0,0
0,161,14,28,0,0
0,162,14,29,0,0
0,163,14,29,0,10
0,164,14,30,0,41
0,165,14,32,0,0
0,166,14,33,0,0
0,167,14,33,0,225
1,168,14,36,0,109
2,169,14,36,0,121
0,170,14,40,0,17
0,171,14,44,0,0
0,172,14,45,0,0
0,173,14,46,0,0
0,174,14,46,0,17
0,175,14,49,0,0
0,176,14,50,0,25
1,177,14,50,0,114
0,178,14,52,0,0
0,179,14,57,0,0
0,180,14,58,0,0
0,181,14,59,0,0
0,182,15,1,0,0
0,183,15,2,0,0
0,184,15,2,0,0
0,185,15,4,0,0
0,186,15,5,0,0
0,187,15,6,0,0
0,188,15,8,0,57
0,189,15,10,0,0
0,190,15,13,0,51
0,191,15,18,0,0
0,192,15,19,0,0
0,193,15,24,0,0
0,194,15,30,0,0
0,195,15,30,0,0
0,196,15,33,0,0
0,197,15,38,0,0
0,198,15,40,0,0
0,199,15,46,0,0
0,200,15,50,0,0
0,201,15,52,0,0
0,202,15,53,0,0
0,203,15,54,0,0
0,204,15,57,0,75
0,205,16,1,0,0
0,206,16,3,0,0
0,207,16,4,0,0
0,208,16,5,0,0
0,209,16,10,0,0
0,210,16,11,0,0
0,211,16,12,0,0
0,212,16,13,0,0
0,213,16,18,0,0
0,214,16,19,0,0
0,215,16,21,0,0
0,216,16,23,0,0
0,217,16,25,0,0
0,218,16,27,0,1
0,219,16,27,0,38
0,220,16,28,0,32
0,221,16,29,0,142
1,222,16,29,0,187
0,223,16,32,0,38
0,224,16,34,0,111
0,225,16,36,0,47
1,226,16,37,0,76
1,227,16,37,0,68
0,228,16,45,0,0
0,229,16,46,0,0
0,230,16,52,0,0
0,231,16,53,0,0
0,232,16,54,0,0
0,233,16,54,0,0
0,234,16,57,0,0
0,235,16,57,0,0
0,236,16,58,0,0
0,237,17,0,0,0
0,238,17,0,0,0
0,239,17,1,0,0
0,240,17,3,0,19
0,241,17,9,0,0
0,242,17,12,0,0
0,243,17,14,0,0
0,244,17,15,0,0
0,245,17,16,0,0
0,246,17,17,0,113
1,247,17,17,0,116
0,248,17,24,0,0
0,249,17,25,0,0
0,250,17,29,0,0
0,251,17,31,0,0
0,252,17,32,0,0
0,253,17,35,0,0
0,254,17,35,0,0
0,255,17,39,0,0
0,256,17,41,0,0
0,257,17,44,0,0
0,258,17,48,0,0
0,260,17,49,0,0
0,261,17,53,0,0
0,262,17,55,0,0
0,1,8,0,1,0
0,2,8,0,1,0
0,3,8,1,1,0
0,4,8,2,1,0
0,5,8,7,1,0
0,6,8,9,1,0
0,7,8,10,1,0
0,8,8,11,1,0
0,9,8,13,1,0
0,10,8,14,1,68
1,11,8,14,1,70
0,12,8,16,1,14
0,13,8,19,1,0
0,14,8,21,1,0
0,15,8,24,1,0
0,16,8,26,1,0
0,17,8,28,1,0
0,18,8,30,1,0
0,19,8,32,1,0
0,20,8,37,1,0
0,21,8,39,1,0
0,22,8,39,1,0
0,23,8,39,1,0
0,24,8,46,1,0
0,25,8,48,1,0
0,26,8,48,1,0
0,27,8,52,1,0
0,28,8,52,1,0
0,29,8,53,1,0
0,30,8,55,1,0
0,31,9,4,1,0
0,32,9,9,1,0
0,33,9,10,1,0
0,34,9,13,1,0
0,35,9,14,1,0
0,36,9,15,1,0
0,37,9,18,1,0
0,38,9,28,1,0
0,39,9,29,1,0
0,40,9,31,1,0
0,41,9,41,1,0
0,42,9,49,1,0
0,43,9,49,1,0
0,44,9,50,1,0
0,45,9,51,1,0
0,46,9,55,1,0
0,47,10,0,1,0
0,48,10,2,1,0
0,49,10,2,1,0
0,50,10,3,1,0
0,51,10,5,1,0
0,52,10,10,1,0
0,53,10,15,1,0
0,54,10,16,1,0
0,55,10,22,1,0
0,56,10,23,1,0
0,57,10,25,1,0
0,58,10,25,1,0
0,59,10,26,1,0
0,60,10,30,1,0
0,61,10,30,1,0
0,62,10,35,1,0
0,63,10,48,1,0
0,64,10,50,1,0
0,65,10,51,1,0
0,66,10,53,1,0
0,67,10,54,1,0
0,68,10,55,1,0
0,69,10,58,1,0
0,70,11,0,1,26
0,71,11,0,1,133
1,72,11,1,1,116
0,73,11,4,1,9
0,74,11,8,1,0
0,75,11,9,1,0
0,76,11,9,1,45
1,77,11,10,1,20
0,78,11,10,1,0
0,79,11,11,1,108
1,80,11,11,1,130
2,81,11,11,1,125
0,82,11,15,1,26
0,83,11,18,1,68
1,84,11,18,1,100
1,85,11,19,1,81
0,86,11,21,1,0
0,87,11,28,1,0
0,88,11,32,1,0
0,89,11,36,1,0
0,90,11,36,1,0
0,91,11,37,1,0
0,92,11,40,1,0
0,93,11,40,1,0
0,94,11,42,1,0
0,95,11,45,1,0
0,96,11,46,1,0
0,97,11,46,1,0
0,98,11,56,1,0
0,99,11,57,1,0
0,100,11,59,1,0
0,101,12,0,1,0
0,102,12,1,1,0
0,103,12,2,1,0
0,104,12,4,1,0
0,105,12,4,1,0
0,106,12,7,1,0
0,107,12,7,1,130
1,108,12,9,1,92
2,109,12,9,1,87
2,110,12,10,1,171
1,111,12,11,1,159
2,112,12,13,1,90
1,113,12,14,1,9
0,114,12,14,1,0
0,115,12,16,1,0
0,116,12,16,1,78
0,117,12,21,1,0
0,118,12,21,1,0
0,119,12,23,1,0
0,120,12,24,1,0
0,121,12,25,1,112
0,122,12,27,1,0
0,123,12,28,1,177
1,124,12,30,1,70
1,125,12,31,1,45
0,126,12,43,1,0
0,127,12,43,1,0
0,128,12,46,1,0
0,129,12,46,1,0
0,130,12,46,1,0
0,131,12,50,1,0
0,132,12,51,1,18
0,133,12,51,1,144
1,134,12,52,1,115
2,135,12,52,1,168
3,136,12,53,1,423
4,137,12,53,1,660
3,138,12,54,1,663
3,139,12,57,1,464
4,140,12,58,1,468
5,141,12,59,1,454
5,142,13,2,1,432
6,143,13,2,1,448
7,144,13,4,1,404
8,145,13,4,1,513
7,146,13,5,1,629
6,147,13,6,1,582
6,148,13,9,1,493
0,149,13,18,1,0
0,150,13,19,1,0
0,151,13,20,1,0
0,152,13,21,1,0
0,153,13,23,1,0
0,154,13,23,1,117
0,155,13,27,1,0
0,156,13,27,1,23
0,157,13,28,1,12
0,158,13,28,1,4
0,159,13,29,1,2
0,160,13,30,1,0
0,161,13,32,1,0
0,162,13,32,1,10
0,163,13,33,1,0
0,164,13,33,1,0
0,165,13,35,1,0
0,166,13,35,1,64
1,167,13,36,1,81
2,168,13,36,1,74
3,169,13,36,1,79
1,170,13,37,1,112
2,171,13,37,1,279
2,172,13,39,1,230
2,173,13,40,1,181
3,174,13,41,1,372
2,175,13,43,1,249
0,176,13,49,1,0
0,177,13,49,1,0
0,178,13,52,1,0
0,179,13,55,1,0
0,180,14,0,1,0
0,181,14,1,1,0
0,182,14,2,1,0
0,183,14,5,1,0
0,184,14,9,1,0
0,185,14,11,1,0
0,186,14,14,1,0
0,187,14,17,1,0
0,188,14,18,1,0
0,189,14,19,1,0
0,190,14,21,1,21
0,191,14,26,1,0
0,192,14,27,1,0
0,193,14,27,1,0
0,194,14,27,1,18
0,195,14,35,1,0
0,196,14,38,1,0
0,197,14,39,1,0
0,198,14,40,1,0
0,199,14,41,1,0
0,200,14,45,1,0
0,201,14,47,1,0
0,202,14,47,1,0
0,203,14,48,1,0
0,204,14,49,1,0
0,205,14,49,1,2
0,206,14,56,1,0
0,207,15,4,1,0
0,208,15,7,1,0
0,209,15,10,1,0
0,210,15,12,1,0
0,211,15,13,1,0
0,212,15,17,1,0
0,213,15,23,1,0
0,214,15,29,1,0
0,215,15,32,1,0
0,216,15,32,1,0
0,217,15,36,1,0
0,218,15,38,1,0
0,219,15,39,1,0
0,220,15,43,1,0
0,221,15,45,1,0
0,222,15,48,1,0
0,223,15,52,1,0
0,224,15,58,1,0
0,225,15,58,1,0
0,226,15,58,1,0
0,227,16,2,1,0
0,228,16,4,1,0
0,229,16,4,1,16
0,230,16,7,1,61
0,231,16,9,1,66
0,232,16,17,1,0
0,233,16,17,1,0
0,234,16,18,1,0
0,235,16,23,1,0
0,236,16,29,1,0
0,237,16,30,1,0
0,238,16,33,1,0
0,239,16,34,1,0
0,240,16,35,1,0
0,241,16,35,1,175
1,242,16,36,1,127
1,243,16,38,1,38
2,244,16,38,1,112
1,245,16,39,1,42
0,246,16,42,1,0
0,247,16,51,1,0
0,248,16,53,1,0
0,249,16,59,1,0
0,250,17,2,1,0
0,251,17,2,1,0
0,252,17,6,1,0
0,253,17,10,1,0
0,254,17,16,1,0
0,255,17,23,1,0
0,256,17,23,1,0
0,257,17,27,1,0
0,258,17,31,1,0
0,259,17,32,1,0
0,260,17,36,1,0
0,261,17,37,1,0
0,262,17,37,1,0
0,263,17,41,1,0
0,264,17,41,1,0
0,265,17,42,1,0
0,266,17,42,1,0
0,267,17,43,1,0
0,268,17,43,1,0
0,269,17,44,1,0
0,270,17,49,1,0
0,271,17,52,1,0
0,272,17,54,1,0
0,1,8,0,2,0
0,2,8,0,2,0
0,3,8,3,2,0
0,4,8,6,2,0
0,5,8,8,2,0
0,6,8,9,2,0
0,7,8,11,2,0
0,8,8,11,2,0
0,9,8,12,2,0
0,10,8,15,2,0
0,11,8,15,2,0
0,12,8,16,2,0
0,13,8,17,2,0
0,14,8,19,2,0
0,15,8,21,2,0
0,16,8,25,2,0
0,17,8,25,2,0
0,18,8,30,2,0
0,19,8,31,2,0
0,20,8,35,2,0
0,21,8,39,2,0
0,22,8,42,2,0
0,23,8,43,2,0
0,24,8,43,2,0
0,25,8,45,2,0
0,26,8,47,2,0
0,27,8,47,2,0
0,28,8,47,2,0
0,29,8,50,2,0
0,30,8,51,2,52
0,31,8,57,2,0
0,32,9,0,2,0
0,33,9,3,2,0
0,34,9,3,2,0
0,35,9,9,2,0
0,36,9,12,2,0
0,37,9,15,2,0
0,38,9,15,2,0
0,39,9,16,2,1
0,40,9,17,2,0
0,41,9,19,2,0
0,42,9,19,2,9
0,43,9,24,2,0
0,44,9,31,2,0
0,45,9,33,2,0
0,46,9,37,2,0
0,47,9,43,2,0
0,48,9,47,2,0
0,49,9,48,2,0
0,50,9,52,2,0
0,51,9,53,2,0
0,52,9,57,2,0
0,53,9,57,2,0
0,54,9,57,2,0
0,55,9,57,2,57
1,56,9,58,2,52
1,57,9,58,2,138
0,58,10,1,2,130
0,59,10,7,2,0
0,60,10,11,2,11
0,61,10,13,2,0
0,62,10,13,2,0
0,63,10,16,2,0
0,64,10,16,2,19
0,65,10,17,2,93
1,66,10,17,2,91
1,67,10,18,2,53
2,68,10,18,2,85
0,69,10,26,2,0
0,70,10,28,2,0
0,71,10,29,2,0
0,72,10,32,2,0
0,73,10,38,2,0
0,74,10,40,2,0
0,75,10,44,2,0
0,76,10,46,2,0
0,77,10,49,2,0
0,78,10,50,2,0
0,79,10,50,2,0
0,80,10,52,2,0
0,81,10,53,2,61
0,82,11,1,2,0
0,83,11,2,2,0
0,84,11,5,2,0
0,85,11,9,2,0
0,86,11,16,2,0
0,87,11,18,2,0
0,88,11,18,2,0
0,89,11,18,2,202
1,90,11,20,2,127
0,91,11,22,2,229
1,92,11,25,2,114
1,93,11,26,2,87
0,94,11,28,2,0
0,95,11,31,2,0
0,96,11,32,2,208
1,97,11,33,2,154
2,98,11,33,2,254
2,99,11,36,2,345
1,100,11,41,2,20
1,101,11,42,2,177
1,102,11,43,2,141
0,103,11,48,2,0
0,104,11,50,2,93
0,105,11,54,2,0
0,106,11,54,2,0
0,107,11,58,2,0
0,108,12,3,2,0
0,109,12,4,2,0
0,110,12,6,2,0
0,111,12,9,2,0
0,112,12,14,2,0
0,113,12,17,2,0
0,114,12,20,2,0
0,115,12,22,2,0
0,116,12,24,2,0
0,117,12,25,2,107
0,118,12,27,2,87
0,119,12,34,2,0
0,120,12,35,2,0
0,121,12,35,2,0
0,122,12,36,2,20
0,123,12,40,2,0
0,124,12,41,2,0
0,125,12,41,2,0
0,126,12,46,2,0
0,127,12,47,2,0
0,128,12,52,2,0
0,129,12,52,2,0
0,130,12,53,2,0
0,131,12,55,2,0
0,132,12,56,2,0
0,133,12,57,2,0
0,134,12,59,2,0
0,135,13,2,2,0
0,136,13,4,2,0
0,137,13,9,2,0
0,138,13,9,2,0
0,139,13,10,2,0
0,140,13,10,2,0
0,141,13,19,2,0
0,142,13,20,2,0
0,143,13,21,2,0
0,144,13,23,2,0
0,145,13,26,2,0
0,146,13,27,2,9
0,147,13,28,2,14
0,148,13,34,2,0
0,149,13,36,2,0
0,150,13,40,2,0
0,151,13,41,2,0
0,152,13,44,2,0
0,153,13,46,2,0
0,154,13,50,2,0
0,155,13,50,2,0
0,156,13,51,2,0
0,157,13,52,2,0
0,158,13,53,2,0
0,159,13,56,2,0
0,160,13,56,2,0
0,161,14,3,2,0
0,162,14,3,2,0
0,163,14,6,2,0
0,164,14,6,2,0
0,165,14,7,2,0
0,166,14,7,2,29
0,167,14,9,2,0
0,168,14,10,2,0
0,169,14,11,2,4
0,170,14,18,2,0
0,171,14,20,2,0
0,172,14,21,2,0
0,173,14,25,2,0
0,174,14,29,2,0
0,175,14,30,2,0
0,176,14,34,2,0
0,177,14,38,2,0
0,178,14,39,2,0
0,179,14,40,2,0
0,180,14,42,2,0
0,181,14,42,2,45
1,182,14,43,2,97
1,183,14,43,2,110
2,184,14,43,2,119
0,185,14,47,2,13
0,186,14,50,2,0
0,187,14,52,2,0
0,188,14,52,2,0
0,189,14,54,2,0
0,190,14,54,2,0
0,191,14,55,2,0
0,192,14,56,2,0
0,193,14,56,2,0
0,194,14,57,2,0
0,195,14,59,2,0
0,196,15,2,2,0
0,197,15,5,2,0
0,198,15,6,2,0
0,199,15,8,2,0
0,200,15,8,2,0
0,201,15,11,2,0
0,202,15,11,2,0
0,203,15,13,2,0
0,204,15,16,2,0
0,205,15,17,2,0
0,206,15,19,2,0
0,207,15,22,2,0
0,208,15,27,2,0
0,209,15,30,2,0
0,210,15,31,2,0
0,211,15,36,2,0
0,212,15,38,2,0
0,213,15,39,2,0
0,214,15,41,2,0
0,215,15,41,2,0
0,216,15,43,2,0
0,217,15,44,2,0
0,218,15,45,2,0
0,219,15,45,2,0
0,220,15,46,2,0
0,221,15,48,2,0
0,222,15,49,2,26
0,223,15,54,2,0
0,224,15,58,2,0
0,225,15,59,2,0
0,226,16,3,2,0
0,227,16,4,2,0
0,228,16,5,2,0
0,229,16,6,2,23
0,230,16,8,2,0
0,231,16,13,2,0
0,232,16,15,2,0
0,233,16,16,2,0
0,234,16,16,2,0
0,235,16,17,2,0
0,236,16,19,2,53
1,237,16,19,2,123
0,238,16,25,2,0
0,239,16,29,2,0
0,240,16,33,2,0
0,241,16,35,2,0
0,242,16,36,2,0
0,243,16,40,2,0
0,244,16,42,2,0
0,245,16,45,2,0
0,246,16,50,2,0
0,247,16,50,2,0
0,248,16,51,2,0
0,249,16,56,2,0
0,250,16,59,2,0
0,251,17,2,2,0
0,252,17,4,2,0
0,253,17,5,2,0
0,254,17,7,2,0
0,255,17,7,2,0
0,256,17,8,2,0
0,257,17,11,2,0
0,258,17,11,2,0
0,259,17,12,2,0
0,260,17,15,2,0
0,261,17,16,2,0
0,262,17,17,2,0
0,263,17,20,2,0
0,264,17,21,2,0
0,265,17,25,2,0
0,266,17,27,2,0
0,267,17,28,2,0
0,268,17,29,2,0
0,269,17,29,2,20
0,270,17,32,2,0
0,271,17,32,2,5
0,272,17,34,2,0
0,274,17,38,2,24
0,275,17,40,2,0
0,276,17,45,2,0
0,277,17,48,2,0
0,278,17,49,2,0
0,279,17,52,2,0
0,280,17,53,2,0
0,281,17,55,2,0
0,282,17,57,2,0
0,283,17,58,2,0
0,1,8,0,3,0
0,2,8,8,3,0
0,3,8,9,3,0
0,4,8,13,3,0
0,5,8,13,3,0
0,6,8,13,3,96
1,7,8,13,3,120
2,8,8,15,3,87
2,9,8,15,3,48
0,10,8,18,3,167
0,11,8,21,3,41
0,12,8,22,3,19
0,13,8,27,3,0
0,14,8,28,3,0
0,15,8,28,3,0
0,16,8,29,3,10
0,17,8,30,3,54
1,18,8,30,3,46
0,19,8,31,3,159
0,20,8,41,3,0
0,21,8,42,3,0
0,22,8,42,3,0
0,23,8,42,3,117
1,24,8,43,3,112
0,25,8,47,3,0
0,26,8,51,3,0
0,27,8,52,3,0
0,28,8,54,3,0
0,29,8,54,3,182
1,30,8,57,3,51
2,31,8,57,3,72
1,32,8,58,3,57
0,33,9,0,3,0
0,34,9,0,3,0
0,35,9,1,3,68
0,36,9,2,3,5
0,37,9,5,3,0
0,38,9,6,3,0
0,39,9,12,3,0
0,40,9,12,3,0
0,41,9,12,3,0
0,42,9,13,3,0
0,43,9,16,3,0
0,44,9,17,3,0
0,45,9,20,3,0
0,46,9,21,3,0
0,47,9,22,3,0
0,48,9,24,3,0
0,49,9,24,3,0
0,50,9,25,3,0
0,51,9,26,3,0
0,52,9,27,3,0
0,53,9,27,3,163
0,54,9,30,3,84
1,55,9,31,3,147
1,56,9,32,3,103
2,57,9,32,3,124
0,58,9,34,3,132
0,59,9,37,3,73
1,60,9,38,3,90
1,61,9,39,3,35
0,62,9,40,3,0
0,63,9,44,3,0
0,64,9,44,3,0
0,65,9,45,3,0
0,66,9,46,3,102
1,67,9,47,3,101
2,68,9,47,3,147
0,69,9,54,3,0
0,70,9,56,3,0
0,71,9,59,3,0
0,72,10,0,3,0
0,73,10,0,3,0
0,74,10,0,3,124
1,75,10,2,3,144
1,76,10,3,3,113
1,77,10,4,3,286
1,78,10,8,3,52
1,79,10,9,3,19
0,80,10,16,3,0
0,81,10,18,3,0
0,82,10,24,3,0
0,83,10,25,3,0
0,84,10,30,3,0
0,85,10,31,3,0
0,86,10,34,3,0
0,87,10,34,3,19
0,88,10,38,3,0
0,89,10,41,3,0
0,90,10,43,3,0
0,91,10,44,3,0
0,92,10,47,3,0
0,93,10,49,3,0
0,94,10,54,3,0
0,95,10,54,3,0
0,96,11,8,3,0
0,97,11,9,3,0
0,98,11,11,3,0
0,99,11,12,3,0
0,100,11,14,3,0
0,101,11,16,3,0
0,102,11,28,3,0
0,103,11,31,3,0
0,104,11,31,3,0
0,105,11,33,3,0
0,106,11,34,3,0
0,107,11,34,3,0
0,108,11,35,3,0
0,109,11,38,3,0
0,110,11,39,3,0
0,111,11,40,3,0
0,112,11,45,3,0
0,113,11,51,3,0
0,114,11,53,3,0
0,115,11,57,3,0
0,116,11,57,3,0
0,117,11,58,3,0
0,118,12,0,3,0
0,119,12,1,3,0
0,120,12,1,3,0
0,121,12,3,3,0
0,122,12,5,3,0
0,123,12,8,3,0
0,124,12,14,3,0
0,125,12,15,3,0
0,126,12,17,3,0
0,127,12,17,3,60
0,128,12,22,3,0
0,129,12,22,3,0
0,130,12,22,3,0
0,131,12,23,3,0
0,132,12,23,3,24
0,133,12,26,3,0
0,134,12,29,3,0
0,135,12,29,3,0
0,136,12,29,3,34
0,137,12,34,3,0
0,138,12,37,3,0
0,139,12,39,3,0
0,140,12,40,3,0
0,141,12,42,3,0
0,142,12,42,3,0
0,143,12,43,3,99
1,144,12,43,3,151
0,145,12,46,3,0
0,146,12,48,3,0
0,147,12,50,3,19
0,148,12,53,3,0
0,149,12,54,3,0
0,150,13,2,3,0
0,151,13,3,3,0
0,152,13,4,3,0
0,153,13,5,3,0
0,154,13,7,3,0
0,155,13,8,3,0
0,156,13,8,3,0
0,157,13,15,3,0
0,158,13,17,3,0
0,159,13,18,3,0
0,160,13,22,3,0
0,161,13,25,3,0
0,162,13,26,3,0
0,163,13,28,3,0
0,164,13,29,3,0
0,165,13,36,3,0
0,166,13,37,3,0
0,167,13,45,3,0
0,168,13,53,3,0
0,169,13,54,3,0
0,170,13,55,3,0
0,171,13,58,3,0
0,172,13,58,3,77
0,173,14,0,3,0
0,174,14,7,3,0
0,175,14,8,3,0
0,176,14,9,3,0
0,177,14,9,3,0
0,178,14,16,3,0
0,179,14,18,3,0
0,180,14,23,3,0
0,181,14,24,3,0
0,182,14,26,3,0
0,183,14,30,3,0
0,184,14,30,3,0
0,185,14,35,3,0
0,186,14,37,3,0
0,187,14,42,3,0
0,188,14,43,3,0
0,189,14,44,3,0
0,190,14,44,3,0
0,191,14,48,3,0
0,192,14,50,3,0
0,193,14,51,3,0
0,194,14,52,3,0
0,195,14,56,3,0
0,196,14,58,3,0
0,197,14,58,3,0
0,198,15,0,3,0
0,199,15,3,3,0
0,200,15,3,3,0
0,201,15,3,3,0
0,202,15,6,3,0
0,203,15,9,3,0
0,204,15,13,3,0
0,205,15,15,3,0
0,206,15,20,3,0
0,207,15,22,3,0
0,208,15,25,3,0
0,209,15,30,3,0
0,210,15,32,3,0
0,211,15,32,3,0
0,212,15,32,3,0
0,213,15,33,3,0
0,214,15,37,3,0
0,215,15,38,3,0
0,216,15,45,3,0
0,217,15,46,3,0
0,218,15,49,3,0
0,219,15,51,3,0
0,220,15,52,3,0
0,221,15,53,3,0
0,222,15,54,3,0
0,223,15,58,3,68
1,224,15,58,3,117
2,225,15,59,3,158
2,226,16,0,3,114
2,227,16,0,3,265
1,228,16,3,3,241
1,229,16,6,3,157
2,230,16,7,3,183
2,231,16,8,3,274
1,232,16,10,3,315
1,233,16,14,3,112
0,234,16,17,3,0
0,235,16,19,3,80
0,236,16,22,3,0
0,237,16,26,3,0
0,238,16,28,3,0
0,239,16,28,3,0
0,240,16,31,3,0
0,241,16,31,3,0
0,242,16,33,3,0
0,243,16,35,3,0
0,244,16,35,3,5
0,245,16,36,3,0
0,246,16,43,3,0
0,247,16,49,3,0
0,248,16,51,3,0
0,249,16,56,3,0
0,250,16,57,3,0
0,251,16,59,3,0
0,252,17,0,3,0
0,253,17,1,3,0
0,254,17,5,3,0
0,255,17,6,3,0
0,256,17,6,3,0
0,257,17,8,3,0
0,258,17,10,3,0
0,259,17,10,3,0
0,260,17,14,3,0
0,261,17,14,3,0
0,262,17,18,3,0
0,263,17,18,3,0
0,264,17,18,3,0
0,265,17,24,3,0
0,266,17,27,3,0
0,267,17,29,3,54
0,268,17,34,3,0
0,269,17,35,3,0
0,270,17,46,3,0
0,272,17,46,3,0
0,273,17,47,3,0
0,1,8,0,4,0
0,2,8,2,4,0
0,3,8,2,4,0
0,4,8,6,4,0
0,5,8,9,4,0
0,6,8,9,4,0
0,7,8,21,4,0
0,8,8,22,4,0
0,9,8,23,4,0
0,10,8,25,4,0
0,11,8,26,4,0
0,12,8,26,4,0
0,13,8,28,4,0
0,14,8,30,4,0
0,15,8,33,4,0
0,16,8,35,4,0
0,17,8,39,4,0
0,18,8,39,4,0
0,19,8,46,4,0
0,20,8,55,4,0
0,21,8,55,4,0
0,22,8,56,4,0
0,23,9,2,4,0
0,24,9,2,4,0
0,25,9,4,4,0
0,26,9,7,4,0
0,27,9,7,4,40
0,28,9,10,4,0
0,29,9,10,4,0
0,30,9,11,4,0
0,31,9,11,4,0
0,32,9,11,4,116
1,33,9,11,4,250
2,34,9,12,4,493
3,35,9,12,4,547
3,36,9,15,4,571
3,37,9,18,4,427
2,38,9,23,4,99
3,39,9,24,4,129
0,40,9,32,4,0
0,41,9,32,4,0
0,42,9,33,4,0
0,43,9,35,4,0
0,44,9,38,4,0
0,45,9,40,4,0
0,46,9,40,4,0
0,47,9,41,4,0
0,48,9,42,4,43
0,49,9,43,4,22
0,50,9,47,4,0
0,51,9,52,4,0
0,52,9,59,4,0
0,53,10,4,4,0
0,54,10,4,4,0
0,55,10,5,4,16
0,56,10,9,4,0
0,57,10,11,4,0
0,58,10,14,4,0
0,59,10,24,4,0
0,60,10,24,4,0
0,61,10,26,4,0
0,62,10,27,4,0
0,63,10,32,4,0
0,64,10,35,4,0
0,65,10,39,4,0
0,66,10,39,4,0
0,67,10,39,4,0
0,68,10,42,4,0
0,69,10,43,4,52
0,70,10,45,4,79
1,71,10,46,4,245
1,72,10,47,4,203
0,73,10,51,4,50
0,74,10,53,4,272
1,75,10,56,4,165
2,76,10,57,4,347
2,77,10,59,4,248
2,78,11,3,4,255
0,79,11,10,4,0
0,80,11,11,4,13
0,81,11,11,4,4
0,82,11,12,4,0
0,83,11,13,4,42
0,84,11,14,4,109
1,85,11,15,4,194
2,86,11,16,4,300
2,87,11,17,4,268
3,88,11,17,4,296
3,89,11,19,4,206
4,90,11,19,4,251
3,91,11,22,4,290
2,92,11,23,4,367
2,93,11,24,4,339
3,94,11,24,4,391
3,95,11,27,4,255
4,96,11,29,4,225
3,97,11,30,4,314
3,98,11,31,4,307
3,99,11,32,4,303
4,100,11,32,4,547
5,101,11,32,4,565
5,102,11,34,4,517
4,103,11,36,4,403
4,104,11,39,4,366
5,105,11,39,4,351
2,106,11,43,4,88
3,107,11,44,4,160
0,108,11,48,4,0
0,109,11,55,4,0
0,110,11,55,4,0
0,111,11,57,4,0
0,112,12,4,4,0
0,113,12,4,4,0
0,114,12,7,4,0
0,115,12,8,4,0
0,116,12,9,4,0
0,117,12,11,4,0
0,118,12,11,4,0
0,119,12,12,4,42
0,120,12,13,4,47
0,121,12,15,4,0
0,122,12,16,4,0
0,123,12,16,4,0
0,124,12,16,4,220
1,125,12,18,4,123
1,126,12,20,4,11
0,127,12,21,4,0
0,128,12,24,4,0
0,129,12,24,4,0
0,130,12,24,4,0
0,131,12,35,4,0
0,132,12,35,4,0
0,133,12,36,4,0
0,134,12,37,4,0
0,135,12,40,4,0
0,136,12,42,4,0
0,137,12,43,4,0
0,138,12,43,4,0
0,139,12,43,4,74
0,140,12,45,4,0
0,141,12,46,4,0
0,142,12,53,4,0
0,143,12,53,4,0
0,144,12,55,4,0
0,145,12,56,4,271
1,146,12,56,4,470
2,147,13,0,4,313
2,148,13,0,4,364
3,149,13,2,4,373
4,150,13,2,4,371
5,151,13,3,4,400
6,152,13,4,4,433
6,153,13,5,4,537
2,154,13,10,4,294
2,155,13,13,4,133
0,156,13,16,4,29
0,157,13,18,4,0
0,158,13,19,4,60
1,159,13,19,4,91
1,160,13,20,4,58
0,161,13,28,4,0
0,162,13,28,4,0
0,163,13,30,4,0
0,164,13,30,4,143
1,165,13,33,4,3
0,166,13,34,4,48
0,167,13,39,4,0
0,168,13,39,4,7
1,169,13,39,4,51
1,170,13,39,4,45
0,171,13,41,4,0
0,172,13,43,4,0
0,173,13,43,4,0
0,174,13,44,4,0
0,175,13,44,4,58
0,176,13,47,4,0
0,177,13,51,4,0
0,178,13,52,4,0
0,179,13,52,4,0
0,180,13,52,4,132
0,181,13,56,4,65
1,182,13,56,4,88
0,183,13,57,4,222
1,184,14,0,4,98
2,185,14,1,4,186
1,186,14,2,4,120
0,187,14,10,4,0
0,188,14,10,4,0
0,189,14,12,4,0
0,190,14,12,4,0
0,191,14,13,4,0
0,192,14,15,4,0
0,193,14,16,4,0
0,194,14,16,4,117
1,195,14,16,4,141
0,196,14,19,4,0
0,197,14,22,4,0
0,198,14,24,4,0
0,199,14,27,4,0
0,200,14,27,4,16
0,201,14,33,4,0
0,202,14,35,4,0
0,203,14,35,4,0
0,204,14,36,4,0
0,205,14,43,4,0
0,206,14,44,4,0
0,207,14,51,4,0
0,208,14,54,4,0
0,209,14,55,4,61
1,210,14,56,4,54
1,211,14,56,4,119
0,212,14,59,4,0
0,213,15,2,4,0
0,214,15,2,4,0
0,215,15,5,4,0
0,216,15,6,4,0
0,217,15,8,4,0
0,218,15,9,4,0
0,219,15,20,4,0
0,220,15,21,4,0
0,221,15,24,4,0
0,222,15,30,4,0
0,223,15,31,4,0
0,224,15,35,4,0
0,225,15,41,4,0
0,226,15,44,4,0
0,227,15,48,4,0
0,228,15,48,4,0
0,229,15,49,4,0
0,230,15,49,4,0
0,231,15,49,4,0
0,232,15,51,4,33
0,233,15,51,4,14
0,234,15,52,4,0
0,235,15,52,4,102
1,236,15,52,4,205
0,237,15,56,4,0
0,238,15,59,4,9
0,239,16,0,4,107
1,240,16,0,4,77
0,241,16,5,4,0
0,242,16,6,4,0
0,243,16,9,4,0
0,244,16,9,4,0
0,245,16,11,4,0
0,246,16,19,4,0
0,247,16,21,4,0
0,248,16,21,4,0
0,249,16,24,4,0
0,250,16,26,4,0
0,251,16,26,4,0
0,252,16,27,4,256
1,253,16,30,4,91
0,254,16,36,4,0
0,255,16,36,4,0
0,256,16,37,4,0
0,257,16,38,4,0
0,258,16,38,4,0
0,259,16,40,4,0
0,260,16,40,4,0
0,261,16,41,4,0
0,262,16,42,4,0
0,263,16,43,4,0
0,264,16,45,4,0
0,265,16,58,4,0
0,266,16,59,4,0
0,267,17,5,4,0
0,268,17,5,4,0
0,269,17,8,4,0
0,270,17,9,4,0
0,271,17,10,4,28
1,272,17,10,4,198
1,273,17,12,4,353
1,274,17,15,4,222
2,275,17,16,4,195
3,276,17,18,4,216
1,277,17,19,4,208
1,278,17,21,4,128
1,279,17,23,4,140
2,280,17,24,4,140
0,281,17,30,4,0
0,282,17,30,4,108
1,283,17,32,4,115
1,284,17,32,4,105
2,285,17,33,4,118
0,286,17,39,4,0
0,287,17,39,4,227
1,288,17,40,4,222
2,289,17,42,4,167
3,290,17,42,4,161
3,291,17,43,4,200
0,292,17,47,4,66
1,293,17,47,4,14
0,294,17,51,4,0
0,295,17,52,4,0
0,296,17,52,4,10
1,297,17,52,4,45
0,1,8,0,0,0
0,2,8,6,0,0
0,3,8,7,0,0
0,4,8,8,0,0
0,5,8,11,0,0
0,6,8,11,0,0
0,7,8,12,0,0
0,8,8,13,0,0
0,9,8,14,0,0
0,10,8,15,0,0
0,11,8,17,0,0
0,12,8,23,0,0
0,13,8,23,0,0
0,14,8,25,0,0
0,15,8,29,0,0
0,16,8,29,0,0
0,17,8,31,0,0
0,18,8,32,0,0
0,19,8,34,0,0
0,20,8,34,0,0
0,21,8,38,0,0
0,22,8,40,0,0
0,23,8,40,0,12
0,24,8,48,0,0
0,25,8,48,0,0
0,26,8,51,0,0
0,27,8,54,0,0
0,28,8,56,0,0
0,29,8,57,0,0
0,30,9,2,0,0
0,31,9,2,0,0
0,32,9,4,0,0
0,33,9,4,0,0
0,34,9,4,0,0
0,35,9,6,0,12
0,36,9,9,0,0
0,37,9,11,0,0
0,38,9,12,0,0
0,39,9,14,0,0
0,40,9,16,0,0
0,41,9,16,0,0
0,42,9,21,0,0
0,43,9,24,0,0
0,44,9,25,0,0
0,45,9,26,0,107
1,46,9,26,0,112
1,47,9,28,0,92
1,48,9,29,0,415
1,49,9,33,0,215
2,50,9,35,0,59
0,51,9,40,0,0
0,52,9,41,0,0
0,53,9,42,0,116
1,54,9,42,0,368
2,55,9,44,0,343
2,56,9,45,0,319
3,57,9,46,0,382
4,58,9,48,0,298
2,59,9,52,0,106
3,60,9,52,0,118
2,61,9,53,0,126
0,62,9,59,0,0
0,63,10,6,0,0
0,64,10,8,0,0
0,65,10,11,0,0
0,66,10,11,0,0
0,67,10,13,0,0
0,68,10,14,0,156
1,69,10,16,0,85
2,70,10,17,0,81
0,71,10,22,0,0
0,72,10,22,0,43
0,73,10,27,0,0
0,74,10,29,0,0
0,75,10,31,0,0
0,76,10,31,0,0
0,77,10,33,0,0
0,78,10,35,0,0
0,79,10,40,0,0
0,80,10,42,0,0
0,81,10,43,0,0
0,82,10,45,0,0
0,83,10,50,0,0
0,84,10,50,0,0
0,85,10,52,0,0
0,86,10,55,0,0
0,87,10,56,0,0
0,88,10,57,0,0
0,89,10,57,0,0
0,90,10,58,0,0
0,91,11,3,0,0
0,92,11,10,0,0
0,93,11,13,0,0
0,94,11,13,0,0
0,95,11,14,0,0
0,96,11,14,0,0
0,97,11,17,0,0
0,98,11,23,0,0
0,99,11,24,0,0
0,100,11,33,0,0
0,101,11,36,0,0
0,102,11,36,0,0
0,103,11,38,0,0
0,104,11,38,0,0
0,105,11,42,0,0
0,106,11,43,0,0
0,107,11,44,0,0
0,108,11,44,0,0
0,109,11,50,0,0
0,110,11,51,0,0
0,111,11,51,0,0
0,112,11,52,0,49
1,113,11,53,0,564
1,114,11,54,0,487
2,115,11,56,0,391
3,116,11,58,0,419
4,117,12,0,0,281
3,118,12,2,0,232
0,119,12,8,0,21
0,120,12,17,0,0
0,121,12,20,0,0
0,122,12,24,0,0
0,123,12,34,0,0
0,124,12,34,0,0
0,125,12,35,0,0
0,126,12,48,0,0
0,127,12,49,0,0
0,128,12,50,0,0
0,129,12,51,0,0
0,130,12,51,0,0
0,131,12,53,0,0
0,132,12,58,0,0
0,133,12,58,0,0
0,134,12,59,0,0
0,135,12,59,0,0
0,136,13,0,0,0
0,137,13,1,0,0
0,138,13,3,0,0
0,139,13,5,0,0
0,140,13,6,0,0
0,141,13,6,0,0
0,142,13,7,0,0
0,143,13,12,0,0
0,144,13,16,0,0
0,145,13,18,0,0
0,146,13,20,0,0
0,147,13,22,0,0
0,148,13,22,0,0
0,149,13,22,0,0
0,150,13,25,0,0
0,151,13,27,0,0
0,152,13,34,0,0
0,153,13,35,0,0
0,154,13,36,0,0
0,155,13,38,0,0
0,156,13,40,0,0
0,157,13,42,0,0
0,158,13,45,0,0
0,159,13,49,0,0
0,160,13,50,0,0
0,161,13,50,0,0
0,162,13,51,0,0
0,163,13,53,0,0
0,164,13,54,0,0
0,165,13,54,0,0
0,166,14,0,0,0
0,167,14,0,0,0
0,168,14,5,0,0
0,169,14,6,0,0
0,170,14,8,0,0
0,171,14,12,0,0
0,172,14,14,0,0
0,173,14,15,0,0
0,174,14,15,0,0
0,175,14,18,0,0
0,176,14,19,0,46
1,177,14,19,0,60
0,178,14,20,0,92
0,179,14,26,0,0
0,180,14,26,0,0
0,181,14,26,0,0
0,182,14,27,0,0
0,183,14,27,0,73
1,184,14,28,0,71
2,185,14,28,0,91
0,186,14,30,0,16
0,187,14,31,0,130
1,188,14,33,0,78
0,189,14,39,0,0
0,190,14,42,0,0
0,191,14,46,0,0
0,192,14,46,0,0
0,193,14,46,0,0
0,194,14,47,0,46
0,195,14,50,0,0
0,196,14,52,0,0
0,197,15,1,0,0
0,198,15,5,0,0
0,199,15,7,0,0
0,200,15,8,0,0
0,201,15,8,0,12
0,202,15,10,0,0
0,203,15,10,0,0
0,204,15,10,0,0
0,205,15,14,0,0
0,206,15,15,0,0
0,207,15,19,0,0
0,208,15,19,0,6
0,209,15,20,0,0
0,210,15,20,0,0
0,211,15,20,0,0
0,212,15,26,0,0
0,213,15,27,0,0
0,214,15,27,0,0
0,215,15,28,0,0
0,216,15,30,0,0
0,217,15,30,0,0
0,218,15,30,0,0
0,219,15,31,0,161
0,220,15,34,0,3
0,221,15,35,0,69
0,222,15,38,0,0
0,223,15,39,0,0
0,224,15,41,0,0
0,225,15,45,0,0
0,226,15,51,0,0
0,227,15,54,0,0
0,228,15,54,0,0
0,229,15,55,0,56
0,230,15,57,0,142
1,231,15,58,0,206
2,232,15,59,0,230
1,233,16,1,0,77
0,234,16,5,0,0
0,235,16,7,0,0
0,236,16,9,0,19
0,237,16,13,0,0
0,238,16,14,0,0
0,239,16,15,0,0
0,240,16,18,0,0
0,241,16,20,0,0
0,242,16,21,0,0
0,243,16,26,0,0
0,244,16,27,0,0
0,245,16,29,0,0
0,246,16,34,0,0
0,247,16,34,0,0
0,248,16,36,0,0
0,249,16,49,0,0
0,250,16,51,0,0
0,251,16,55,0,0
0,252,16,56,0,0
0,253,17,0,0,0
0,254,17,5,0,0
0,255,17,9,0,0
0,256,17,11,0,0
0,257,17,14,0,0
0,258,17,17,0,0
0,259,17,19,0,0
0,260,17,21,0,0
0,261,17,24,0,0
0,262,17,25,0,0
0,263,17,26,0,56
0,264,17,27,0,1
0,265,17,33,0,0
0,266,17,42,0,0
0,268,17,46,0,0
0,269,17,47,0,0
0,271,17,48,0,222
1,272,17,50,0,223
1,274,17,52,0,382
1,275,17,54,0,283
0,1,8,0,1,0
0,2,8,2,1,0
0,3,8,3,1,0
0,4,8,4,1,0
0,5,8,4,1,0
0,6,8,6,1,0
0,7,8,9,1,0
0,8,8,10,1,0
0,9,8,10,1,86
1,10,8,12,1,46
1,11,8,12,1,26
0,12,8,13,1,38
1,13,8,13,1,107
0,14,8,15,1,42
1,15,8,15,1,107
1,16,8,16,1,316
1,17,8,18,1,257
2,18,8,19,1,279
3,19,8,19,1,269
0,20,8,25,1,0
0,21,8,25,1,0
0,22,8,25,1,84
0,23,8,27,1,0
0,24,8,27,1,87
0,25,8,31,1,63
0,26,8,32,1,52
0,27,8,34,1,0
0,28,8,36,1,0
0,29,8,36,1,0
0,30,8,38,1,0
0,31,8,39,1,0
0,32,8,39,1,12
0,33,8,40,1,0
0,34,8,51,1,0
0,35,8,59,1,0
0,36,9,0,1,0
0,37,9,6,1,0
0,38,9,9,1,0
0,39,9,10,1,0
0,40,9,12,1,0
0,41,9,16,1,0
0,42,9,17,1,0
0,43,9,20,1,0
0,44,9,20,1,0
0,45,9,21,1,10
1,46,9,21,1,17
0,47,9,22,1,136
0,48,9,24,1,71
0,49,9,33,1,0
0,50,9,35,1,0
0,51,9,37,1,0
0,52,9,41,1,0
0,53,9,44,1,0
0,54,9,44,1,0
0,55,9,45,1,2
0,56,9,46,1,14
1,57,9,46,1,113
0,58,9,48,1,103
1,59,9,49,1,57
2,60,9,49,1,160
0,61,9,53,1,13
1,62,9,53,1,25
0,63,9,56,1,0
0,64,9,59,1,0
0,65,9,59,1,0
0,66,10,0,1,0
0,67,10,1,1,0
0,68,10,4,1,0
0,69,10,4,1,2
0,70,10,4,1,79
0,71,10,6,1,8
0,72,10,13,1,0
0,73,10,17,1,0
0,74,10,19,1,0
0,75,10,20,1,0
0,76,10,30,1,0
0,77,10,31,1,0
0,78,10,34,1,0
0,79,10,40,1,0
0,80,10,46,1,0
0,81,10,49,1,0
0,82,10,50,1,0
0,83,10,50,1,0
0,84,10,51,1,0
0,85,10,54,1,0
0,86,10,57,1,0
0,87,11,5,1,0
0,88,11,7,1,0
0,89,11,8,1,0
0,90,11,11,1,0
0,91,11,13,1,2
0,92,11,14,1,0
0,93,11,17,1,0
0,94,11,19,1,0
0,95,11,21,1,0
0,96,11,22,1,0
0,97,11,23,1,0
0,98,11,23,1,0
0,99,11,24,1,0
0,100,11,24,1,44
1,101,11,24,1,25
0,102,11,27,1,0
0,103,11,29,1,0
0,104,11,32,1,0
0,105,11,34,1,0
0,106,11,34,1,0
0,107,11,35,1,0
0,108,11,35,1,0
0,109,11,35,1,4
0,110,11,40,1,0
0,111,11,43,1,0
0,112,11,44,1,0
0,113,11,45,1,0
0,114,11,45,1,0
0,115,11,49,1,0
0,116,11,50,1,0
0,117,11,51,1,0
0,118,11,59,1,0
0,119,11,59,1,0
0,120,12,2,1,0
0,121,12,11,1,0
0,122,12,15,1,0
0,123,12,17,1,0
0,124,12,19,1,0
0,125,12,20,1,0
0,126,12,20,1,0
0,127,12,22,1,0
0,128,12,25,1,0
0,129,12,29,1,0
0,130,12,30,1,0
0,131,12,35,1,0
0,132,12,38,1,0
0,133,12,41,1,0
0,134,12,43,1,0
0,135,12,47,1,0
0,136,12,50,1,0
0,137,12,52,1,0
0,138,12,54,1,0
0,139,12,57,1,0
0,140,12,57,1,0
0,141,12,59,1,0
0,142,13,4,1,0
0,143,13,5,1,0
0,144,13,6,1,0
0,145,13,7,1,0
0,146,13,10,1,25
0,147,13,10,1,60
1,148,13,10,1,146
0,149,13,14,1,0
0,150,13,15,1,40
0,151,13,20,1,0
0,152,13,22,1,0
0,153,13,25,1,0
0,154,13,26,1,0
0,155,13,30,1,0
0,156,13,37,1,0
0,157,13,40,1,0
0,158,13,42,1,0
0,159,13,44,1,0
0,160,13,54,1,0
0,161,13,55,1,0
0,162,14,1,1,0
0,163,14,3,1,0
0,164,14,5,1,0
0,165,14,5,1,0
0,166,14,7,1,123
0,167,14,10,1,0
0,168,14,13,1,0
0,169,14,13,1,180
1,170,14,14,1,174
0,171,14,25,1,0
0,172,14,26,1,0
0,173,14,31,1,0
0,174,14,31,1,0
0,175,14,31,1,45
1,176,14,32,1,102
0,177,14,36,1,0
0,178,14,38,1,0
0,179,14,39,1,116
1,180,14,40,1,53
0,181,14,41,1,37
0,182,14,43,1,0
0,183,14,44,1,10
0,184,14,46,1,0
0,185,14,46,1,39
0,186,14,48,1,0
0,187,14,49,1,0
0,188,14,49,1,0
0,189,14,50,1,127
0,190,14,52,1,154
1,191,14,54,1,62
0,192,14,59,1,0
0,193,15,0,1,0
0,194,15,2,1,0
0,195,15,2,1,0
0,196,15,3,1,10
0,197,15,5,1,0
0,198,15,6,1,0
0,199,15,6,1,0
0,200,15,8,1,0
0,201,15,11,1,0
0,202,15,12,1,0
0,203,15,16,1,0
0,204,15,17,1,0
0,205,15,18,1,0
0,206,15,19,1,0
0,207,15,19,1,0
0,208,15,21,1,24
0,209,15,22,1,22
0,210,15,26,1,0
0,211,15,26,1,0
0,212,15,27,1,0
0,213,15,34,1,0
0,214,15,37,1,0
0,215,15,40,1,0
0,216,15,41,1,0
0,217,15,43,1,0
0,218,15,44,1,0
0,219,15,44,1,0
0,220,15,46,1,0
0,221,15,47,1,0
0,222,15,48,1,60
0,223,15,52,1,0
0,224,15,53,1,0
0,225,15,55,1,0
0,226,15,55,1,21
0,227,15,59,1,0
0,228,16,0,1,0
0,229,16,1,1,0
0,230,16,5,1,0
0,231,16,6,1,0
0,232,16,7,1,0
0,233,16,11,1,0
0,234,16,14,1,0
0,235,16,18,1,0
0,236,16,25,1,0
0,237,16,28,1,0
0,238,16,28,1,0
0,239,16,29,1,0
0,240,16,30,1,0
0,241,16,32,1,0
0,242,16,32,1,0
0,243,16,34,1,0
0,244,16,34,1,0
0,245,16,38,1,0
0,246,16,39,1,0
0,247,16,40,1,0
0,248,16,42,1,0
0,249,16,46,1,0
0,250,16,47,1,0
0,251,16,50,1,0
0,252,16,51,1,0
0,253,16,53,1,0
0,254,16,54,1,0
0,255,16,54,1,35
0,256,16,55,1,15
0,257,16,56,1,78
1,258,16,57,1,73
0,259,17,2,1,0
0,260,17,3,1,0
0,261,17,4,1,0
0,262,17,4,1,0
0,263,17,4,1,162
0,264,17,9,1,258
1,265,17,10,1,224
2,266,17,11,1,403
2,267,17,14,1,226
2,268,17,15,1,354
2,269,17,18,1,216
2,270,17,20,1,297
3,271,17,20,1,378
1,272,17,26,1,39
1,273,17,27,1,222
1,274,17,27,1,393
2,275,17,28,1,478
1,277,17,34,1,195
2,278,17,35,1,346
1,279,17,38,1,160
2,280,17,39,1,139
3,281,17,39,1,252
1,282,17,43,1,150
0,284,17,46,1,295
1,285,17,46,1,354
2,286,17,47,1,358
3,287,17,48,1,339
2,288,17,52,1,183
1,289,17,54,1,128
2,290,17,55,1,126
0,1,8,0,2,0
0,2,8,0,2,0
0,3,8,0,2,0
0,4,8,1,2,0
0,5,8,2,2,0
0,6,8,9,2,0
0,7,8,12,2,0
0,8,8,13,2,0
0,9,8,14,2,0
0,10,8,14,2,0
0,11,8,19,2,0
0,12,8,22,2,0
0,13,8,23,2,0
0,14,8,26,2,0
0,15,8,27,2,0
0,16,8,30,2,0
0,17,8,34,2,0
0,18,8,36,2,0
0,19,8,37,2,0
0,20,8,38,2,0
0,21,8,42,2,0
0,22,8,45,2,0
0,23,8,45,2,0
0,24,8,47,2,0
0,25,8,49,2,0
0,26,8,49,2,18
0,27,8,50,2,0
0,28,8,54,2,0
0,29,8,55,2,0
0,30,8,55,2,0
0,31,8,55,2,0
0,32,8,57,2,0
0,33,8,59,2,0
0,34,9,6,2,0
0,35,9,9,2,0
0,36,9,10,2,0
0,37,9,18,2,0
0,38,9,19,2,0
0,39,9,19,2,0
0,40,9,22,2,0
0,41,9,23,2,0
0,42,9,23,2,0
0,43,9,23,2,111
0,44,9,27,2,0
0,45,9,29,2,0
0,46,9,39,2,0
0,47,9,41,2,0
0,48,9,43,2,0
0,49,9,44,2,0
0,50,9,47,2,38
0,51,9,49,2,0
0,52,9,50,2,0
0,53,9,50,2,78
0,54,10,2,2,0
0,55,10,5,2,0
0,56,10,6,2,0
0,57,10,7,2,0
0,58,10,8,2,0
0,59,10,11,2,0
0,60,10,12,2,0
0,61,10,16,2,0
0,62,10,21,2,0
0,63,10,22,2,0
0,64,10,23,2,0
0,65,10,25,2,0
0,66,10,27,2,0
0,67,10,28,2,0
0,68,10,31,2,0
0,69,10,31,2,0
0,70,10,32,2,0
0,71,10,33,2,0
0,72,10,35,2,0
0,73,10,36,2,9
0,74,10,40,2,0
0,75,10,47,2,0
0,76,10,48,2,0
0,77,10,49,2,0
0,78,10,50,2,0
0,79,10,53,2,0
0,80,11,1,2,0
0,81,11,5,2,0
0,82,11,6,2,0
0,83,11,6,2,0
0,84,11,11,2,0
0,85,11,12,2,0
0,86,11,15,2,0
0,87,11,16,2,0
0,88,11,17,2,12
0,89,11,17,2,161
1,90,11,18,2,235
0,91,11,22,2,107
1,92,11,23,2,80
1,93,11,24,2,42
0,94,11,27,2,0
0,95,11,33,2,0
0,96,11,34,2,0
0,97,11,40,2,0
0,98,11,41,2,0
0,99,11,45,2,0
0,100,11,45,2,0
0,101,11,47,2,0
0,102,11,48,2,0
0,103,11,56,2,0
0,104,11,56,2,0
0,105,11,58,2,0
0,106,11,59,2,0
0,107,12,2,2,0
0,108,12,3,2,0
0,109,12,5,2,0
0,110,12,6,2,0
0,111,12,7,2,0
0,112,12,9,2,0
0,113,12,12,2,0
0,114,12,15,2,0
0,115,12,15,2,0
0,116,12,16,2,0
0,117,12,17,2,0
0,118,12,19,2,0
0,119,12,22,2,0
0,120,12,23,2,0
0,121,12,24,2,0
0,122,12,24,2,0
0,123,12,25,2,0
0,124,12,26,2,0
0,125,12,33,2,0
0,126,12,33,2,0
0,127,12,35,2,0
0,128,12,35,2,0
0,129,12,36,2,0
0,130,12,38,2,0
0,131,12,40,2,0
0,132,12,41,2,0
0,133,12,43,2,2
0,134,12,44,2,0
0,135,12,46,2,0
0,136,12,47,2,39
0,137,12,58,2,0
0,138,12,58,2,0
0,139,13,1,2,0
0,140,13,5,2,0
0,141,13,5,2,0
0,142,13,7,2,0
0,143,13,9,2,0
0,144,13,11,2,0
0,145,13,16,2,0
0,146,13,19,2,0
0,147,13,21,2,0
0,148,13,25,2,0
0,149,13,30,2,0
0,150,13,31,2,0
0,151,13,33,2,0
0,152,13,38,2,0
0,153,13,42,2,0
0,154,13,46,2,0
0,155,13,52,2,0
0,156,13,52,2,0
0,157,13,56,2,0
0,158,13,57,2,0
0,159,13,57,2,0
0,160,14,5,2,0
0,161,14,6,2,0
0,162,14,7,2,0
0,163,14,8,2,0
0,164,14,10,2,0
0,165,14,11,2,59
0,166,14,13,2,0
0,167,14,13,2,207
1,168,14,16,2,155
2,169,14,17,2,165
2,170,14,17,2,155
3,171,14,18,2,408
1,172,14,22,2,216
0,173,14,30,2,0
0,174,14,31,2,0
0,175,14,31,2,0
0,176,14,31,2,122
0,177,14,39,2,0
0,178,14,40,2,0
0,179,14,41,2,10
0,180,14,43,2,0
0,181,14,44,2,5
0,182,14,44,2,210
1,183,14,45,2,220
2,184,14,45,2,407
3,185,14,45,2,402
4,186,14,47,2,413
0,187,14,55,2,0
0,188,14,56,2,0
0,189,14,58,2,0
0,190,14,59,2,0
0,191,14,59,2,0
0,192,15,1,2,0
0,193,15,6,2,0
0,194,15,8,2,0
0,195,15,9,2,0
0,196,15,10,2,0
0,197,15,12,2,0
0,198,15,12,2,0
0,199,15,12,2,0
0,200,15,13,2,30
1,201,15,13,2,62
2,202,15,13,2,75
1,203,15,14,2,33
0,204,15,19,2,0
0,205,15,20,2,89
0,206,15,25,2,0
0,207,15,25,2,0
0,208,15,28,2,0
0,209,15,29,2,0
0,210,15,29,2,0
0,211,15,30,2,0
0,212,15,32,2,0
0,213,15,34,2,0
0,214,15,36,2,0
0,215,15,41,2,0
0,216,15,44,2,0
0,217,15,46,2,0
0,218,15,46,2,0
0,219,15,48,2,0
0,220,15,52,2,0
0,221,15,53,2,0
0,222,15,54,2,0
0,223,15,56,2,0
0,224,15,59,2,0
0,225,15,59,2,92
0,226,16,2,2,0
0,227,16,5,2,0
0,228,16,6,2,0
0,229,16,10,2,0
0,230,16,15,2,0
0,231,16,23,2,0
0,232,16,25,2,0
0,233,16,25,2,0
0,234,16,31,2,0
0,235,16,31,2,0
0,236,16,32,2,0
0,237,16,32,2,3
0,238,16,35,2,0
0,239,16,35,2,0
0,240,16,42,2,0
0,241,16,46,2,0
0,242,16,46,2,0
0,243,16,49,2,0
0,244,16,50,2,0
0,245,16,52,2,0
0,246,16,55,2,0
0,247,16,59,2,0
0,248,17,3,2,0
0,249,17,3,2,0
0,250,17,4,2,0
0,251,17,9,2,0
0,252,17,9,2,0
0,253,17,14,2,0
0,254,17,18,2,0
0,255,17,24,2,0
0,256,17,25,2,0
0,257,17,25,2,0
0,258,17,29,2,0
0,259,17,29,2,0
0,260,17,31,2,0
0,261,17,31,2,0
0,262,17,31,2,0
0,263,17,33,2,0
0,264,17,36,2,0
0,265,17,37,2,0
0,266,17,38,2,0
0,267,17,39,2,0
0,268,17,41,2,0
0,269,17,41,2,19
0,270,17,51,2,0
0,272,17,53,2,0
0,1,8,0,3,0
0,2,8,0,3,0
0,3,8,0,3,0
0,4,8,1,3,0
0,5,8,1,3,209
0,6,8,8,3,0
0,7,8,9,3,0
0,8,8,10,3,0
0,9,8,11,3,0
0,10,8,14,3,0
0,11,8,14,3,0
0,12,8,17,3,0
0,13,8,19,3,0
0,14,8,21,3,0
0,15,8,25,3,0
0,16,8,25,3,0
0,17,8,26,3,0
0,18,8,28,3,0
0,19,8,28,3,0
0,20,8,29,3,0
0,21,8,32,3,0
0,22,8,34,3,0
0,23,8,37,3,0
0,24,8,37,3,0
0,25,8,37,3,36
1,26,8,38,3,383
1,27,8,40,3,290
2,28,8,41,3,228
3,29,8,44,3,167
1,30,8,45,3,125
0,31,8,49,3,0
0,32,8,58,3,0
0,33,8,58,3,0
0,34,9,2,3,0
0,35,9,2,3,0
0,36,9,7,3,0
0,37,9,7,3,0
0,38,9,9,3,0
0,39,9,10,3,0
0,40,9,11,3,0
0,41,9,11,3,0
0,42,9,12,3,0
0,43,9,22,3,0
0,44,9,22,3,0
0,45,9,23,3,0
0,46,9,26,3,0
0,47,9,26,3,0
0,48,9,35,3,0
0,49,9,35,3,0
0,50,9,38,3,0
0,51,9,38,3,0
0,52,9,40,3,0
0,53,9,41,3,0
0,54,9,42,3,0
0,55,9,43,3,0
0,56,9,45,3,0
0,57,9,46,3,0
0,58,9,46,3,41
0,59,9,48,3,0
0,60,9,49,3,0
0,61,9,51,3,0
0,62,9,53,3,0
0,63,9,56,3,0
0,64,10,0,3,0
0,65,10,2,3,0
0,66,10,5,3,0
0,67,10,5,3,0
0,68,10,5,3,0
0,69,10,6,3,0
0,70,10,9,3,0
0,71,10,12,3,0
0,72,10,17,3,0
0,73,10,17,3,0
0,74,10,18,3,84
1,75,10,19,3,54
0,76,10,21,3,0
0,77,10,25,3,0
0,78,10,26,3,0
0,79,10,28,3,0
0,80,10,30,3,0
0,81,10,31,3,0
0,82,10,35,3,0
0,83,10,37,3,0
0,84,10,39,3,0
0,85,10,46,3,0
0,86,10,49,3,0
0,87,10,49,3,0
0,88,10,51,3,0
0,89,10,52,3,0
0,90,10,52,3,0
0,91,10,54,3,0
0,92,10,57,3,0
0,93,11,0,3,0
0,94,11,8,3,0
0,95,11,9,3,0
0,96,11,10,3,0
0,97,11,12,3,0
0,98,11,15,3,0
0,99,11,18,3,0
0,100,11,19,3,0
0,101,11,20,3,0
0,102,11,22,3,0
0,103,11,23,3,0
0,104,11,24,3,0
0,105,11,27,3,0
0,106,11,31,3,0
0,107,11,32,3,0
0,108,11,35,3,0
0,109,11,40,3,0
0,110,11,43,3,0
0,111,11,45,3,0
0,112,11,45,3,0
0,113,11,48,3,0
0,114,11,50,3,0
0,115,11,55,3,0
0,116,11,55,3,0
0,117,11,57,3,0
0,118,11,57,3,0
0,119,11,57,3,0
0,120,12,1,3,0
0,121,12,4,3,0
0,122,12,9,3,0
0,123,12,11,3,0
0,124,12,13,3,0
0,125,12,18,3,0
0,126,12,19,3,0
0,127,12,19,3,0
0,128,12,22,3,0
0,129,12,27,3,0
0,130,12,34,3,0
0,131,12,34,3,0
0,132,12,36,3,0
0,133,12,38,3,0
0,134,12,47,3,0
0,135,12,52,3,0
0,136,12,54,3,0
0,137,12,56,3,0
0,138,12,56,3,0
0,139,12,56,3,0
0,140,12,58,3,10
0,141,13,4,3,0
0,142,13,5,3,0
0,143,13,8,3,0
0,144,13,9,3,0
0,145,13,12,3,0
0,146,13,13,3,0
0,147,13,16,3,0
0,148,13,18,3,0
0,149,13,26,3,0
0,150,13,31,3,0
0,151,13,34,3,0
0,152,13,34,3,0
0,153,13,36,3,0
0,154,13,37,3,0
0,155,13,39,3,0
0,156,13,39,3,0
0,157,13,39,3,0
0,158,13,40,3,0
0,159,13,45,3,0
0,160,13,46,3,0
0,161,13,47,3,0
0,162,13,50,3,0
0,163,13,50,3,0
0,164,13,50,3,0
0,165,13,52,3,0
0,166,13,52,3,82
1,167,13,53,3,85
0,168,13,57,3,0
0,169,13,59,3,0
0,170,14,0,3,0
0,171,14,6,3,0
0,172,14,8,3,0
0,173,14,15,3,0
0,174,14,16,3,0
0,175,14,32,3,0
0,176,14,36,3,0
0,177,14,38,3,0
0,178,14,40,3,0
0,179,14,41,3,0
0,180,14,41,3,0
0,181,14,41,3,0
0,182,14,42,3,0
0,183,14,44,3,0
0,184,14,52,3,0
0,185,14,52,3,0
0,186,14,56,3,0
0,187,15,0,3,0
0,188,15,0,3,0
0,189,15,4,3,0
0,190,15,5,3,0
0,191,15,7,3,0
0,192,15,8,3,0
0,193,15,8,3,0
0,194,15,9,3,0
0,195,15,11,3,0
0,196,15,16,3,0
0,197,15,21,3,0
0,198,15,21,3,0
0,199,15,24,3,0
0,200,15,24,3,36
0,201,15,25,3,207
1,202,15,25,3,231
2,203,15,27,3,99
3,205,15,28,3,146
3,204,15,28,3,143
1,206,15,30,3,39
0,207,15,32,3,0
0,208,15,32,3,25
0,209,15,41,3,0
0,210,15,42,3,0
0,211,15,46,3,0
0,212,15,50,3,0
0,213,15,52,3,0
0,214,15,52,3,0
0,215,15,53,3,0
0,216,15,53,3,6
0,217,15,54,3,0
0,218,15,55,3,0
0,219,16,0,3,0
0,220,16,2,3,0
0,221,16,2,3,0
0,222,16,2,3,0
0,223,16,5,3,0
0,224,16,8,3,0
0,225,16,11,3,0
0,226,16,13,3,98
1,227,16,14,3,156
2,228,16,14,3,294
2,229,16,15,3,258
2,230,16,18,3,230
1,231,16,21,3,315
1,232,16,23,3,167
0,233,16,28,3,0
0,234,16,35,3,0
0,235,16,40,3,0
0,236,16,42,3,0
0,237,16,43,3,0
0,238,16,43,3,0
0,239,16,45,3,0
0,240,16,46,3,0
0,241,16,47,3,104
1,243,16,48,3,286
1,242,16,48,3,165
3,244,16,48,3,345
0,245,16,58,3,0
0,246,17,0,3,0
0,247,17,1,3,0
0,248,17,4,3,0
0,249,17,4,3,0
0,250,17,5,3,0
0,251,17,6,3,0
0,252,17,7,3,0
0,253,17,9,3,0
0,254,17,10,3,0
0,255,17,13,3,0
0,256,17,13,3,0
0,257,17,13,3,20
0,258,17,24,3,0
0,259,17,28,3,0
0,260,17,30,3,0
0,261,17,32,3,0
0,262,17,41,3,0
0,263,17,41,3,0
0,264,17,44,3,0
0,265,17,49,3,0
0,266,17,49,3,0
0,268,17,57,3,0
0,1,8,0,4,0
0,2,8,0,4,0
0,3,8,0,4,0
0,4,8,1,4,0
0,5,8,5,4,0
0,6,8,10,4,0
0,7,8,12,4,0
0,8,8,15,4,0
0,9,8,18,4,0
0,10,8,26,4,0
0,11,8,27,4,0
0,12,8,32,4,0
0,13,8,36,4,0
0,14,8,36,4,0
0,15,8,37,4,0
0,16,8,39,4,120
0,17,8,44,4,307
1,18,8,47,4,123
2,19,8,48,4,129
1,20,8,50,4,81
0,21,8,56,4,0
0,22,8,58,4,0
0,23,8,59,4,0
0,24,9,0,4,0
0,25,9,0,4,0
0,26,9,1,4,0
0,27,9,5,4,0
0,28,9,7,4,0
0,29,9,11,4,0
0,30,9,12,4,0
0,31,9,13,4,0
0,32,9,18,4,0
0,33,9,24,4,0
0,34,9,26,4,0
0,35,9,28,4,0
0,36,9,30,4,0
0,37,9,31,4,0
0,38,9,32,4,0
0,39,9,35,4,0
0,40,9,41,4,0
0,41,9,41,4,0
0,42,9,42,4,0
0,43,9,46,4,0
0,44,9,47,4,0
0,45,9,59,4,0
0,46,10,0,4,0
0,47,10,1,4,0
0,48,10,2,4,0
0,49,10,2,4,1
0,50,10,4,4,0
0,51,10,9,4,0
0,52,10,16,4,0
0,53,10,17,4,0
0,54,10,18,4,0
0,55,10,19,4,0
0,56,10,19,4,0
0,57,10,24,4,0
0,58,10,25,4,0
0,59,10,25,4,0
0,60,10,28,4,0
0,61,10,30,4,0
0,62,10,31,4,0
0,63,10,34,4,0
0,64,10,35,4,0
0,65,10,36,4,46
0,66,10,37,4,24
0,67,10,40,4,0
0,68,10,44,4,0
0,69,10,45,4,0
0,70,10,49,4,0
0,71,10,53,4,0
0,72,10,53,4,0
0,73,10,58,4,0
0,74,10,59,4,0
0,75,11,0,4,0
0,76,11,3,4,0
0,77,11,4,4,0
0,78,11,8,4,0
0,79,11,11,4,0
0,80,11,11,4,29
0,81,11,16,4,0
0,82,11,19,4,0
0,83,11,28,4,0
0,84,11,34,4,0
0,85,11,37,4,0
0,86,11,41,4,0
0,87,11,42,4,0
0,88,11,43,4,0
0,89,11,44,4,0
0,90,11,47,4,0
0,91,11,49,4,0
0,92,11,49,4,0
0,93,11,50,4,0
0,94,11,52,4,0
0,95,11,53,4,0
0,96,11,53,4,0
0,97,11,55,4,0
0,98,11,58,4,0
0,99,11,58,4,0
0,100,12,3,4,0
0,101,12,3,4,0
0,102,12,6,4,0
0,103,12,12,4,0
0,104,12,12,4,0
0,105,12,13,4,0
0,106,12,16,4,0
0,107,12,16,4,0
0,108,12,17,4,0
0,109,12,19,4,0
0,110,12,21,4,0
0,111,12,23,4,0
0,112,12,26,4,0
0,113,12,30,4,211
1,114,12,31,4,175
2,115,12,31,4,169
0,116,12,34,4,0
0,117,12,39,4,0
0,118,12,39,4,0
0,119,12,40,4,0
0,120,12,40,4,80
0,121,12,45,4,0
0,122,12,51,4,0
0,123,12,56,4,0
0,124,13,2,4,0
0,125,13,4,4,0
0,126,13,7,4,0
0,127,13,8,4,0
0,128,13,12,4,0
0,129,13,18,4,0
0,130,13,20,4,0
0,131,13,21,4,0
0,132,13,21,4,0
0,133,13,25,4,0
0,134,13,26,4,0
0,135,13,26,4,200
1,136,13,29,4,146
0,137,13,32,4,0
0,138,13,32,4,0
0,139,13,35,4,0
0,140,13,43,4,0
0,141,13,44,4,0
0,142,13,45,4,0
0,143,13,47,4,0
0,144,13,50,4,0
0,145,13,53,4,0
0,146,13,59,4,0
0,147,14,5,4,0
0,148,14,10,4,0
0,149,14,13,4,0
0,150,14,15,4,0
0,151,14,16,4,0
0,152,14,16,4,0
0,153,14,20,4,0
0,154,14,22,4,0
0,155,14,23,4,0
0,156,14,24,4,0
0,157,14,24,4,65
0,158,14,26,4,0
0,159,14,27,4,5
0,160,14,27,4,0
0,161,14,30,4,0
0,162,14,30,4,52
0,163,14,32,4,0
0,164,14,34,4,0
0,165,14,38,4,0
0,166,14,38,4,0
0,167,14,38,4,330
1,168,14,39,4,306
1,169,14,44,4,166
0,170,14,47,4,141
1,171,14,47,4,220
0,172,14,51,4,0
0,173,14,51,4,83
0,174,14,55,4,0
0,175,14,55,4,0
0,176,14,59,4,0
0,177,15,5,4,0
0,178,15,12,4,0
0,179,15,14,4,0
0,180,15,15,4,0
0,181,15,17,4,0
0,182,15,28,4,0
0,183,15,35,4,0
0,184,15,35,4,0
0,185,15,37,4,0
0,186,15,42,4,0
0,187,15,44,4,0
0,188,15,46,4,0
0,189,15,49,4,0
0,190,15,49,4,0
0,191,15,49,4,0
0,192,15,50,4,23
0,193,15,54,4,0
0,194,16,2,4,0
0,195,16,3,4,0
0,196,16,7,4,0
0,197,16,10,4,0
0,198,16,12,4,0
0,199,16,12,4,0
0,200,16,13,4,0
0,201,16,16,4,0
0,202,16,18,4,0
0,203,16,18,4,0
0,204,16,21,4,0
0,205,16,21,4,168
1,206,16,22,4,191
1,207,16,25,4,68
0,208,16,26,4,78
0,209,16,30,4,0
0,210,16,31,4,0
0,211,16,33,4,0
0,212,16,33,4,18
0,213,16,35,4,0
0,214,16,35,4,0
0,215,16,38,4,0
0,216,16,39,4,0
0,217,16,41,4,0
0,218,16,45,4,0
0,219,16,46,4,0
0,220,16,47,4,0
0,221,16,53,4,0
0,222,16,55,4,0
0,223,16,56,4,0
0,224,16,56,4,0
0,225,16,59,4,0
0,226,17,7,4,0
0,227,17,8,4,0
0,228,17,9,4,0
0,229,17,11,4,0
0,230,17,13,4,0
0,231,17,15,4,0
0,232,17,15,4,0
0,233,17,16,4,135
0,234,17,18,4,157
1,235,17,19,4,236
2,236,17,20,4,289
2,237,17,23,4,156
3,238,17,23,4,382
2,239,17,25,4,290
3,240,17,25,4,291
0,241,17,33,4,81
1,242,17,33,4,65
0,243,17,36,4,0
0,244,17,36,4,27
0,245,17,38,4,136
1,246,17,39,4,90
0,247,17,43,4,131
1,248,17,44,4,122
1,249,17,46,4,32
0,250,17,49,4,0
0,251,17,50,4,0
0,252,17,55,4,0
0,1,8,0,0,0
0,2,8,2,0,0
0,3,8,3,0,0
0,4,8,4,0,0
0,5,8,4,0,0
0,6,8,8,0,0
0,7,8,15,0,0
0,8,8,30,0,0
0,9,8,34,0,0
0,10,8,34,0,0
0,11,8,35,0,0
0,12,8,42,0,0
0,13,8,43,0,0
0,14,8,44,0,17
0,15,8,46,0,42
0,16,8,53,0,0
0,17,8,53,0,0
0,18,8,55,0,0
0,19,8,56,0,0
0,20,8,57,0,0
0,21,8,58,0,20
1,22,8,58,0,262
1,23,8,58,0,473
2,24,8,59,0,473
3,25,8,59,0,467
4,26,9,0,0,475
5,27,9,1,0,436
5,28,9,3,0,352
6,29,9,4,0,324
7,30,9,5,0,276
8,31,9,6,0,237
0,32,9,10,0,63
0,33,9,12,0,0
0,34,9,19,0,0
0,35,9,19,0,0
0,36,9,20,0,0
0,37,9,25,0,0
0,38,9,27,0,0
0,39,9,27,0,0
0,40,9,28,0,0
0,41,9,29,0,15
0,42,9,32,0,0
0,43,9,43,0,0
0,44,9,43,0,0
0,45,9,44,0,0
0,46,9,47,0,0
0,47,9,55,0,0
0,48,10,1,0,0
0,49,10,2,0,0
0,50,10,3,0,0
0,51,10,6,0,0
0,52,10,12,0,0
0,53,10,13,0,0
0,54,10,15,0,0
0,55,10,19,0,0
0,56,10,22,0,0
0,57,10,23,0,0
0,58,10,23,0,0
0,59,10,26,0,0
0,60,10,28,0,0
0,61,10,28,0,0
0,62,10,29,0,0
0,63,10,32,0,0
0,64,10,33,0,0
0,65,10,39,0,0
0,66,10,41,0,0
0,67,10,46,0,0
0,68,10,49,0,0
0,69,10,52,0,0
0,70,10,58,0,0
0,71,10,59,0,0
0,72,11,7,0,0
0,73,11,8,0,0
0,74,11,9,0,0
0,75,11,15,0,0
0,76,11,17,0,0
0,77,11,17,0,0
0,78,11,19,0,0
0,79,11,24,0,0
0,80,11,24,0,0
0,81,11,25,0,0
0,82,11,29,0,0
0,83,11,31,0,0
0,84,11,40,0,0
0,85,11,42,0,0
0,86,11,44,0,0
0,87,11,50,0,0
0,88,11,52,0,0
0,89,11,52,0,0
0,90,11,54,0,0
0,91,11,54,0,0
0,92,11,58,0,0
0,93,11,58,0,0
0,94,12,0,0,0
0,95,12,0,0,104
1,96,12,2,0,77
2,97,12,2,0,77
0,98,12,12,0,0
0,99,12,19,0,0
0,100,12,20,0,0
0,101,12,25,0,0
0,102,12,28,0,0
0,103,12,29,0,0
0,104,12,33,0,0
0,105,12,33,0,0
0,106,12,34,0,0
0,107,12,36,0,0
0,108,12,37,0,0
0,109,12,37,0,66
0,110,12,48,0,0
0,111,12,50,0,0
0,112,12,55,0,0
0,113,13,3,0,0
0,114,13,5,0,0
0,115,13,6,0,0
0,116,13,7,0,0
0,117,13,10,0,0
0,118,13,12,0,0
0,119,13,13,0,0
0,120,13,17,0,0
0,121,13,18,0,0
0,122,13,18,0,0
0,123,13,19,0,0
0,124,13,24,0,0
0,125,13,26,0,0
0,126,13,27,0,0
0,127,13,30,0,0
0,128,13,30,0,0
0,129,13,32,0,0
0,130,13,32,0,0
0,131,13,34,0,0
0,132,13,36,0,0
0,133,13,45,0,0
0,134,13,46,0,0
0,135,13,55,0,0
0,136,13,55,0,0
0,137,13,55,0,0
0,138,13,55,0,284
1,139,13,56,0,375
2,140,13,56,0,390
3,141,13,58,0,465
4,142,14,0,0,522
4,143,14,0,0,527
3,144,14,3,0,515
4,145,14,4,0,471
5,146,14,5,0,458
3,147,14,10,0,199
2,148,14,12,0,203
0,149,14,18,0,0
0,150,14,19,0,0
0,151,14,20,0,40
1,152,14,20,0,212
1,153,14,22,0,272
2,154,14,22,0,280
0,155,14,28,0,8
0,156,14,30,0,0
0,157,14,31,0,0
0,158,14,34,0,0
0,159,14,36,0,0
0,160,14,36,0,4
0,161,14,36,0,29
0,162,14,37,0,282
1,163,14,41,0,92
0,164,14,43,0,141
0,165,14,46,0,12
0,166,14,47,0,222
1,167,14,48,0,197
2,168,14,49,0,318
3,169,14,50,0,337
0,170,14,57,0,0
0,171,14,58,0,8
0,172,15,0,0,0
0,173,15,3,0,0
0,174,15,7,0,0
0,175,15,9,0,0
0,176,15,9,0,0
0,177,15,10,0,0
0,178,15,13,0,0
0,179,15,13,0,63
0,180,15,15,0,68
1,181,15,15,0,150
0,182,15,18,0,0
0,183,15,19,0,38
1,184,15,19,0,26
0,185,15,25,0,0
0,186,15,26,0,0
0,187,15,26,0,18
0,188,15,27,0,76
1,189,15,27,0,135
2,190,15,28,0,293
3,191,15,28,0,288
3,192,15,29,0,247
3,193,15,30,0,242
4,194,15,31,0,228
1,195,15,34,0,53
0,196,15,36,0,108
0,197,15,37,0,46
0,198,15,39,0,90
1,199,15,39,0,76
0,200,15,47,0,0
0,201,15,49,0,0
0,202,15,51,0,0
0,203,15,55,0,0
0,204,15,58,0,0
0,205,15,59,0,0
0,206,16,0,0,0
0,207,16,0,0,0
0,208,16,2,0,0
0,209,16,5,0,0
0,210,16,6,0,0
0,211,16,9,0,0
0,212,16,12,0,0
0,213,16,13,0,0
0,214,16,13,0,59
1,215,16,13,0,63
2,216,16,13,0,321
1,217,16,14,0,271
1,218,16,14,0,353
3,219,16,15,0,327
3,220,16,19,0,222
1,221,16,21,0,175
2,222,16,21,0,144
2,223,16,23,0,154
3,224,16,23,0,151
2,225,16,25,0,127
1,226,16,26,0,89
2,227,16,27,0,52
0,228,16,28,0,82
1,229,16,29,0,92
0,230,16,38,0,0
0,231,16,39,0,0
0,232,16,45,0,0
0,233,16,46,0,0
0,234,16,48,0,0
0,235,16,50,0,0
0,236,16,54,0,0
0,237,16,54,0,0
0,238,17,0,0,0
0,239,17,0,0,0
0,240,17,2,0,52
1,241,17,2,0,99
0,242,17,6,0,0
0,243,17,6,0,0
0,244,17,11,0,0
0,245,17,13,0,0
0,246,17,13,0,0
0,247,17,14,0,6
0,248,17,16,0,7
0,249,17,19,0,0
0,250,17,22,0,0
0,251,17,24,0,0
0,252,17,25,0,0
0,253,17,28,0,0
0,254,17,31,0,0
0,255,17,35,0,0
0,256,17,36,0,0
0,257,17,36,0,0
0,258,17,36,0,0
0,259,17,36,0,29
0,260,17,40,0,0
0,261,17,41,0,0
0,262,17,45,0,0
0,263,17,51,0,0
0,264,17,53,0,0
0,265,17,55,0,0
0,1,8,0,1,0
0,2,8,1,1,0
0,3,8,6,1,0
0,4,8,15,1,0
0,5,8,17,1,0
0,6,8,18,1,0
0,7,8,20,1,0
0,8,8,20,1,0
0,9,8,23,1,0
0,10,8,23,1,0
0,11,8,24,1,0
0,12,8,25,1,0
0,13,8,29,1,0
0,14,8,29,1,0
0,15,8,29,1,10
0,16,8,34,1,0
0,17,8,37,1,0
0,18,8,37,1,0
0,19,8,38,1,0
0,20,8,41,1,0
0,21,8,41,1,0
0,22,8,42,1,30
0,23,8,43,1,0
0,24,8,45,1,0
0,25,8,47,1,0
0,26,8,48,1,0
0,27,8,50,1,0
0,28,8,50,1,0
0,29,8,51,1,0
0,30,8,51,1,49
0,31,8,55,1,0
0,32,8,57,1,0
0,33,8,58,1,0
0,34,8,59,1,21
1,35,8,59,1,20
0,36,9,0,1,249
1,37,9,3,1,111
0,38,9,5,1,18
0,39,9,7,1,0
0,40,9,13,1,0
0,41,9,21,1,0
0,42,9,21,1,0
0,43,9,24,1,0
0,44,9,24,1,0
0,45,9,26,1,0
0,46,9,31,1,0
0,47,9,35,1,0
0,48,9,36,1,0
0,49,9,39,1,0
0,50,9,44,1,0
0,51,9,45,1,0
0,52,9,51,1,0
0,53,9,51,1,0
0,54,9,53,1,0
0,55,9,55,1,0
0,56,9,58,1,0
0,57,9,59,1,0
0,58,10,4,1,0
0,59,10,4,1,0
0,60,10,11,1,0
0,61,10,12,1,0
0,62,10,13,1,0
0,63,10,14,1,39
0,64,10,18,1,0
0,65,10,18,1,0
0,66,10,20,1,0
0,67,10,22,1,0
0,68,10,24,1,0
0,69,10,26,1,0
0,70,10,30,1,0
0,71,10,32,1,0
0,72,10,32,1,0
0,73,10,34,1,328
1,74,10,37,1,289
2,75,10,37,1,302
3,76,10,38,1,304
0,77,10,45,1,0
0,78,10,45,1,0
0,79,10,45,1,32
0,80,10,47,1,0
0,81,10,49,1,69
0,82,10,53,1,0
0,83,10,54,1,0
0,84,10,56,1,0
0,85,10,58,1,0
0,86,10,58,1,0
0,87,10,58,1,0
0,88,11,0,1,0
0,89,11,2,1,0
0,90,11,3,1,43
0,91,11,6,1,0
0,92,11,6,1,0
0,93,11,10,1,0
0,94,11,12,1,0
0,95,11,16,1,0
0,96,11,18,1,0
0,97,11,25,1,0
0,98,11,26,1,0
0,99,11,26,1,0
0,100,11,27,1,47
0,101,11,36,1,0
0,102,11,36,1,0
0,103,11,38,1,16
0,104,11,40,1,0
0,105,11,40,1,96
1,106,11,40,1,110
0,107,11,49,1,0
0,108,11,55,1,0
0,109,11,55,1,0
0,110,11,56,1,0
0,111,12,2,1,0
0,112,12,2,1,0
0,113,12,2,1,0
0,114,12,5,1,0
0,115,12,5,1,0
0,116,12,5,1,42
1,117,12,5,1,50
0,118,12,12,1,0
0,119,12,13,1,0
0,120,12,15,1,0
0,121,12,16,1,0
0,122,12,21,1,0
0,123,12,21,1,0
0,124,12,22,1,0
0,125,12,22,1,0
0,126,12,24,1,213
1,127,12,27,1,195
1,128,12,29,1,92
2,129,12,30,1,73
1,130,12,31,1,72
0,131,12,33,1,0
0,132,12,35,1,0
0,133,12,39,1,0
0,134,12,39,1,0
0,135,12,42,1,0
0,136,12,44,1,0
0,137,12,46,1,0
0,138,12,47,1,0
0,139,12,48,1,0
0,140,12,49,1,0
0,141,12,50,1,0
0,142,12,51,1,0
0,143,12,51,1,5
0,144,12,52,1,0
0,145,12,53,1,0
0,146,12,54,1,186
1,147,12,55,1,526
2,148,12,55,1,527
2,149,13,1,1,236
2,150,13,3,1,255
1,151,13,6,1,172
2,152,13,7,1,98
0,153,13,12,1,0
0,154,13,14,1,0
0,155,13,15,1,5
0,156,13,18,1,0
0,157,13,18,1,0
0,158,13,18,1,152
1,159,13,20,1,272
1,160,13,22,1,187
1,161,13,25,1,73
1,162,13,26,1,50
0,163,13,27,1,0
0,164,13,29,1,0
0,165,13,29,1,313
1,166,13,32,1,152
2,167,13,32,1,159
3,168,13,34,1,145
2,169,13,35,1,117
2,170,13,36,1,182
1,171,13,39,1,50
1,172,13,39,1,72
1,173,13,40,1,101
0,174,13,43,1,17
1,175,13,43,1,43
0,176,13,48,1,0
0,177,13,48,1,0
0,178,13,48,1,0
0,179,13,49,1,40
0,180,13,56,1,0
0,181,14,1,1,0
0,182,14,4,1,0
0,183,14,5,1,0
0,184,14,7,1,0
0,185,14,7,1,0
0,186,14,7,1,27
0,187,14,10,1,0
0,188,14,12,1,0
0,189,14,12,1,0
0,190,14,14,1,0
0,191,14,16,1,0
0,192,14,18,1,0
0,193,14,19,1,0
0,194,14,26,1,0
0,195,14,27,1,0
0,196,14,31,1,0
0,197,14,31,1,0
0,198,14,32,1,0
0,199,14,33,1,0
0,200,14,38,1,0
0,201,14,39,1,0
0,202,14,40,1,0
0,203,14,42,1,0
0,204,14,51,1,0
0,205,14,52,1,0
0,206,14,53,1,0
0,207,14,58,1,0
0,208,14,58,1,0
0,209,15,2,1,0
0,210,15,6,1,0
0,211,15,9,1,0
0,212,15,9,1,0
0,213,15,9,1,35
1,214,15,10,1,44
0,215,15,12,1,0
0,216,15,14,1,0
0,217,15,15,1,23
0,218,15,18,1,0
0,219,15,20,1,0
0,220,15,22,1,0
0,221,15,23,1,0
0,222,15,24,1,0
0,223,15,25,1,78
1,224,15,26,1,88
2,225,15,26,1,270
1,226,15,28,1,405
2,227,15,28,1,408
2,228,15,33,1,173
0,229,15,38,1,0
0,230,15,39,1,0
0,231,15,40,1,0
0,232,15,43,1,0
0,233,15,44,1,0
0,234,15,45,1,91
1,235,15,46,1,218
1,236,15,47,1,215
2,237,15,48,1,146
0,238,15,51,1,22
1,239,15,51,1,45
1,240,15,52,1,83
2,241,15,52,1,138
2,242,15,52,1,436
1,243,15,54,1,408
2,244,15,55,1,453
3,245,15,57,1,477
3,246,16,0,1,281
2,247,16,3,1,138
3,248,16,3,1,247
1,249,16,6,1,279
0,250,16,11,1,0
0,251,16,12,1,0
0,252,16,12,1,116
1,253,16,13,1,105
2,254,16,14,1,326
2,255,16,14,1,356
3,256,16,15,1,483
3,257,16,19,1,344
0,258,16,27,1,0
0,259,16,30,1,0
0,260,16,31,1,0
0,261,16,32,1,52
0,262,16,35,1,0
0,263,16,36,1,0
0,264,16,39,1,0
0,265,16,40,1,77
0,266,16,43,1,78
1,267,16,43,1,47
0,268,16,46,1,0
0,269,16,53,1,0
0,270,16,55,1,0
0,271,16,59,1,0
0,272,17,3,1,0
0,273,17,3,1,0
0,274,17,4,1,0
0,275,17,6,1,0
0,276,17,8,1,0
0,277,17,12,1,0
0,278,17,14,1,0
0,279,17,14,1,0
0,280,17,14,1,0
0,281,17,14,1,53
0,282,17,19,1,0
0,283,17,20,1,0
0,284,17,20,1,0
0,285,17,30,1,0
0,286,17,32,1,0
0,287,17,33,1,0
0,288,17,35,1,0
0,289,17,37,1,0
0,290,17,38,1,0
0,291,17,39,1,92
1,292,17,40,1,52
2,293,17,41,1,69
0,294,17,48,1,0
0,295,17,48,1,0
0,1,8,0,2,0
0,2,8,0,2,0
0,3,8,4,2,0
0,4,8,8,2,0
0,5,8,16,2,0
0,6,8,19,2,0
0,7,8,19,2,0
0,8,8,20,2,0
0,9,8,21,2,0
0,10,8,25,2,0
0,11,8,25,2,70
0,12,8,31,2,0
0,13,8,35,2,0
0,14,8,35,2,0
0,15,8,35,2,0
0,16,8,39,2,0
0,17,8,41,2,0
0,18,8,43,2,40
1,19,8,43,2,60
1,20,8,44,2,170
1,21,8,45,2,240
2,22,8,46,2,241
3,23,8,46,2,232
3,24,8,48,2,185
4,25,8,48,2,195
0,26,9,1,2,0
0,27,9,3,2,0
0,28,9,4,2,0
0,29,9,6,2,0
0,30,9,7,2,0
0,31,9,15,2,0
0,32,9,23,2,0
0,33,9,24,2,0
0,34,9,25,2,0
0,35,9,26,2,0
0,36,9,31,2,0
0,37,9,39,2,0
0,38,9,40,2,0
0,39,9,45,2,0
0,40,9,46,2,0
0,41,9,52,2,0
0,42,9,52,2,0
0,43,9,54,2,0
0,44,9,55,2,0
0,45,9,55,2,0
0,46,9,58,2,0
0,47,10,0,2,188
1,48,10,0,2,265
2,49,10,2,2,238
2,50,10,4,2,160
2,51,10,5,2,111
3,52,10,6,2,130
1,53,10,8,2,179
0,54,10,11,2,0
0,55,10,18,2,0
0,56,10,19,2,0
0,57,10,23,2,0
0,58,10,23,2,0
0,59,10,24,2,0
0,60,10,24,2,0
0,61,10,36,2,0
0,62,10,40,2,0
0,63,10,45,2,0
0,64,10,45,2,0
0,65,10,47,2,0
0,66,10,49,2,0
0,67,10,52,2,0
0,68,10,53,2,0
0,69,10,55,2,0
0,70,10,56,2,0
0,71,11,0,2,0
0,72,11,1,2,0
0,73,11,5,2,0
0,74,11,8,2,0
0,75,11,9,2,0
0,76,11,9,2,0
0,77,11,13,2,0
0,78,11,16,2,2
0,79,11,17,2,0
0,80,11,20,2,0
0,81,11,21,2,43
0,82,11,22,2,0
0,83,11,24,2,9
0,84,11,29,2,0
0,85,11,33,2,0
0,86,11,37,2,0
0,87,11,41,2,0
0,88,11,44,2,0
0,89,11,53,2,0
0,90,11,55,2,0
0,91,11,56,2,0
0,92,11,56,2,0
0,93,11,58,2,0
0,94,12,2,2,0
0,95,12,5,2,0
0,96,12,5,2,0
0,97,12,6,2,0
0,98,12,7,2,0
0,99,12,8,2,0
0,100,12,9,2,0
0,101,12,13,2,0
0,102,12,14,2,19
0,103,12,18,2,0
0,104,12,19,2,0
0,105,12,19,2,0
0,106,12,25,2,0
0,107,12,26,2,0
0,108,12,27,2,0
0,109,12,34,2,0
0,110,12,38,2,0
0,111,12,38,2,0
0,112,12,41,2,0
0,113,12,43,2,0
0,114,12,45,2,0
0,115,12,48,2,0
0,116,12,49,2,0
0,117,12,55,2,0
0,118,12,56,2,0
0,119,13,1,2,0
0,120,13,4,2,0
0,121,13,5,2,0
0,122,13,10,2,0
0,123,13,13,2,0
0,124,13,13,2,0
0,125,13,15,2,0
0,126,13,16,2,0
0,127,13,20,2,0
0,128,13,22,2,0
0,129,13,24,2,0
0,130,13,36,2,0
0,131,13,39,2,0
0,132,13,43,2,0
0,133,13,44,2,0
0,134,13,44,2,0
0,135,13,48,2,0
0,136,13,48,2,0
0,137,13,50,2,0
0,138,13,51,2,0
0,139,13,54,2,0
0,140,13,58,2,0
0,141,13,59,2,0
0,142,13,59,2,63
1,143,14,0,2,70
0,144,14,2,2,17
0,145,14,2,2,0
0,146,14,10,2,0
0,147,14,15,2,0
0,148,14,15,2,0
0,149,14,16,2,0
0,150,14,19,2,0
0,151,14,21,2,0
0,152,14,24,2,0
0,153,14,25,2,0
0,154,14,25,2,0
0,155,14,25,2,0
0,156,14,28,2,0
0,157,14,29,2,0
0,158,14,30,2,0
0,159,14,33,2,0
0,160,14,33,2,0
0,161,14,33,2,0
0,162,14,34,2,37
1,163,14,34,2,48
0,164,14,36,2,0
0,165,14,36,2,172
1,166,14,37,2,194
2,167,14,38,2,163
2,168,14,40,2,79
0,169,14,44,2,0
0,170,14,57,2,0
0,171,14,58,2,0
0,172,14,59,2,0
0,173,15,2,2,0
0,174,15,6,2,0
0,175,15,10,2,0
0,176,15,16,2,0
0,177,15,20,2,0
0,178,15,21,2,0
0,179,15,23,2,0
0,180,15,24,2,0
0,181,15,27,2,0
0,182,15,27,2,0
0,183,15,32,2,0
0,184,15,33,2,0
0,185,15,33,2,0
0,186,15,42,2,0
0,187,15,43,2,0
0,188,15,45,2,0
0,189,15,46,2,0
0,190,15,48,2,0
0,191,15,51,2,0
0,192,15,52,2,0
0,193,15,53,2,0
0,194,15,55,2,0
0,195,15,56,2,0
0,196,16,9,2,0
0,197,16,10,2,0
0,198,16,10,2,0
0,199,16,11,2,0
0,200,16,12,2,0
0,201,16,23,2,0
0,202,16,23,2,0
0,203,16,26,2,0
0,204,16,26,2,0
0,205,16,26,2,0
0,206,16,29,2,0
0,207,16,32,2,0
0,208,16,32,2,0
0,209,16,35,2,0
0,210,16,38,2,0
0,211,16,40,2,0
0,212,16,46,2,0
0,213,16,46,2,0
0,214,16,46,2,0
0,215,16,50,2,0
0,216,16,50,2,21
0,217,16,54,2,0
0,218,16,56,2,0
0,219,16,57,2,0
0,220,16,58,2,0
0,221,16,59,2,21
0,222,17,11,2,0
0,223,17,13,2,0
0,224,17,13,2,0
0,225,17,16,2,0
0,226,17,18,2,0
0,227,17,18,2,0
0,228,17,19,2,0
0,229,17,20,2,96
1,230,17,21,2,79
0,231,17,22,2,0
0,232,17,24,2,0
0,233,17,33,2,0
0,234,17,37,2,0
0,235,17,37,2,0
0,236,17,39,2,0
0,237,17,39,2,0
0,238,17,40,2,0
0,239,17,42,2,0
0,240,17,43,2,0
0,241,17,47,2,0
0,242,17,49,2,0
0,243,17,50,2,0
0,244,17,51,2,10
0,245,17,52,2,0
0,246,17,53,2,0
0,247,17,55,2,0
0,248,17,55,2,0
0,1,8,0,3,0
0,2,8,1,3,0
0,3,8,2,3,0
0,4,8,8,3,0
0,5,8,15,3,0
0,6,8,15,3,0
0,7,8,19,3,0
0,8,8,21,3,0
0,9,8,21,3,0
0,10,8,22,3,0
0,11,8,23,3,26
0,12,8,30,3,0
0,13,8,35,3,0
0,14,8,35,3,0
0,15,8,38,3,0
0,16,8,40,3,0
0,17,8,40,3,0
0,18,8,40,3,37
0,19,8,45,3,0
0,20,8,45,3,0
0,21,8,46,3,0
0,22,8,48,3,0
0,23,8,50,3,6
0,24,8,50,3,1
0,25,8,54,3,0
0,26,8,55,3,0
0,27,8,56,3,0
0,28,8,58,3,162
0,29,9,3,3,0
0,30,9,3,3,0
0,31,9,7,3,0
0,32,9,9,3,0
0,33,9,10,3,150
0,34,9,16,3,0
0,35,9,17,3,0
0,36,9,19,3,46
0,37,9,21,3,54
0,38,9,22,3,0
0,39,9,23,3,61
0,40,9,25,3,0
0,41,9,26,3,0
0,42,9,29,3,0
0,43,9,29,3,0
0,44,9,32,3,0
0,45,9,33,3,60
1,46,9,34,3,118
0,47,9,38,3,0
0,48,9,41,3,0
0,49,9,42,3,0
0,50,9,42,3,0
0,51,9,50,3,0
0,52,9,53,3,0
0,53,9,56,3,0
0,54,9,56,3,0
0,55,9,56,3,95
1,56,9,57,3,88
2,57,9,57,3,53
1,58,9,58,3,35
0,59,10,0,3,0
0,60,10,0,3,19
0,61,10,2,3,0
0,62,10,4,3,0
0,63,10,5,3,0
0,64,10,5,3,0
0,65,10,6,3,0
0,66,10,6,3,17
0,67,10,13,3,0
0,68,10,13,3,0
0,69,10,16,3,0
0,70,10,16,3,0
0,71,10,18,3,0
0,72,10,26,3,0
0,73,10,31,3,0
0,74,10,36,3,0
0,75,10,38,3,0
0,76,10,42,3,0
0,77,10,48,3,0
0,78,10,53,3,0
0,79,11,1,3,0
0,80,11,2,3,0
0,81,11,4,3,303
0,82,11,11,3,114
0,83,11,18,3,0
0,84,11,19,3,0
0,85,11,20,3,0
0,86,11,21,3,143
1,87,11,22,3,264
1,88,11,22,3,291
3,89,11,23,3,274
3,90,11,24,3,239
0,91,11,28,3,47
0,92,11,33,3,0
0,93,11,36,3,0
0,94,11,39,3,0
0,95,11,39,3,0
0,96,11,40,3,0
0,97,11,43,3,0
0,98,11,44,3,0
0,99,11,44,3,0
0,100,11,47,3,0
0,101,11,52,3,0
0,102,11,53,3,0
0,103,11,59,3,0
0,104,12,0,3,0
0,105,12,1,3,0
0,106,12,4,3,0
0,107,12,5,3,0
0,108,12,6,3,0
0,109,12,11,3,0
0,110,12,11,3,0
0,111,12,12,3,0
0,112,12,15,3,0
0,113,12,19,3,0
0,114,12,25,3,0
0,115,12,29,3,0
0,116,12,29,3,0
0,117,12,34,3,0
0,118,12,36,3,0
0,119,12,40,3,0
0,120,12,40,3,0
0,121,12,52,3,0
0,122,12,52,3,0
0,123,12,53,3,0
0,124,12,56,3,0
0,125,12,57,3,0
0,126,13,2,3,0
0,127,13,3,3,0
0,128,13,5,3,0
0,129,13,10,3,0
0,130,13,14,3,0
0,131,13,19,3,0
0,132,13,25,3,0
0,133,13,26,3,0
0,134,13,33,3,0
0,135,13,36,3,0
0,136,13,38,3,0
0,137,13,43,3,0
0,138,13,44,3,0
0,139,13,45,3,0
0,140,13,47,3,0
0,141,13,47,3,0
0,142,13,49,3,0
0,143,13,49,3,31
0,144,13,51,3,98
0,145,13,54,3,0
0,146,13,55,3,0
0,147,13,57,3,0
0,148,13,57,3,0
0,149,13,57,3,0
0,150,13,59,3,0
0,151,14,0,3,0
0,152,14,3,3,0
0,153,14,3,3,0
0,154,14,8,3,0
0,155,14,9,3,0
0,156,14,16,3,0
0,157,14,19,3,0
0,158,14,20,3,0
0,159,14,22,3,0
0,160,14,26,3,0
0,161,14,27,3,0
0,162,14,27,3,0
0,163,14,28,3,238
1,164,14,30,3,189
2,165,14,31,3,170
2,166,14,33,3,97
2,167,14,34,3,95
3,168,14,34,3,177
0,169,14,40,3,0
0,170,14,40,3,21
0,171,14,41,3,118
1,172,14,43,3,37
0,173,14,50,3,0
0,174,14,51,3,0
0,175,14,52,3,0
0,176,14,53,3,0
0,177,14,53,3,47
1,178,14,53,3,352
2,179,14,54,3,337
2,180,14,56,3,277
3,181,14,59,3,103
4,182,14,59,3,133
0,183,15,3,3,0
0,184,15,5,3,0
0,185,15,9,3,0
0,186,15,9,3,0
0,187,15,11,3,0
0,188,15,14,3,0
0,189,15,14,3,0
0,190,15,16,3,0
0,191,15,18,3,0
0,192,15,23,3,0
0,193,15,23,3,0
0,194,15,24,3,0
0,195,15,29,3,0
0,196,15,29,3,0
0,197,15,30,3,0
0,198,15,30,3,0
0,199,15,30,3,0
0,200,15,31,3,0
0,201,15,33,3,0
0,202,15,45,3,0
0,203,15,47,3,0
0,204,15,50,3,0
0,205,15,51,3,0
0,206,15,56,3,0
0,207,16,4,3,0
0,208,16,4,3,0
0,209,16,5,3,0
0,210,16,8,3,0
0,211,16,10,3,0
0,212,16,15,3,0
0,213,16,16,3,0
0,214,16,16,3,90
0,215,16,18,3,19
0,216,16,22,3,0
0,217,16,27,3,0
0,218,16,30,3,0
0,219,16,30,3,0
0,220,16,30,3,0
0,221,16,32,3,0
0,222,16,44,3,0
0,223,16,49,3,0
0,224,16,50,3,0
0,225,16,50,3,0
0,226,16,51,3,267
1,227,16,54,3,134
0,228,16,59,3,0
0,229,17,5,3,0
0,230,17,6,3,0
0,231,17,9,3,0
0,232,17,9,3,0
0,233,17,10,3,0
0,234,17,13,3,0
0,235,17,15,3,0
0,236,17,15,3,0
0,237,17,20,3,0
0,238,17,21,3,0
0,239,17,21,3,0
0,240,17,21,3,0
0,241,17,24,3,185
1,242,17,25,3,113
0,243,17,28,3,0
0,244,17,29,3,0
0,245,17,29,3,81
0,246,17,33,3,0
0,247,17,33,3,36
0,248,17,38,3,0
0,249,17,42,3,0
0,250,17,44,3,0
0,251,17,51,3,0
0,252,17,53,3,0
0,253,17,55,3,0
0,254,17,56,3,0
0,1,8,0,4,0
0,2,8,0,4,0
0,3,8,2,4,0
0,4,8,7,4,0
0,5,8,9,4,0
0,6,8,12,4,0
0,7,8,20,4,0
0,8,8,24,4,0
0,9,8,26,4,0
0,10,8,27,4,29
1,11,8,27,4,185
1,12,8,28,4,174
0,13,8,32,4,104
1,14,8,33,4,179
0,15,8,36,4,0
0,16,8,36,4,0
0,17,8,42,4,0
0,18,8,46,4,0
0,19,8,47,4,0
0,20,8,52,4,0
0,21,8,54,4,0
0,22,8,55,4,185
1,23,8,56,4,171
1,24,8,58,4,63
1,25,8,59,4,17
0,26,9,0,4,15
0,27,9,1,4,0
0,28,9,2,4,0
0,29,9,3,4,19
0,30,9,5,4,0
0,31,9,8,4,0
0,32,9,10,4,0
0,33,9,11,4,0
0,34,9,13,4,0
0,35,9,15,4,0
0,36,9,16,4,0
0,37,9,20,4,0
0,38,9,22,4,0
0,39,9,24,4,0
0,40,9,24,4,0
0,41,9,25,4,0
0,42,9,26,4,0
0,43,9,28,4,0
0,44,9,30,4,0
0,45,9,35,4,0
0,46,9,41,4,0
0,47,9,44,4,0
0,48,9,47,4,0
0,49,9,48,4,0
0,50,9,52,4,0
0,51,9,52,4,0
0,52,9,53,4,0
0,53,9,55,4,0
0,54,10,1,4,0
0,55,10,1,4,0
0,56,10,6,4,0
0,57,10,6,4,0
0,58,10,6,4,0
0,59,10,11,4,0
0,60,10,14,4,0
0,61,10,22,4,0
0,62,10,26,4,0
0,63,10,26,4,0
0,64,10,27,4,0
0,65,10,27,4,0
0,66,10,32,4,0
0,67,10,32,4,0
0,68,10,36,4,0
0,69,10,36,4,0
0,70,10,39,4,0
0,71,10,39,4,0
0,72,10,40,4,95
0,73,10,43,4,0
0,74,10,44,4,0
0,75,10,46,4,0
0,76,10,47,4,0
0,77,10,47,4,0
0,78,10,48,4,82
0,79,10,50,4,0
0,80,10,51,4,0
0,81,10,55,4,0
0,82,11,0,4,0
0,83,11,0,4,0
0,84,11,1,4,0
0,85,11,2,4,0
0,86,11,2,4,49
0,87,11,3,4,202
1,88,11,5,4,155
1,89,11,8,4,33
0,90,11,11,4,0
0,91,11,16,4,0
0,92,11,19,4,0
0,93,11,21,4,0
0,94,11,23,4,0
0,95,11,25,4,0
0,96,11,28,4,0
0,97,11,32,4,0
0,98,11,33,4,0
0,99,11,34,4,0
0,100,11,35,4,0
0,101,11,36,4,197
1,102,11,36,4,196
2,103,11,38,4,307
3,104,11,38,4,354
4,105,11,39,4,356
3,106,11,40,4,305
4,107,11,41,4,289
3,108,11,45,4,159
3,109,11,45,4,198
3,110,11,46,4,200
0,111,11,54,4,0
0,112,12,2,4,0
0,113,12,5,4,0
0,114,12,5,4,0
0,115,12,7,4,0
0,116,12,8,4,0
0,117,12,22,4,0
0,118,12,22,4,0
0,119,12,26,4,0
0,120,12,29,4,0
0,121,12,31,4,0
0,122,12,34,4,0
0,123,12,35,4,0
0,124,12,38,4,0
0,125,12,38,4,163
1,126,12,39,4,123
0,127,12,43,4,240
0,128,12,50,4,0
0,129,12,52,4,0
0,130,12,53,4,0
0,131,12,58,4,0
0,132,12,58,4,0
0,133,12,59,4,0
0,134,13,8,4,0
0,135,13,8,4,0
0,136,13,8,4,0
0,137,13,9,4,0
0,138,13,10,4,0
0,139,13,13,4,0
0,140,13,13,4,0
0,141,13,13,4,0
0,142,13,14,4,35
0,143,13,15,4,93
1,144,13,15,4,176
1,145,13,18,4,58
0,146,13,19,4,9
0,147,13,20,4,16
0,148,13,20,4,132
1,149,13,21,4,198
2,150,13,22,4,229
2,151,13,24,4,189
3,152,13,24,4,197
2,153,13,27,4,223
3,154,13,27,4,214
0,155,13,33,4,121
0,156,13,38,4,0
0,157,13,39,4,138
1,158,13,40,4,112
2,159,13,41,4,93
1,160,13,43,4,10
0,161,13,44,4,0
0,162,13,45,4,63
1,163,13,46,4,47
2,164,13,46,4,169
2,165,13,46,4,240
3,166,13,46,4,400
3,167,13,49,4,298
3,168,13,49,4,348
3,169,13,50,4,252
4,170,13,51,4,319
5,171,13,51,4,357
6,172,13,52,4,329
5,173,13,54,4,212
1,174,13,57,4,256
1,175,13,58,4,264
0,176,14,3,4,0
0,177,14,7,4,0
0,178,14,9,4,0
0,179,14,13,4,0
0,180,14,14,4,0
0,181,14,16,4,0
0,182,14,21,4,0
0,183,14,23,4,0
0,184,14,25,4,0
0,185,14,26,4,0
0,186,14,26,4,0
0,187,14,28,4,0
0,188,14,30,4,0
0,189,14,34,4,0
0,190,14,35,4,0
0,191,14,36,4,0
0,192,14,38,4,0
0,193,14,39,4,0
0,194,14,43,4,0
0,195,14,49,4,0
0,196,14,49,4,0
0,197,14,50,4,0
0,198,14,52,4,0
0,199,14,53,4,0
0,200,14,53,4,59
0,201,14,55,4,0
0,202,15,3,4,0
0,203,15,5,4,0
0,204,15,10,4,0
0,205,15,10,4,0
0,206,15,11,4,0
0,207,15,11,4,0
0,208,15,13,4,0
0,209,15,13,4,171
0,210,15,18,4,0
0,211,15,21,4,0
0,212,15,22,4,0
0,213,15,24,4,0
0,214,15,24,4,0
0,215,15,25,4,126
0,216,15,33,4,0
0,217,15,34,4,0
0,218,15,34,4,0
0,219,15,36,4,0
0,220,15,40,4,0
0,221,15,41,4,0
0,222,15,41,4,0
0,223,15,46,4,0
0,224,15,50,4,0
0,225,15,50,4,0
0,226,15,52,4,0
0,227,15,55,4,0
0,228,15,56,4,9
0,229,15,57,4,22
0,230,15,58,4,0
0,231,16,0,4,0
0,232,16,0,4,0
0,233,16,0,4,11
0,234,16,5,4,0
0,235,16,7,4,0
0,236,16,9,4,0
0,237,16,12,4,0
0,238,16,19,4,0
0,239,16,20,4,0
0,240,16,21,4,0
0,241,16,22,4,0
0,242,16,25,4,0
0,243,16,25,4,14
0,244,16,47,4,0
0,245,16,48,4,0
0,246,16,53,4,0
0,247,16,54,4,0
0,248,16,59,4,0
0,249,17,3,4,0
0,250,17,6,4,0
0,251,17,8,4,0
0,252,17,8,4,0
0,253,17,16,4,0
0,254,17,16,4,0
0,255,17,19,4,0
0,256,17,20,4,0
0,257,17,23,4,0
0,258,17,24,4,0
0,259,17,27,4,0
0,260,17,29,4,0
0,261,17,32,4,0
0,262,17,32,4,0
0,263,17,35,4,0
0,264,17,37,4,0
0,265,17,38,4,0
0,266,17,38,4,0
0,267,17,42,4,0
0,268,17,45,4,0
0,270,17,57,4,0
0,1,8,0,0,0
0,2,8,1,0,0
0,3,8,2,0,0
0,4,8,3,0,0
0,5,8,5,0,0
0,6,8,7,0,0
0,7,8,7,0,0
0,8,8,9,0,0
0,9,8,14,0,0
0,10,8,14,0,0
0,11,8,18,0,0
0,12,8,20,0,0
0,13,8,21,0,0
0,14,8,23,0,0
0,15,8,26,0,0
0,16,8,26,0,0
0,17,8,31,0,0
0,18,8,34,0,0
0,19,8,34,0,0
0,20,8,35,0,0
0,21,8,37,0,0
0,22,8,40,0,0
0,23,8,44,0,0
0,24,8,45,0,0
0,25,8,46,0,0
0,26,8,47,0,0
0,27,8,50,0,0
0,28,8,51,0,0
0,29,8,53,0,0
0,30,8,55,0,0
0,31,8,58,0,0
0,32,9,1,0,0
0,33,9,1,0,0
0,34,9,1,0,195
0,35,9,6,0,0
0,36,9,6,0,0
0,37,9,6,0,18
0,38,9,7,0,70
0,39,9,7,0,102
2,40,9,8,0,94
2,41,9,8,0,90
0,42,9,12,0,0
0,43,9,18,0,0
0,44,9,20,0,0
0,45,9,21,0,0
0,46,9,22,0,0
0,47,9,26,0,0
0,48,9,29,0,0
0,49,9,31,0,0
0,50,9,33,0,0
0,51,9,35,0,0
0,52,9,35,0,40
0,53,9,44,0,0
0,54,9,44,0,0
0,55,9,50,0,0
0,56,9,53,0,0
0,57,9,57,0,0
0,58,9,57,0,0
0,59,9,59,0,0
0,60,10,6,0,0
0,61,10,7,0,0
0,62,10,7,0,0
0,63,10,10,0,0
0,64,10,16,0,0
0,65,10,17,0,0
0,66,10,19,0,0
0,67,10,23,0,0
0,68,10,26,0,0
0,69,10,27,0,0
0,70,10,28,0,0
0,71,10,30,0,0
0,72,10,36,0,0
0,73,10,37,0,0
0,74,10,41,0,0
0,75,10,44,0,0
0,76,10,46,0,0
0,77,10,47,0,0
0,78,10,48,0,0
0,79,10,51,0,0
0,80,11,0,0,0
0,81,11,2,0,0
0,82,11,6,0,0
0,83,11,10,0,0
0,84,11,10,0,0
0,85,11,12,0,0
0,86,11,12,0,0
0,87,11,13,0,0
0,88,11,14,0,0
0,89,11,14,0,83
1,90,11,14,0,101
0,91,11,19,0,0
0,92,11,21,0,66
0,93,11,25,0,0
0,94,11,25,0,150
1,95,11,26,0,190
2,96,11,28,0,79
0,97,11,29,0,2
0,98,11,31,0,0
0,99,11,37,0,0
0,100,11,41,0,0
0,101,11,47,0,0
0,102,11,51,0,0
0,103,11,51,0,0
0,104,11,51,0,6
0,105,11,53,0,0
0,106,12,1,0,0
0,107,12,4,0,0
0,108,12,7,0,0
0,109,12,10,0,0
0,110,12,10,0,0
0,111,12,12,0,0
0,112,12,14,0,0
0,113,12,16,0,0
0,114,12,19,0,0
0,115,12,20,0,0
0,116,12,24,0,0
0,117,12,28,0,0
0,118,12,33,0,0
0,119,12,36,0,0
0,120,12,41,0,0
0,121,12,41,0,0
0,122,12,44,0,0
0,123,12,47,0,0
0,124,12,48,0,0
0,125,12,55,0,0
0,126,12,59,0,0
0,127,13,0,0,0
0,128,13,1,0,0
0,129,13,1,0,80
0,130,13,4,0,0
0,131,13,4,0,0
0,132,13,4,0,0
0,133,13,7,0,0
0,134,13,13,0,0
0,135,13,14,0,0
0,136,13,20,0,0
0,137,13,20,0,0
0,138,13,21,0,0
0,139,13,25,0,0
0,140,13,26,0,0
0,141,13,26,0,0
0,142,13,27,0,220
1,143,13,28,0,196
1,144,13,31,0,38
1,145,13,31,0,15
0,146,13,32,0,73
0,147,13,35,0,0
0,148,13,38,0,0
0,149,13,39,0,56
1,150,13,39,0,306
1,151,13,41,0,186
2,152,13,44,0,45
0,153,13,51,0,0
0,154,13,56,0,0
0,155,13,58,0,0
0,156,14,0,0,0
0,157,14,5,0,0
0,158,14,6,0,0
0,159,14,16,0,0
0,160,14,19,0,0
0,161,14,21,0,0
0,162,14,22,0,0
0,163,14,30,0,0
0,164,14,31,0,0
0,165,14,33,0,29
0,166,14,38,0,0
0,167,14,44,0,0
0,168,14,45,0,0
0,169,14,45,0,0
0,170,14,47,0,0
0,171,14,47,0,0
0,172,14,47,0,183
0,173,14,51,0,0
0,174,14,54,0,0
0,175,14,58,0,126
0,176,15,0,0,28
1,177,15,0,0,113
1,178,15,1,0,125
2,179,15,1,0,203
3,180,15,2,0,213
3,181,15,3,0,202
2,182,15,4,0,178
3,183,15,5,0,240
2,184,15,7,0,232
0,185,15,10,0,68
0,186,15,15,0,0
0,187,15,23,0,0
0,188,15,23,0,0
0,189,15,24,0,0
0,190,15,25,0,0
0,191,15,30,0,0
0,192,15,34,0,0
0,193,15,37,0,0
0,194,15,39,0,0
0,195,15,41,0,0
0,196,15,45,0,0
0,197,15,46,0,0
0,198,15,51,0,0
0,199,15,51,0,0
0,200,15,52,0,0
0,201,15,52,0,0
0,202,15,53,0,86
0,203,15,56,0,0
0,204,15,56,0,115
1,205,15,56,0,156
1,206,15,58,0,52
0,207,16,0,0,0
0,208,16,2,0,0
0,209,16,5,0,0
0,210,16,5,0,0
0,211,16,7,0,0
0,212,16,8,0,0
0,213,16,10,0,0
0,214,16,12,0,0
0,215,16,13,0,0
0,216,16,14,0,0
0,217,16,14,0,56
1,218,16,14,0,50
0,219,16,16,0,63
1,220,16,17,0,89
1,221,16,18,0,68
0,222,16,19,0,196
1,223,16,19,0,204
2,224,16,21,0,146
2,225,16,23,0,124
1,226,16,24,0,101
1,227,16,25,0,64
2,228,16,26,0,41
1,229,16,26,0,26
0,230,16,33,0,0
0,231,16,34,0,0
0,232,16,36,0,0
0,233,16,40,0,0
0,234,16,43,0,0
0,235,16,44,0,0
0,236,16,44,0,0
0,237,16,52,0,0
0,238,16,55,0,0
0,239,17,2,0,0
0,240,17,3,0,0
0,241,17,7,0,0
0,242,17,8,0,0
0,243,17,11,0,0
0,244,17,12,0,0
0,245,17,13,0,0
0,246,17,22,0,0
0,247,17,23,0,0
0,248,17,23,0,0
0,249,17,28,0,0
0,250,17,28,0,0
0,251,17,31,0,0
0,252,17,41,0,0
0,253,17,42,0,0
0,254,17,43,0,0
0,255,17,44,0,90
1,256,17,45,0,30
0,257,17,48,0,0
0,259,17,52,0,0
0,261,17,53,0,283
1,262,17,55,0,177
0,1,8,0,1,0
0,2,8,1,1,0
0,3,8,2,1,0
0,4,8,2,1,0
0,5,8,6,1,0
0,6,8,6,1,0
0,7,8,10,1,0
0,8,8,10,1,82
0,9,8,12,1,230
1,10,8,13,1,169
2,11,8,13,1,339
3,12,8,14,1,521
4,13,8,15,1,528
3,14,8,17,1,406
4,15,8,18,1,419
4,16,8,22,1,247
2,17,8,24,1,164
1,18,8,27,1,32
1,19,8,27,1,51
0,20,8,29,1,0
0,21,8,30,1,67
1,22,8,30,1,357
1,23,8,35,1,95
0,24,8,41,1,0
0,25,8,44,1,0
0,26,9,0,1,0
0,27,9,1,1,0
0,28,9,3,1,0
0,29,9,10,1,0
0,30,9,13,1,0
0,31,9,15,1,0
0,32,9,17,1,0
0,33,9,18,1,0
0,34,9,22,1,0
0,35,9,23,1,0
0,36,9,23,1,0
0,37,9,23,1,0
0,38,9,27,1,0
0,39,9,29,1,0
0,40,9,30,1,0
0,41,9,38,1,0
0,42,9,40,1,0
0,43,9,46,1,0
0,44,9,52,1,0
0,45,9,54,1,0
0,46,9,57,1,0
0,47,9,58,1,0
0,48,9,58,1,0
0,49,10,2,1,0
0,50,10,2,1,55
0,51,10,4,1,46
0,52,10,5,1,150
1,53,10,7,1,82
2,54,10,7,1,94
0,55,10,12,1,0
0,56,10,12,1,9
0,57,10,15,1,0
0,58,10,19,1,0
0,59,10,22,1,0
0,60,10,22,1,0
0,61,10,23,1,0
0,62,10,25,1,0
0,63,10,26,1,0
0,64,10,28,1,0
0,65,10,30,1,0
0,66,10,33,1,0
0,67,10,33,1,0
0,68,10,36,1,0
0,69,10,36,1,0
0,70,10,36,1,135
1,71,10,36,1,261
2,72,10,38,1,180
2,73,10,40,1,126
0,74,10,47,1,0
0,75,10,49,1,0
0,76,10,49,1,0
0,77,10,53,1,0
0,78,10,53,1,0
0,79,10,53,1,0
0,80,10,54,1,24
0,81,10,54,1,53
0,82,10,56,1,17
0,83,10,59,1,0
0,84,11,2,1,0
0,85,11,6,1,0
0,86,11,6,1,0
0,87,11,15,1,0
0,88,11,17,1,0
0,89,11,20,1,0
0,90,11,22,1,0
0,91,11,32,1,0
0,92,11,32,1,0
0,93,11,38,1,0
0,94,11,40,1,0
0,95,11,42,1,0
0,96,11,47,1,0
0,97,11,47,1,0
0,98,11,48,1,0
0,99,11,51,1,0
0,100,11,55,1,0
0,101,11,55,1,0
0,102,11,55,1,0
0,103,11,57,1,0
0,104,12,2,1,0
0,105,12,3,1,0
0,106,12,3,1,0
0,107,12,4,1,0
0,108,12,5,1,50
1,109,12,5,1,71
2,110,12,6,1,53
0,111,12,9,1,0
0,112,12,10,1,0
0,113,12,10,1,0
0,114,12,11,1,0
0,115,12,12,1,1
0,116,12,13,1,0
0,117,12,19,1,0
0,118,12,21,1,0
0,119,12,30,1,0
0,120,12,37,1,0
0,121,12,37,1,0
0,122,12,40,1,0
0,123,12,40,1,0
0,124,12,41,1,0
0,125,12,42,1,0
0,126,12,43,1,173
1,127,12,45,1,249
2,128,12,46,1,230
2,129,12,47,1,218
0,130,12,54,1,0
0,131,12,58,1,0
0,132,13,1,1,0
0,133,13,3,1,0
0,134,13,5,1,0
0,135,13,5,1,0
0,136,13,7,1,0
0,137,13,11,1,0
0,138,13,17,1,0
0,139,13,17,1,0
0,140,13,18,1,0
0,141,13,23,1,0
0,142,13,23,1,0
0,143,13,27,1,0
0,144,13,28,1,0
0,145,13,31,1,0
0,146,13,33,1,0
0,147,13,33,1,0
0,148,13,35,1,0
0,149,13,37,1,0
0,150,13,38,1,0
0,151,13,50,1,0
0,152,13,51,1,0
0,153,13,51,1,0
0,154,13,56,1,0
0,155,13,58,1,0
0,156,14,1,1,0
0,157,14,1,1,0
0,158,14,4,1,0
0,159,14,5,1,0
0,160,14,6,1,0
0,161,14,8,1,0
0,162,14,9,1,0
0,163,14,13,1,0
0,164,14,15,1,0
0,165,14,18,1,0
0,166,14,19,1,0
0,167,14,30,1,0
0,168,14,31,1,0
0,169,14,31,1,0
0,170,14,36,1,0
0,171,14,38,1,0
0,172,14,39,1,0
0,173,14,41,1,0
0,174,14,41,1,0
0,175,14,42,1,84
1,176,14,42,1,235
1,177,14,43,1,176
0,178,14,46,1,9
0,179,14,46,1,87
1,180,14,47,1,173
1,181,14,48,1,132
2,182,14,49,1,174
3,183,14,50,1,131
1,184,14,52,1,234
1,185,14,55,1,117
2,186,14,55,1,290
1,187,14,59,1,94
2,188,14,59,1,84
2,189,15,0,1,41
1,190,15,1,1,23
0,191,15,2,1,0
0,192,15,6,1,0
0,193,15,8,1,0
0,194,15,10,1,0
0,195,15,15,1,0
0,196,15,16,1,0
0,197,15,16,1,35
0,198,15,18,1,6
0,199,15,18,1,44
0,200,15,20,1,0
0,201,15,20,1,33
0,202,15,23,1,0
0,203,15,23,1,130
1,204,15,25,1,277
1,205,15,27,1,312
2,206,15,28,1,282
2,207,15,31,1,138
3,208,15,32,1,140
4,209,15,32,1,131
5,210,15,32,1,224
1,211,15,36,1,4
0,212,15,37,1,0
0,213,15,37,1,0
0,214,15,39,1,142
1,215,15,39,1,94
0,216,15,42,1,16
0,217,15,46,1,0
0,218,15,47,1,0
0,219,15,48,1,0
0,220,15,49,1,0
0,221,15,55,1,0
0,222,15,56,1,0
0,223,15,57,1,0
0,224,15,57,1,0
0,225,15,58,1,0
0,226,16,0,1,0
0,227,16,1,1,42
0,228,16,3,1,0
0,229,16,3,1,58
0,230,16,4,1,58
0,231,16,7,1,0
0,232,16,8,1,0
0,233,16,9,1,0
0,234,16,9,1,0
0,235,16,16,1,0
0,236,16,17,1,0
0,237,16,18,1,0
0,238,16,18,1,0
0,239,16,18,1,0
0,240,16,18,1,124
1,241,16,20,1,51
0,242,16,27,1,0
0,243,16,28,1,0
0,244,16,37,1,0
0,245,16,37,1,0
0,246,16,41,1,0
0,247,16,51,1,0
0,248,16,54,1,0
0,249,16,58,1,0
0,250,16,58,1,0
0,251,16,59,1,0
0,252,17,0,1,0
0,253,17,0,1,3
0,254,17,1,1,42
1,255,17,1,1,88
0,256,17,4,1,0
0,257,17,9,1,0
0,258,17,12,1,0
0,259,17,14,1,0
0,260,17,15,1,0
0,261,17,17,1,0
0,262,17,17,1,0
0,263,17,17,1,0
0,264,17,17,1,67
1,265,17,18,1,35
1,266,17,19,1,58
0,267,17,22,1,0
0,268,17,24,1,0
0,269,17,26,1,0
0,270,17,26,1,79
1,271,17,27,1,39
0,272,17,32,1,0
0,273,17,32,1,0
0,274,17,34,1,0
0,275,17,43,1,0
0,276,17,47,1,0
0,277,17,49,1,0
0,278,17,56,1,0
0,1,8,0,2,0
0,2,8,1,2,0
0,3,8,3,2,0
0,4,8,4,2,0
0,5,8,5,2,0
0,6,8,6,2,0
0,7,8,13,2,0
0,8,8,14,2,0
0,9,8,16,2,0
0,10,8,17,2,0
0,11,8,19,2,0
0,12,8,20,2,0
0,13,8,23,2,5
0,14,8,23,2,55
0,15,8,27,2,0
0,16,8,28,2,0
0,17,8,30,2,46
0,18,8,34,2,0
0,19,8,35,2,150
0,20,8,41,2,11
0,21,8,42,2,0
0,22,8,42,2,0
0,23,8,45,2,0
0,24,8,46,2,26
0,25,8,47,2,0
0,26,8,48,2,0
0,27,8,49,2,0
0,28,8,50,2,41
0,29,8,52,2,0
0,30,8,53,2,0
0,31,8,57,2,0
0,32,9,2,2,0
0,33,9,3,2,0
0,34,9,5,2,0
0,35,9,11,2,0
0,36,9,19,2,0
0,37,9,19,2,0
0,38,9,20,2,0
0,39,9,23,2,0
0,40,9,24,2,0
0,41,9,24,2,12
0,42,9,25,2,42
0,43,9,30,2,0
0,44,9,37,2,0
0,45,9,38,2,0
0,46,9,38,2,0
0,47,9,38,2,0
0,48,9,40,2,0
0,49,9,40,2,0
0,50,9,41,2,8
0,51,9,43,2,0
0,52,9,45,2,0
0,53,9,46,2,0
0,54,9,49,2,0
0,55,9,49,2,24
0,56,9,50,2,101
1,57,9,50,2,93
0,58,9,55,2,0
0,59,10,4,2,0
0,60,10,6,2,0
0,61,10,6,2,0
0,62,10,6,2,0
0,63,10,7,2,2
0,64,10,8,2,55
1,65,10,9,2,14
0,66,10,11,2,0
0,67,10,14,2,0
0,68,10,16,2,0
0,69,10,17,2,0
0,70,10,18,2,0
0,71,10,21,2,116
1,72,10,22,2,90
0,73,10,25,2,0
0,74,10,25,2,0
0,75,10,28,2,0
0,76,10,29,2,69
1,77,10,29,2,75
1,78,10,30,2,14
1,79,10,30,2,33
0,80,10,31,2,209
1,81,10,32,2,182
0,82,10,35,2,42
0,83,10,36,2,107
0,84,10,41,2,0
0,85,10,41,2,0
0,86,10,43,2,0
0,87,10,43,2,59
0,88,10,45,2,47
0,89,10,48,2,0
0,90,10,49,2,0
0,91,10,52,2,0
0,92,10,52,2,0
0,93,10,54,2,0
0,94,10,54,2,0
0,95,10,57,2,0
0,96,10,59,2,0
0,97,10,59,2,0
0,98,11,0,2,0
0,99,11,1,2,0
0,100,11,2,2,176
1,101,11,2,2,269
1,102,11,5,2,179
0,103,11,12,2,40
0,104,11,13,2,116
0,105,11,15,2,19
0,106,11,15,2,171
1,107,11,16,2,197
0,108,11,29,2,0
0,109,11,29,2,0
0,110,11,30,2,0
0,111,11,33,2,0
0,112,11,33,2,0
0,113,11,34,2,0
0,114,11,34,2,0
0,115,11,36,2,0
0,116,11,40,2,0
0,117,11,47,2,0
0,118,11,55,2,0
0,119,12,5,2,0
0,120,12,7,2,0
0,121,12,11,2,0
0,122,12,11,2,0
0,123,12,12,2,0
0,124,12,15,2,166
1,125,12,16,2,214
1,126,12,18,2,148
2,127,12,18,2,221
3,128,12,18,2,281
3,129,12,19,2,514
3,130,12,21,2,602
4,131,12,21,2,676
5,132,12,21,2,681
6,133,12,22,2,904
6,134,12,22,2,902
6,135,12,23,2,983
3,136,12,34,2,322
4,137,12,37,2,253
3,138,12,37,2,204
3,139,12,39,2,168
0,140,12,43,2,0
0,141,12,44,2,17
0,142,12,49,2,0
0,143,12,53,2,0
0,144,12,54,2,0
0,145,12,57,2,0
0,146,13,0,2,0
0,147,13,2,2,0
0,148,13,11,2,0
0,149,13,13,2,0
0,150,13,13,2,0
0,151,13,13,2,0
0,152,13,16,2,0
0,153,13,17,2,0
0,154,13,18,2,0
0,155,13,19,2,0
0,156,13,21,2,0
0,157,13,21,2,0
0,158,13,21,2,0
0,159,13,23,2,51
0,160,13,25,2,0
0,161,13,29,2,0
0,162,13,29,2,0
0,163,13,31,2,0
0,164,13,31,2,0
0,165,13,31,2,58
0,166,13,36,2,0
0,167,13,37,2,0
0,168,13,41,2,0
0,169,13,46,2,0
0,170,13,47,2,0
0,171,13,47,2,86
1,172,13,48,2,108
1,173,13,49,2,38
0,174,13,58,2,0
0,175,13,59,2,0
0,176,14,0,2,0
0,177,14,1,2,0
0,178,14,7,2,0
0,179,14,9,2,0
0,180,14,13,2,0
0,181,14,16,2,0
0,182,14,20,2,0
0,183,14,20,2,0
0,184,14,31,2,0
0,185,14,34,2,0
0,186,14,35,2,0
0,187,14,36,2,35
0,188,14,43,2,0
0,189,14,45,2,0
0,190,14,45,2,0
0,191,14,48,2,0
0,192,14,59,2,0
0,193,15,1,2,0
0,194,15,3,2,0
0,195,15,4,2,0
0,196,15,9,2,0
0,197,15,10,2,0
0,198,15,12,2,0
0,199,15,12,2,183
1,200,15,14,2,109
2,201,15,14,2,194
3,202,15,15,2,239
1,203,15,18,2,198
1,204,15,20,2,107
2,205,15,21,2,140
3,206,15,21,2,154
2,207,15,23,2,57
0,208,15,30,2,0
0,209,15,32,2,0
0,210,15,32,2,0
0,211,15,35,2,0
0,212,15,35,2,0
0,213,15,35,2,0
0,214,15,38,2,0
0,215,15,39,2,0
0,216,15,39,2,0
0,217,15,41,2,0
0,218,15,45,2,0
0,219,15,46,2,0
0,220,15,48,2,0
0,221,15,48,2,0
0,222,15,49,2,71
0,223,15,52,2,203
0,224,15,57,2,0
0,225,15,58,2,0
0,226,15,58,2,0
0,227,15,59,2,0
0,228,16,5,2,0
0,229,16,12,2,0
0,230,16,15,2,0
0,231,16,16,2,0
0,232,16,17,2,0
0,233,16,21,2,0
0,234,16,22,2,137
1,235,16,24,2,107
1,236,16,25,2,155
0,237,16,32,2,0
0,238,16,32,2,0
0,239,16,37,2,0
0,240,16,40,2,0
0,241,16,45,2,0
0,242,16,50,2,0
0,243,16,50,2,0
0,244,16,51,2,0
0,245,16,52,2,0
0,246,16,52,2,0
0,247,16,54,2,0
0,248,16,54,2,15
0,249,17,0,2,0
0,250,17,1,2,0
0,251,17,4,2,0
0,252,17,5,2,0
0,253,17,6,2,0
0,254,17,9,2,0
0,255,17,9,2,0
0,256,17,10,2,0
0,257,17,10,2,0
0,258,17,12,2,0
0,259,17,14,2,0
0,260,17,16,2,0
0,261,17,17,2,0
0,262,17,18,2,4
0,263,17,19,2,85
0,264,17,20,2,45
0,265,17,22,2,88
1,266,17,23,2,145
0,267,17,26,2,0
0,268,17,28,2,0
0,269,17,31,2,0
0,270,17,34,2,134
1,271,17,34,2,136
0,272,17,37,2,669
1,273,17,38,2,709
2,275,17,42,2,618
3,276,17,46,2,417
4,277,17,46,2,400
5,278,17,48,2,325
4,280,17,51,2,187
0,1,8,0,3,0
0,2,8,1,3,0
0,3,8,3,3,0
0,4,8,8,3,0
0,5,8,9,3,0
0,6,8,12,3,0
0,7,8,14,3,0
0,8,8,15,3,0
0,9,8,15,3,32
0,10,8,18,3,0
0,11,8,21,3,0
0,12,8,27,3,0
0,13,8,34,3,0
0,14,8,38,3,0
0,15,8,39,3,0
0,16,8,41,3,0
0,17,8,45,3,0
0,18,8,48,3,0
0,19,8,49,3,0
0,20,8,51,3,0
0,21,8,53,3,0
0,22,8,54,3,79
1,23,8,55,3,113
2,24,8,55,3,180
3,25,8,55,3,163
2,26,8,57,3,163
3,27,8,57,3,206
0,28,9,1,3,72
0,29,9,2,3,48
0,30,9,5,3,0
0,31,9,10,3,0
0,32,9,15,3,0
0,33,9,17,3,0
0,34,9,18,3,0
0,35,9,29,3,0
0,36,9,29,3,0
0,37,9,31,3,0
0,38,9,37,3,0
0,39,9,37,3,0
0,40,9,42,3,0
0,41,9,43,3,0
0,42,9,43,3,0
0,43,9,43,3,59
1,44,9,44,3,100
0,45,9,47,3,42
0,46,9,49,3,0
0,47,9,52,3,0
0,48,9,57,3,0
0,49,9,58,3,0
0,50,10,0,3,0
0,51,10,1,3,0
0,52,10,5,3,0
0,53,10,13,3,0
0,54,10,15,3,0
0,55,10,15,3,0
0,56,10,18,3,0
0,57,10,18,3,0
0,58,10,20,3,0
0,59,10,23,3,0
0,60,10,24,3,0
0,61,10,26,3,0
0,62,10,29,3,0
0,63,10,29,3,0
0,64,10,31,3,0
0,65,10,32,3,0
0,66,10,44,3,0
0,67,10,44,3,0
0,68,10,45,3,0
0,69,10,45,3,0
0,70,10,47,3,0
0,71,10,48,3,131
0,72,10,54,3,0
0,73,10,55,3,0
0,74,10,56,3,0
0,75,11,2,3,0
0,76,11,2,3,0
0,77,11,3,3,0
0,78,11,7,3,0
0,79,11,9,3,0
0,80,11,9,3,0
0,81,11,14,3,0
0,82,11,14,3,0
0,83,11,16,3,0
0,84,11,20,3,0
0,85,11,25,3,0
0,86,11,28,3,0
0,87,11,28,3,0
0,88,11,31,3,0
0,89,11,32,3,0
0,90,11,34,3,0
0,91,11,35,3,134
1,92,11,35,3,174
2,93,11,37,3,138
1,94,11,39,3,25
0,95,11,41,3,0
0,96,11,43,3,0
0,97,11,45,3,0
0,98,11,46,3,152
1,99,11,47,3,135
0,100,11,50,3,25
0,101,11,57,3,0
0,102,11,57,3,47
1,103,11,58,3,371
1,104,11,59,3,282
2,105,12,1,3,369
1,106,12,6,3,42
0,107,12,7,3,13
0,108,12,8,3,0
0,109,12,9,3,0
0,110,12,15,3,0
0,111,12,19,3,0
0,112,12,19,3,0
0,113,12,20,3,0
0,114,12,24,3,0
0,115,12,28,3,0
0,116,12,31,3,0
0,117,12,32,3,0
0,118,12,33,3,0
0,119,12,33,3,0
0,120,12,37,3,0
0,121,12,38,3,0
0,122,12,39,3,0
0,123,12,41,3,0
0,124,12,42,3,0
0,125,12,43,3,0
0,126,12,45,3,0
0,127,12,46,3,0
0,128,12,48,3,0
0,129,12,51,3,0
0,130,12,52,3,0
0,131,12,52,3,0
0,132,12,56,3,0
0,133,12,57,3,0
0,134,12,58,3,0
0,135,12,58,3,0
0,136,13,3,3,0
0,137,13,6,3,0
0,138,13,13,3,0
0,139,13,14,3,0
0,140,13,15,3,0
0,141,13,18,3,0
0,142,13,21,3,0
0,143,13,22,3,0
0,144,13,23,3,0
0,145,13,23,3,485
1,146,13,26,3,359
2,147,13,26,3,433
3,148,13,29,3,300
2,149,13,32,3,208
1,150,13,35,3,43
0,151,13,39,3,0
0,152,13,48,3,0
0,153,13,48,3,0
0,154,13,48,3,0
0,155,13,49,3,0
0,156,13,50,3,232
1,157,13,52,3,140
2,158,13,52,3,200
3,159,13,53,3,302
4,160,13,54,3,301
3,161,13,54,3,371
1,162,14,0,3,118
2,163,14,0,3,121
2,164,14,1,3,106
1,165,14,3,3,13
0,166,14,4,3,0
0,167,14,8,3,0
0,168,14,10,3,0
0,169,14,11,3,0
0,170,14,12,3,100
1,171,14,14,3,23
1,172,14,14,3,44
0,173,14,16,3,256
1,174,14,19,3,162
1,175,14,21,3,30
2,176,14,22,3,163
1,177,14,22,3,229
2,178,14,22,3,225
2,179,14,25,3,111
1,180,14,27,3,24
0,181,14,29,3,0
0,182,14,32,3,0
0,183,14,35,3,0
0,184,14,37,3,0
0,185,14,39,3,0
0,186,14,41,3,0
0,187,14,44,3,0
0,188,14,47,3,0
0,189,14,53,3,0
0,190,14,55,3,0
0,191,14,55,3,0
0,192,14,56,3,0
0,193,14,56,3,0
0,194,14,57,3,0
0,195,14,58,3,0
0,196,14,58,3,6
0,197,15,2,3,0
0,198,15,3,3,0
0,199,15,4,3,0
0,200,15,8,3,0
0,201,15,8,3,0
0,202,15,10,3,0
0,203,15,11,3,0
0,204,15,16,3,0
0,205,15,17,3,0
0,206,15,18,3,0
0,207,15,18,3,0
0,208,15,22,3,0
0,209,15,23,3,0
0,210,15,23,3,0
0,211,15,25,3,0
0,212,15,27,3,0
0,213,15,27,3,0
0,214,15,28,3,0
0,215,15,36,3,0
0,216,15,40,3,0
0,217,15,43,3,0
0,218,15,46,3,0
0,219,15,47,3,0
0,220,15,48,3,25
0,221,15,53,3,64
1,222,15,54,3,4
0,223,15,57,3,0
0,224,16,0,3,0
0,225,16,1,3,0
0,226,16,1,3,45
0,227,16,4,3,0
0,228,16,6,3,0
0,229,16,7,3,0
0,230,16,7,3,0
0,231,16,8,3,14
0,232,16,8,3,57
0,233,16,9,3,126
1,234,16,11,3,205
1,235,16,14,3,23
0,236,16,17,3,0
0,237,16,20,3,0
0,238,16,22,3,0
0,239,16,25,3,0
0,240,16,26,3,0
0,241,16,26,3,0
0,242,16,28,3,0
0,243,16,30,3,0
0,244,16,30,3,0
0,245,16,33,3,0
0,246,16,35,3,0
0,247,16,39,3,0
0,248,16,40,3,0
0,249,16,40,3,0
0,250,16,42,3,0
0,251,16,48,3,0
0,252,16,48,3,0
0,253,16,51,3,0
0,254,16,52,3,0
0,255,16,52,3,0
0,256,16,54,3,175
1,257,16,56,3,128
2,258,16,56,3,251
1,259,16,59,3,116
0,260,17,1,3,149
1,261,17,1,3,375
2,262,17,1,3,401
2,263,17,4,3,297
2,264,17,8,3,115
1,265,17,9,3,42
0,266,17,13,3,0
0,267,17,20,3,0
0,268,17,21,3,0
0,269,17,22,3,0
0,270,17,23,3,0
0,271,17,25,3,0
0,272,17,30,3,0
0,273,17,30,3,0
0,274,17,32,3,0
0,275,17,32,3,0
0,276,17,32,3,0
0,277,17,33,3,0
0,278,17,44,3,0
0,279,17,45,3,0
0,280,17,45,3,0
0,281,17,47,3,0
0,282,17,48,3,0
0,283,17,50,3,0
0,285,17,51,3,151
0,1,8,0,4,0
0,2,8,0,4,0
0,3,8,2,4,0
0,4,8,3,4,0
0,5,8,4,4,0
0,6,8,8,4,0
0,7,8,10,4,0
0,8,8,10,4,0
0,9,8,12,4,27
1,10,8,13,4,14
0,11,8,13,4,0
0,12,8,15,4,0
0,13,8,16,4,0
0,14,8,20,4,0
0,15,8,21,4,0
0,16,8,29,4,0
0,17,8,29,4,0
0,18,8,31,4,0
0,19,8,31,4,82
0,20,8,34,4,19
0,21,8,37,4,0
0,22,8,41,4,0
0,23,8,47,4,0
0,24,8,50,4,0
0,25,8,50,4,0
0,26,8,52,4,0
0,27,8,53,4,0
0,28,8,57,4,0
0,29,9,0,4,0
0,30,9,2,4,0
0,31,9,2,4,0
0,32,9,5,4,0
0,33,9,12,4,0
0,34,9,14,4,0
0,35,9,14,4,0
0,36,9,16,4,0
0,37,9,19,4,0
0,38,9,22,4,0
0,39,9,24,4,0
0,40,9,24,4,0
0,41,9,25,4,0
0,42,9,25,4,0
0,43,9,26,4,0
0,44,9,29,4,0
0,45,9,31,4,0
0,46,9,32,4,0
0,47,9,32,4,0
0,48,9,39,4,0
0,49,9,42,4,0
0,50,9,46,4,0
0,51,9,48,4,0
0,52,9,56,4,0
0,53,10,4,4,0
0,54,10,5,4,0
0,55,10,6,4,0
0,56,10,9,4,0
0,57,10,9,4,0
0,58,10,9,4,0
0,59,10,10,4,28
0,60,10,11,4,19
0,61,10,12,4,0
0,62,10,15,4,0
0,63,10,16,4,0
0,64,10,17,4,32
0,65,10,26,4,0
0,66,10,27,4,0
0,67,10,28,4,0
0,68,10,28,4,0
0,69,10,31,4,255
1,70,10,31,4,267
2,71,10,33,4,143
3,72,10,34,4,245
0,73,10,40,4,0
0,74,10,42,4,0
0,75,10,44,4,0
0,76,10,44,4,0
0,77,10,55,4,0
0,78,10,57,4,0
0,79,10,59,4,0
0,80,11,1,4,0
0,81,11,4,4,0
0,82,11,4,4,0
0,83,11,5,4,0
0,84,11,6,4,0
0,85,11,7,4,0
0,86,11,12,4,0
0,87,11,14,4,0
0,88,11,15,4,0
0,89,11,15,4,0
0,90,11,16,4,0
0,91,11,17,4,0
0,92,11,17,4,0
0,93,11,17,4,36
0,94,11,19,4,0
0,95,11,22,4,0
0,96,11,23,4,0
0,97,11,28,4,0
0,98,11,31,4,0
0,99,11,33,4,0
0,100,11,33,4,18
0,101,11,45,4,0
0,102,11,49,4,0
0,103,11,53,4,0
0,104,11,53,4,0
0,105,11,54,4,0
0,106,11,59,4,0
0,107,12,0,4,0
0,108,12,1,4,0
0,109,12,1,4,0
0,110,12,2,4,0
0,111,12,4,4,0
0,112,12,6,4,0
0,113,12,7,4,0
0,114,12,9,4,0
0,115,12,11,4,0
0,116,12,17,4,0
0,117,12,18,4,0
0,118,12,23,4,0
0,119,12,26,4,0
0,120,12,26,4,0
0,121,12,27,4,0
0,122,12,28,4,0
0,123,12,28,4,288
0,124,12,34,4,96
1,125,12,35,4,76
1,126,12,36,4,41
0,127,12,37,4,0
0,128,12,38,4,1
0,129,12,38,4,4
1,130,12,38,4,154
1,131,12,39,4,128
0,132,12,41,4,3
0,133,12,41,4,103
1,134,12,41,4,175
1,135,12,44,4,54
0,136,12,45,4,359
1,137,12,46,4,387
1,138,12,52,4,133
2,139,12,52,4,174
3,140,12,52,4,215
3,141,12,53,4,205
3,142,12,54,4,189
1,143,12,57,4,62
0,144,13,3,4,0
0,145,13,5,4,0
0,146,13,19,4,0
0,147,13,21,4,0
0,148,13,28,4,0
0,149,13,28,4,0
0,150,13,30,4,0
0,151,13,36,4,0
0,152,13,37,4,0
0,153,13,38,4,16
0,154,13,39,4,23
0,155,13,40,4,0
0,156,13,40,4,243
1,157,13,42,4,175
2,158,13,43,4,240
3,159,13,44,4,430
2,160,13,46,4,462
2,161,13,48,4,388
3,162,13,48,4,396
4,163,13,49,4,393
4,164,13,52,4,444
5,165,13,53,4,384
6,166,13,53,4,492
3,167,13,57,4,295
4,168,13,57,4,283
5,169,13,58,4,341
4,170,14,0,4,231
5,171,14,1,4,204
4,172,14,2,4,376
3,173,14,4,4,285
2,174,14,7,4,141
0,175,14,9,4,0
0,176,14,10,4,74
1,177,14,11,4,68
0,178,14,12,4,119
0,179,14,18,4,0
0,180,14,18,4,0
0,181,14,18,4,84
1,182,14,20,4,57
1,183,14,21,4,53
0,184,14,22,4,0
0,185,14,28,4,0
0,186,14,29,4,0
0,187,14,30,4,0
0,188,14,35,4,0
0,189,14,38,4,0
0,190,14,41,4,0
0,191,14,46,4,0
0,192,14,48,4,0
0,193,14,55,4,0
0,194,14,58,4,0
0,195,14,58,4,0
0,196,14,59,4,0
0,197,15,9,4,0
0,198,15,12,4,0
0,199,15,13,4,0
0,200,15,13,4,0
0,201,15,15,4,0
0,202,15,18,4,0
0,203,15,18,4,0
0,204,15,21,4,0
0,205,15,25,4,0
0,206,15,30,4,0
0,207,15,34,4,0
0,208,15,36,4,0
0,209,15,40,4,0
0,210,15,42,4,0
0,211,15,45,4,0
0,212,15,45,4,34
0,213,15,46,4,7
0,214,15,48,4,0
0,215,15,49,4,0
0,216,15,53,4,0
0,217,15,53,4,0
0,218,15,56,4,0
0,219,15,56,4,0
0,220,15,57,4,0
0,221,15,58,4,81
1,222,15,58,4,234
2,223,15,58,4,231
3,224,15,59,4,268
0,225,16,6,4,12
0,226,16,10,4,0
0,227,16,11,4,0
0,228,16,11,4,0
0,229,16,13,4,0
0,230,16,14,4,0
0,231,16,18,4,0
0,232,16,22,4,0
0,233,16,27,4,0
0,234,16,30,4,0
0,235,16,33,4,0
0,236,16,37,4,0
0,237,16,37,4,0
0,238,16,38,4,0
0,239,16,40,4,0
0,240,16,41,4,0
0,241,16,46,4,0
0,242,16,47,4,0
0,243,16,49,4,0
0,244,16,51,4,0
0,245,16,55,4,0
0,246,16,56,4,0
0,247,17,2,4,0
0,248,17,2,4,0
0,249,17,5,4,0
0,250,17,6,4,0
0,251,17,16,4,0
0,252,17,18,4,0
0,253,17,18,4,0
0,254,17,19,4,0
0,255,17,19,4,27
0,256,17,21,4,0
0,257,17,25,4,0
0,258,17,28,4,0
0,259,17,34,4,0
0,260,17,35,4,0
0,261,17,36,4,0
0,262,17,37,4,0
0,263,17,44,4,0
0,264,17,44,4,0
0,265,17,46,4,0
0,266,17,47,4,0
0,267,17,50,4,0
0,268,17,50,4,0
0,269,17,51,4,0
0,270,17,53,4,76
0,274,17,58,4,0
